---
-- #%L
-- Tesora Inc.
-- Database Virtualization Engine
-- %%
-- Copyright (C) 2011 - 2014 Tesora Inc.
-- %%
-- This program is free software: you can redistribute it and/or modify
-- it under the terms of the GNU Affero General Public License, version 3,
-- as published by the Free Software Foundation.
-- 
-- This program is distributed in the hope that it will be useful,
-- but WITHOUT ANY WARRANTY; without even the implied warranty of
-- MERCHANTABILITY or FITNESS FOR A PARTICULAR PURPOSE. See the
-- GNU Affero General Public License for more details.
-- 
-- You should have received a copy of the GNU Affero General Public License
-- along with this program. If not, see <http://www.gnu.org/licenses/>.
-- #L%
---
INSERT INTO `user_database` (`user_database_id`, `default_character_set_name`, `default_collation_name`, `multitenant_mode`, `name`, `default_group_id`, `fk_mode`) VALUES (1, 'utf8', 'utf8_general_ci', 'off', 'INFORMATION_SCHEMA', 1001, 'strict');
INSERT INTO `user_database` (`user_database_id`, `default_character_set_name`, `default_collation_name`, `multitenant_mode`, `name`, `default_group_id`, `fk_mode`) VALUES (2, 'utf8', 'utf8_general_ci', 'off', 'mysql', 1001, 'strict');
INSERT INTO `user_table` (`table_id`, `name`, `distribution_model_id`, `persistent_group_id`, `user_database_id`, `engine`) VALUES (3, 'tables', 2002, 1001, 1, 'MEMORY');
INSERT INTO `user_table` (`table_id`, `name`, `distribution_model_id`, `persistent_group_id`, `user_database_id`, `engine`) VALUES (4, 'range_distribution', 2002, 1001, 1, 'MEMORY');
INSERT INTO `user_table` (`table_id`, `name`, `distribution_model_id`, `persistent_group_id`, `user_database_id`, `engine`) VALUES (5, 'group_provider', 2002, 1001, 1, 'MEMORY');
INSERT INTO `user_table` (`table_id`, `name`, `distribution_model_id`, `persistent_group_id`, `user_database_id`, `engine`) VALUES (6, 'storage_group', 2002, 1001, 1, 'MEMORY');
INSERT INTO `user_table` (`table_id`, `name`, `distribution_model_id`, `persistent_group_id`, `user_database_id`, `engine`) VALUES (7, 'storage_site', 2002, 1001, 1, 'MEMORY');
INSERT INTO `user_table` (`table_id`, `name`, `distribution_model_id`, `persistent_group_id`, `user_database_id`, `engine`) VALUES (8, 'tenant', 2002, 1001, 1, 'MEMORY');
INSERT INTO `user_table` (`table_id`, `name`, `distribution_model_id`, `persistent_group_id`, `user_database_id`, `engine`) VALUES (9, 'columns', 2002, 1001, 1, 'MEMORY');
INSERT INTO `user_table` (`table_id`, `name`, `distribution_model_id`, `persistent_group_id`, `user_database_id`, `engine`) VALUES (10, 'storage_generation', 2002, 1001, 1, 'MEMORY');
INSERT INTO `user_table` (`table_id`, `name`, `distribution_model_id`, `persistent_group_id`, `user_database_id`, `engine`) VALUES (11, 'distribution_model', 2002, 1001, 1, 'MEMORY');
INSERT INTO `user_table` (`table_id`, `name`, `distribution_model_id`, `persistent_group_id`, `user_database_id`, `engine`) VALUES (12, 'site_instance', 2002, 1001, 1, 'MEMORY');
INSERT INTO `user_table` (`table_id`, `name`, `distribution_model_id`, `persistent_group_id`, `user_database_id`, `engine`) VALUES (13, 'external_service', 2002, 1001, 1, 'MEMORY');
INSERT INTO `user_table` (`table_id`, `name`, `distribution_model_id`, `persistent_group_id`, `user_database_id`, `engine`) VALUES (14, 'container', 2002, 1001, 1, 'MEMORY');
INSERT INTO `user_table` (`table_id`, `name`, `distribution_model_id`, `persistent_group_id`, `user_database_id`, `engine`) VALUES (15, 'character_sets', 2002, 1001, 1, 'MEMORY');
INSERT INTO `user_table` (`table_id`, `name`, `distribution_model_id`, `persistent_group_id`, `user_database_id`, `engine`) VALUES (16, 'engines', 2002, 1001, 1, 'MEMORY');
INSERT INTO `user_table` (`table_id`, `name`, `distribution_model_id`, `persistent_group_id`, `user_database_id`, `engine`) VALUES (17, 'templates', 2002, 1001, 1, 'MEMORY');
INSERT INTO `user_table` (`table_id`, `name`, `distribution_model_id`, `persistent_group_id`, `user_database_id`, `engine`) VALUES (18, 'server', 2002, 1001, 1, 'MEMORY');
INSERT INTO `user_table` (`table_id`, `name`, `distribution_model_id`, `persistent_group_id`, `user_database_id`, `engine`) VALUES (19, 'generation_site', 2002, 1001, 1, 'MEMORY');
INSERT INTO `user_table` (`table_id`, `name`, `distribution_model_id`, `persistent_group_id`, `user_database_id`, `engine`) VALUES (20, 'files', 2002, 1001, 1, 'MEMORY');
INSERT INTO `user_table` (`table_id`, `name`, `distribution_model_id`, `persistent_group_id`, `user_database_id`, `engine`) VALUES (21, 'partitions', 2002, 1001, 1, 'MEMORY');
INSERT INTO `user_table` (`table_id`, `name`, `distribution_model_id`, `persistent_group_id`, `user_database_id`, `engine`) VALUES (22, 'collations', 2002, 1001, 1, 'MEMORY');
INSERT INTO `user_table` (`table_id`, `name`, `distribution_model_id`, `persistent_group_id`, `user_database_id`, `engine`) VALUES (23, 'routines', 2002, 1001, 1, 'MEMORY');
INSERT INTO `user_table` (`table_id`, `name`, `distribution_model_id`, `persistent_group_id`, `user_database_id`, `engine`) VALUES (24, 'events', 2002, 1001, 1, 'MEMORY');
INSERT INTO `user_table` (`table_id`, `name`, `distribution_model_id`, `persistent_group_id`, `user_database_id`, `engine`) VALUES (25, 'referential_constraints', 2002, 1001, 1, 'MEMORY');
INSERT INTO `user_table` (`table_id`, `name`, `distribution_model_id`, `persistent_group_id`, `user_database_id`, `engine`) VALUES (26, 'key_column_usage', 2002, 1001, 1, 'MEMORY');
INSERT INTO `user_table` (`table_id`, `name`, `distribution_model_id`, `persistent_group_id`, `user_database_id`, `engine`) VALUES (27, 'table_constraints', 2002, 1001, 1, 'MEMORY');
INSERT INTO `user_table` (`table_id`, `name`, `distribution_model_id`, `persistent_group_id`, `user_database_id`, `engine`) VALUES (28, 'schemata', 2002, 1001, 1, 'MEMORY');
INSERT INTO `user_table` (`table_id`, `name`, `distribution_model_id`, `persistent_group_id`, `user_database_id`, `engine`) VALUES (29, 'distributions', 2002, 1001, 1, 'MEMORY');
INSERT INTO `user_table` (`table_id`, `name`, `distribution_model_id`, `persistent_group_id`, `user_database_id`, `engine`) VALUES (30, 'user', 2002, 1001, 2, 'MEMORY');
INSERT INTO `user_table` (`table_id`, `name`, `distribution_model_id`, `persistent_group_id`, `user_database_id`, `engine`) VALUES (31, 'db', 2002, 1001, 2, 'MEMORY');
INSERT INTO `user_column` (`user_column_id`, `auto_generated`, `data_type`, `default_value_is_constant`, `has_default_value`, `name`, `native_type_name`, `nullable`, `on_update`, `order_in_table`, `prec`, `scale`, `size`, `cdv`, `hash_position`, `user_table_id`) VALUES (32, 0, 12, 1, 0, 'table_name', 'varchar', 0, 0, 1, 0, 0, 255, 0, 0, 3);
INSERT INTO `user_column` (`user_column_id`, `auto_generated`, `data_type`, `default_value_is_constant`, `has_default_value`, `name`, `native_type_name`, `nullable`, `on_update`, `order_in_table`, `prec`, `scale`, `size`, `cdv`, `hash_position`, `user_table_id`) VALUES (33, 0, 12, 1, 0, 'distribution_model', 'varchar', 1, 0, 2, 0, 0, 255, 0, 0, 3);
INSERT INTO `user_column` (`user_column_id`, `auto_generated`, `data_type`, `default_value_is_constant`, `has_default_value`, `name`, `native_type_name`, `nullable`, `on_update`, `order_in_table`, `prec`, `scale`, `size`, `cdv`, `hash_position`, `user_table_id`) VALUES (34, 0, 12, 1, 0, 'storage_group', 'varchar', 1, 0, 3, 0, 0, 255, 0, 0, 3);
INSERT INTO `user_column` (`user_column_id`, `auto_generated`, `data_type`, `default_value_is_constant`, `has_default_value`, `name`, `native_type_name`, `nullable`, `on_update`, `order_in_table`, `prec`, `scale`, `size`, `cdv`, `hash_position`, `user_table_id`) VALUES (35, 0, 12, 1, 0, 'table_schema', 'varchar', 1, 0, 4, 0, 0, 255, 0, 0, 3);
INSERT INTO `user_column` (`user_column_id`, `auto_generated`, `data_type`, `default_value_is_constant`, `has_default_value`, `name`, `native_type_name`, `nullable`, `on_update`, `order_in_table`, `prec`, `scale`, `size`, `cdv`, `hash_position`, `user_table_id`) VALUES (36, 0, 12, 1, 0, 'engine', 'varchar', 0, 0, 5, 0, 0, 255, 0, 0, 3);
INSERT INTO `user_column` (`user_column_id`, `auto_generated`, `data_type`, `default_value_is_constant`, `has_default_value`, `name`, `native_type_name`, `nullable`, `on_update`, `order_in_table`, `prec`, `scale`, `size`, `cdv`, `hash_position`, `user_table_id`) VALUES (37, 0, 12, 1, 0, 'row_format', 'varchar', 1, 0, 6, 0, 0, 10, 0, 0, 3);
INSERT INTO `user_column` (`user_column_id`, `auto_generated`, `data_type`, `default_value_is_constant`, `has_default_value`, `name`, `native_type_name`, `nullable`, `on_update`, `order_in_table`, `prec`, `scale`, `size`, `cdv`, `hash_position`, `user_table_id`) VALUES (38, 0, 12, 1, 0, 'table_collation', 'varchar', 1, 0, 7, 0, 0, 255, 0, 0, 3);
INSERT INTO `user_column` (`user_column_id`, `auto_generated`, `data_type`, `default_value_is_constant`, `has_default_value`, `name`, `native_type_name`, `nullable`, `on_update`, `order_in_table`, `prec`, `scale`, `size`, `cdv`, `hash_position`, `user_table_id`) VALUES (39, 0, 12, 1, 0, 'create_options', 'varchar', 1, 0, 8, 0, 0, 255, 0, 0, 3);
INSERT INTO `user_column` (`user_column_id`, `auto_generated`, `data_type`, `default_value_is_constant`, `has_default_value`, `name`, `native_type_name`, `nullable`, `on_update`, `order_in_table`, `prec`, `scale`, `size`, `cdv`, `hash_position`, `user_table_id`) VALUES (40, 0, 12, 1, 0, 'table_comment', 'varchar', 1, 0, 9, 0, 0, 255, 0, 0, 3);
INSERT INTO `user_column` (`user_column_id`, `auto_generated`, `data_type`, `default_value_is_constant`, `has_default_value`, `name`, `native_type_name`, `nullable`, `on_update`, `order_in_table`, `prec`, `scale`, `size`, `cdv`, `hash_position`, `user_table_id`) VALUES (41, 0, 12, 1, 0, 'name', 'varchar', 0, 0, 1, 0, 0, 255, 0, 0, 4);
INSERT INTO `user_column` (`user_column_id`, `auto_generated`, `data_type`, `default_value_is_constant`, `has_default_value`, `name`, `native_type_name`, `nullable`, `on_update`, `order_in_table`, `prec`, `scale`, `size`, `cdv`, `hash_position`, `user_table_id`) VALUES (42, 0, 12, 1, 0, 'storage_group', 'varchar', 1, 0, 2, 0, 0, 255, 0, 0, 4);
INSERT INTO `user_column` (`user_column_id`, `auto_generated`, `data_type`, `default_value_is_constant`, `has_default_value`, `name`, `native_type_name`, `nullable`, `on_update`, `order_in_table`, `prec`, `scale`, `size`, `cdv`, `hash_position`, `user_table_id`) VALUES (43, 0, 12, 1, 0, 'signature', 'varchar', 0, 0, 3, 0, 0, 255, 0, 0, 4);
INSERT INTO `user_column` (`user_column_id`, `auto_generated`, `data_type`, `default_value_is_constant`, `has_default_value`, `name`, `native_type_name`, `nullable`, `on_update`, `order_in_table`, `prec`, `scale`, `size`, `cdv`, `hash_position`, `user_table_id`) VALUES (44, 0, 12, 1, 0, 'name', 'varchar', 0, 0, 1, 0, 0, 255, 0, 0, 5);
INSERT INTO `user_column` (`user_column_id`, `auto_generated`, `data_type`, `default_value_is_constant`, `has_default_value`, `name`, `native_type_name`, `nullable`, `on_update`, `order_in_table`, `prec`, `scale`, `size`, `cdv`, `hash_position`, `user_table_id`) VALUES (45, 0, 12, 1, 0, 'plugin', 'varchar', 0, 0, 2, 0, 0, 255, 0, 0, 5);
INSERT INTO `user_column` (`user_column_id`, `auto_generated`, `data_type`, `default_value_is_constant`, `has_default_value`, `name`, `native_type_name`, `nullable`, `on_update`, `order_in_table`, `prec`, `scale`, `size`, `cdv`, `hash_position`, `user_table_id`) VALUES (46, 0, 12, 1, 0, 'enabled', 'varchar', 0, 0, 3, 0, 0, 8, 0, 0, 5);
INSERT INTO `user_column` (`user_column_id`, `auto_generated`, `data_type`, `default_value_is_constant`, `has_default_value`, `name`, `native_type_name`, `nullable`, `on_update`, `order_in_table`, `prec`, `scale`, `size`, `cdv`, `hash_position`, `user_table_id`) VALUES (47, 0, 12, 1, 0, 'name', 'varchar', 0, 0, 1, 0, 0, 255, 0, 0, 6);
INSERT INTO `user_column` (`user_column_id`, `auto_generated`, `data_type`, `default_value_is_constant`, `has_default_value`, `name`, `native_type_name`, `nullable`, `on_update`, `order_in_table`, `prec`, `scale`, `size`, `cdv`, `hash_position`, `user_table_id`) VALUES (48, 0, 4, 1, 0, 'last_generation', 'integer', 0, 0, 2, 0, 0, 0, 0, 0, 6);
INSERT INTO `user_column` (`user_column_id`, `auto_generated`, `data_type`, `default_value_is_constant`, `has_default_value`, `name`, `native_type_name`, `nullable`, `on_update`, `order_in_table`, `prec`, `scale`, `size`, `cdv`, `hash_position`, `user_table_id`) VALUES (49, 0, 12, 1, 0, 'name', 'varchar', 0, 0, 1, 0, 0, 255, 0, 0, 7);
INSERT INTO `user_column` (`user_column_id`, `auto_generated`, `data_type`, `default_value_is_constant`, `has_default_value`, `name`, `native_type_name`, `nullable`, `on_update`, `order_in_table`, `prec`, `scale`, `size`, `cdv`, `hash_position`, `user_table_id`) VALUES (50, 0, 12, 1, 0, 'haType', 'varchar', 0, 0, 2, 0, 0, 25, 0, 0, 7);
INSERT INTO `user_column` (`user_column_id`, `auto_generated`, `data_type`, `default_value_is_constant`, `has_default_value`, `name`, `native_type_name`, `nullable`, `on_update`, `order_in_table`, `prec`, `scale`, `size`, `cdv`, `hash_position`, `user_table_id`) VALUES (51, 0, 12, 1, 0, 'master', 'varchar', 0, 0, 3, 0, 0, 255, 0, 0, 7);
INSERT INTO `user_column` (`user_column_id`, `auto_generated`, `data_type`, `default_value_is_constant`, `has_default_value`, `name`, `native_type_name`, `nullable`, `on_update`, `order_in_table`, `prec`, `scale`, `size`, `cdv`, `hash_position`, `user_table_id`) VALUES (52, 0, 12, 1, 0, 'name', 'varchar', 0, 0, 1, 0, 0, 255, 0, 0, 8);
INSERT INTO `user_column` (`user_column_id`, `auto_generated`, `data_type`, `default_value_is_constant`, `has_default_value`, `name`, `native_type_name`, `nullable`, `on_update`, `order_in_table`, `prec`, `scale`, `size`, `cdv`, `hash_position`, `user_table_id`) VALUES (53, 0, 12, 1, 0, 'database', 'varchar', 1, 0, 2, 0, 0, 255, 0, 0, 8);
INSERT INTO `user_column` (`user_column_id`, `auto_generated`, `data_type`, `default_value_is_constant`, `has_default_value`, `name`, `native_type_name`, `nullable`, `on_update`, `order_in_table`, `prec`, `scale`, `size`, `cdv`, `hash_position`, `user_table_id`) VALUES (54, 0, 12, 1, 0, 'suspended', 'varchar', 1, 0, 3, 0, 0, 8, 0, 0, 8);
INSERT INTO `user_column` (`user_column_id`, `auto_generated`, `data_type`, `default_value_is_constant`, `has_default_value`, `name`, `native_type_name`, `nullable`, `on_update`, `order_in_table`, `prec`, `scale`, `size`, `cdv`, `hash_position`, `user_table_id`) VALUES (55, 0, 12, 1, 0, 'description', 'varchar', 1, 0, 4, 0, 0, 255, 0, 0, 8);
INSERT INTO `user_column` (`user_column_id`, `auto_generated`, `data_type`, `default_value_is_constant`, `has_default_value`, `name`, `native_type_name`, `nullable`, `on_update`, `order_in_table`, `prec`, `scale`, `size`, `cdv`, `hash_position`, `user_table_id`) VALUES (56, 0, 4, 1, 0, 'id', 'integer', 1, 0, 5, 0, 0, 0, 0, 0, 8);
INSERT INTO `user_column` (`user_column_id`, `auto_generated`, `data_type`, `default_value_is_constant`, `has_default_value`, `name`, `native_type_name`, `nullable`, `on_update`, `order_in_table`, `prec`, `scale`, `size`, `cdv`, `hash_position`, `user_table_id`) VALUES (57, 0, 12, 1, 0, 'table_name', 'varchar', 1, 0, 1, 0, 0, 255, 0, 0, 9);
INSERT INTO `user_column` (`user_column_id`, `auto_generated`, `data_type`, `default_value_is_constant`, `has_default_value`, `name`, `native_type_name`, `nullable`, `on_update`, `order_in_table`, `prec`, `scale`, `size`, `cdv`, `hash_position`, `user_table_id`) VALUES (58, 0, 12, 1, 0, 'column_name', 'varchar', 0, 0, 2, 0, 0, 255, 0, 0, 9);
INSERT INTO `user_column` (`user_column_id`, `auto_generated`, `data_type`, `default_value_is_constant`, `has_default_value`, `name`, `native_type_name`, `nullable`, `on_update`, `order_in_table`, `prec`, `scale`, `size`, `cdv`, `hash_position`, `user_table_id`) VALUES (59, 0, 4, 1, 0, 'ordinal_position', 'integer', 0, 0, 3, 0, 0, 10, 0, 0, 9);
INSERT INTO `user_column` (`user_column_id`, `auto_generated`, `data_type`, `default_value_is_constant`, `has_default_value`, `name`, `native_type_name`, `nullable`, `on_update`, `order_in_table`, `prec`, `scale`, `size`, `cdv`, `hash_position`, `user_table_id`) VALUES (60, 0, 12, 1, 0, 'column_default', 'varchar', 0, 0, 4, 0, 0, 255, 0, 0, 9);
INSERT INTO `user_column` (`user_column_id`, `auto_generated`, `data_type`, `default_value_is_constant`, `has_default_value`, `name`, `native_type_name`, `nullable`, `on_update`, `order_in_table`, `prec`, `scale`, `size`, `cdv`, `hash_position`, `user_table_id`) VALUES (61, 0, 12, 1, 0, 'is_nullable', 'varchar', 0, 0, 5, 0, 0, 8, 0, 0, 9);
INSERT INTO `user_column` (`user_column_id`, `auto_generated`, `data_type`, `default_value_is_constant`, `has_default_value`, `name`, `native_type_name`, `nullable`, `on_update`, `order_in_table`, `prec`, `scale`, `size`, `cdv`, `hash_position`, `user_table_id`) VALUES (62, 0, 12, 1, 0, 'data_type', 'varchar', 0, 0, 6, 0, 0, 255, 0, 0, 9);
INSERT INTO `user_column` (`user_column_id`, `auto_generated`, `data_type`, `default_value_is_constant`, `has_default_value`, `name`, `native_type_name`, `nullable`, `on_update`, `order_in_table`, `prec`, `scale`, `size`, `cdv`, `hash_position`, `user_table_id`) VALUES (63, 0, 4, 1, 0, 'character_maximum_length', 'integer', 0, 0, 7, 0, 0, 0, 0, 0, 9);
INSERT INTO `user_column` (`user_column_id`, `auto_generated`, `data_type`, `default_value_is_constant`, `has_default_value`, `name`, `native_type_name`, `nullable`, `on_update`, `order_in_table`, `prec`, `scale`, `size`, `cdv`, `hash_position`, `user_table_id`) VALUES (64, 0, 4, 1, 0, 'numeric_precision', 'integer', 0, 0, 8, 0, 0, 0, 0, 0, 9);
INSERT INTO `user_column` (`user_column_id`, `auto_generated`, `data_type`, `default_value_is_constant`, `has_default_value`, `name`, `native_type_name`, `nullable`, `on_update`, `order_in_table`, `prec`, `scale`, `size`, `cdv`, `hash_position`, `user_table_id`) VALUES (65, 0, 4, 1, 0, 'numeric_scale', 'integer', 0, 0, 9, 0, 0, 0, 0, 0, 9);
INSERT INTO `user_column` (`user_column_id`, `auto_generated`, `data_type`, `default_value_is_constant`, `has_default_value`, `name`, `native_type_name`, `nullable`, `on_update`, `order_in_table`, `prec`, `scale`, `size`, `cdv`, `hash_position`, `user_table_id`) VALUES (66, 0, 12, 1, 0, 'character_set_name', 'varchar', 1, 0, 10, 0, 0, 255, 0, 0, 9);
INSERT INTO `user_column` (`user_column_id`, `auto_generated`, `data_type`, `default_value_is_constant`, `has_default_value`, `name`, `native_type_name`, `nullable`, `on_update`, `order_in_table`, `prec`, `scale`, `size`, `cdv`, `hash_position`, `user_table_id`) VALUES (67, 0, 12, 1, 0, 'collation_name', 'varchar', 1, 0, 11, 0, 0, 255, 0, 0, 9);
INSERT INTO `user_column` (`user_column_id`, `auto_generated`, `data_type`, `default_value_is_constant`, `has_default_value`, `name`, `native_type_name`, `nullable`, `on_update`, `order_in_table`, `prec`, `scale`, `size`, `cdv`, `hash_position`, `user_table_id`) VALUES (68, 0, 12, 1, 0, 'extra', 'varchar', 0, 0, 12, 0, 0, 255, 0, 0, 9);
INSERT INTO `user_column` (`user_column_id`, `auto_generated`, `data_type`, `default_value_is_constant`, `has_default_value`, `name`, `native_type_name`, `nullable`, `on_update`, `order_in_table`, `prec`, `scale`, `size`, `cdv`, `hash_position`, `user_table_id`) VALUES (69, 0, 12, 1, 0, 'is_autogenerated', 'varchar', 0, 0, 13, 0, 0, 8, 0, 0, 9);
INSERT INTO `user_column` (`user_column_id`, `auto_generated`, `data_type`, `default_value_is_constant`, `has_default_value`, `name`, `native_type_name`, `nullable`, `on_update`, `order_in_table`, `prec`, `scale`, `size`, `cdv`, `hash_position`, `user_table_id`) VALUES (70, 0, 4, 1, 0, 'java_sql_type', 'integer', 0, 0, 14, 0, 0, 10, 0, 0, 9);
INSERT INTO `user_column` (`user_column_id`, `auto_generated`, `data_type`, `default_value_is_constant`, `has_default_value`, `name`, `native_type_name`, `nullable`, `on_update`, `order_in_table`, `prec`, `scale`, `size`, `cdv`, `hash_position`, `user_table_id`) VALUES (71, 0, 12, 1, 0, 'native_type_name', 'varchar', 0, 0, 15, 0, 0, 255, 0, 0, 9);
INSERT INTO `user_column` (`user_column_id`, `auto_generated`, `data_type`, `default_value_is_constant`, `has_default_value`, `name`, `native_type_name`, `nullable`, `on_update`, `order_in_table`, `prec`, `scale`, `size`, `cdv`, `hash_position`, `user_table_id`) VALUES (72, 0, 12, 1, 0, 'column_comment', 'varchar', 1, 0, 16, 0, 0, 255, 0, 0, 9);
INSERT INTO `user_column` (`user_column_id`, `auto_generated`, `data_type`, `default_value_is_constant`, `has_default_value`, `name`, `native_type_name`, `nullable`, `on_update`, `order_in_table`, `prec`, `scale`, `size`, `cdv`, `hash_position`, `user_table_id`) VALUES (73, 0, 4, 1, 0, 'id', 'integer', 1, 0, 1, 0, 0, 3, 0, 0, 10);
INSERT INTO `user_column` (`user_column_id`, `auto_generated`, `data_type`, `default_value_is_constant`, `has_default_value`, `name`, `native_type_name`, `nullable`, `on_update`, `order_in_table`, `prec`, `scale`, `size`, `cdv`, `hash_position`, `user_table_id`) VALUES (74, 0, 12, 1, 0, 'storage_group', 'varchar', 0, 0, 2, 0, 0, 255, 0, 0, 10);
INSERT INTO `user_column` (`user_column_id`, `auto_generated`, `data_type`, `default_value_is_constant`, `has_default_value`, `name`, `native_type_name`, `nullable`, `on_update`, `order_in_table`, `prec`, `scale`, `size`, `cdv`, `hash_position`, `user_table_id`) VALUES (75, 0, 4, 1, 0, 'version', 'integer', 0, 0, 3, 0, 0, 3, 0, 0, 10);
INSERT INTO `user_column` (`user_column_id`, `auto_generated`, `data_type`, `default_value_is_constant`, `has_default_value`, `name`, `native_type_name`, `nullable`, `on_update`, `order_in_table`, `prec`, `scale`, `size`, `cdv`, `hash_position`, `user_table_id`) VALUES (76, 0, 12, 1, 0, 'locked', 'varchar', 0, 0, 4, 0, 0, 8, 0, 0, 10);
INSERT INTO `user_column` (`user_column_id`, `auto_generated`, `data_type`, `default_value_is_constant`, `has_default_value`, `name`, `native_type_name`, `nullable`, `on_update`, `order_in_table`, `prec`, `scale`, `size`, `cdv`, `hash_position`, `user_table_id`) VALUES (77, 0, 12, 1, 0, 'name', 'varchar', 1, 0, 1, 0, 0, 255, 0, 0, 11);
INSERT INTO `user_column` (`user_column_id`, `auto_generated`, `data_type`, `default_value_is_constant`, `has_default_value`, `name`, `native_type_name`, `nullable`, `on_update`, `order_in_table`, `prec`, `scale`, `size`, `cdv`, `hash_position`, `user_table_id`) VALUES (78, 0, 12, 1, 0, 'name', 'varchar', 0, 0, 1, 0, 0, 255, 0, 0, 12);
INSERT INTO `user_column` (`user_column_id`, `auto_generated`, `data_type`, `default_value_is_constant`, `has_default_value`, `name`, `native_type_name`, `nullable`, `on_update`, `order_in_table`, `prec`, `scale`, `size`, `cdv`, `hash_position`, `user_table_id`) VALUES (79, 0, 12, 1, 0, 'storage_site', 'varchar', 1, 0, 2, 0, 0, 255, 0, 0, 12);
INSERT INTO `user_column` (`user_column_id`, `auto_generated`, `data_type`, `default_value_is_constant`, `has_default_value`, `name`, `native_type_name`, `nullable`, `on_update`, `order_in_table`, `prec`, `scale`, `size`, `cdv`, `hash_position`, `user_table_id`) VALUES (80, 0, 12, 1, 0, 'instance_url', 'varchar', 0, 0, 3, 0, 0, 255, 0, 0, 12);
INSERT INTO `user_column` (`user_column_id`, `auto_generated`, `data_type`, `default_value_is_constant`, `has_default_value`, `name`, `native_type_name`, `nullable`, `on_update`, `order_in_table`, `prec`, `scale`, `size`, `cdv`, `hash_position`, `user_table_id`) VALUES (81, 0, 12, 1, 0, 'is_master', 'varchar', 0, 0, 4, 0, 0, 8, 0, 0, 12);
INSERT INTO `user_column` (`user_column_id`, `auto_generated`, `data_type`, `default_value_is_constant`, `has_default_value`, `name`, `native_type_name`, `nullable`, `on_update`, `order_in_table`, `prec`, `scale`, `size`, `cdv`, `hash_position`, `user_table_id`) VALUES (82, 0, 12, 1, 0, 'status', 'varchar', 0, 0, 5, 0, 0, 0, 0, 0, 12);
INSERT INTO `user_column` (`user_column_id`, `auto_generated`, `data_type`, `default_value_is_constant`, `has_default_value`, `name`, `native_type_name`, `nullable`, `on_update`, `order_in_table`, `prec`, `scale`, `size`, `cdv`, `hash_position`, `user_table_id`) VALUES (83, 0, 12, 1, 0, 'name', 'varchar', 0, 0, 1, 0, 0, 255, 0, 0, 13);
INSERT INTO `user_column` (`user_column_id`, `auto_generated`, `data_type`, `default_value_is_constant`, `has_default_value`, `name`, `native_type_name`, `nullable`, `on_update`, `order_in_table`, `prec`, `scale`, `size`, `cdv`, `hash_position`, `user_table_id`) VALUES (84, 0, 12, 1, 0, 'plugin', 'varchar', 0, 0, 2, 0, 0, 255, 0, 0, 13);
INSERT INTO `user_column` (`user_column_id`, `auto_generated`, `data_type`, `default_value_is_constant`, `has_default_value`, `name`, `native_type_name`, `nullable`, `on_update`, `order_in_table`, `prec`, `scale`, `size`, `cdv`, `hash_position`, `user_table_id`) VALUES (85, 0, 12, 1, 0, 'auto_start', 'varchar', 0, 0, 3, 0, 0, 8, 0, 0, 13);
INSERT INTO `user_column` (`user_column_id`, `auto_generated`, `data_type`, `default_value_is_constant`, `has_default_value`, `name`, `native_type_name`, `nullable`, `on_update`, `order_in_table`, `prec`, `scale`, `size`, `cdv`, `hash_position`, `user_table_id`) VALUES (86, 0, 12, 1, 0, 'connect_user', 'varchar', 1, 0, 4, 0, 0, 255, 0, 0, 13);
INSERT INTO `user_column` (`user_column_id`, `auto_generated`, `data_type`, `default_value_is_constant`, `has_default_value`, `name`, `native_type_name`, `nullable`, `on_update`, `order_in_table`, `prec`, `scale`, `size`, `cdv`, `hash_position`, `user_table_id`) VALUES (87, 0, 12, 1, 0, 'uses_datastore', 'varchar', 0, 0, 5, 0, 0, 8, 0, 0, 13);
INSERT INTO `user_column` (`user_column_id`, `auto_generated`, `data_type`, `default_value_is_constant`, `has_default_value`, `name`, `native_type_name`, `nullable`, `on_update`, `order_in_table`, `prec`, `scale`, `size`, `cdv`, `hash_position`, `user_table_id`) VALUES (88, 0, 12, 1, 0, 'container_name', 'varchar', 0, 0, 1, 0, 0, 255, 0, 0, 14);
INSERT INTO `user_column` (`user_column_id`, `auto_generated`, `data_type`, `default_value_is_constant`, `has_default_value`, `name`, `native_type_name`, `nullable`, `on_update`, `order_in_table`, `prec`, `scale`, `size`, `cdv`, `hash_position`, `user_table_id`) VALUES (89, 0, 4, 1, 0, 'base_table', 'integer', 1, 0, 2, 0, 0, 11, 0, 0, 14);
INSERT INTO `user_column` (`user_column_id`, `auto_generated`, `data_type`, `default_value_is_constant`, `has_default_value`, `name`, `native_type_name`, `nullable`, `on_update`, `order_in_table`, `prec`, `scale`, `size`, `cdv`, `hash_position`, `user_table_id`) VALUES (90, 0, 4, 1, 0, 'storage_group', 'integer', 0, 0, 3, 0, 0, 11, 0, 0, 14);
INSERT INTO `user_column` (`user_column_id`, `auto_generated`, `data_type`, `default_value_is_constant`, `has_default_value`, `name`, `native_type_name`, `nullable`, `on_update`, `order_in_table`, `prec`, `scale`, `size`, `cdv`, `hash_position`, `user_table_id`) VALUES (91, 0, 12, 1, 0, 'character_set_name', 'varchar', 0, 0, 1, 0, 0, 32, 0, 0, 15);
INSERT INTO `user_column` (`user_column_id`, `auto_generated`, `data_type`, `default_value_is_constant`, `has_default_value`, `name`, `native_type_name`, `nullable`, `on_update`, `order_in_table`, `prec`, `scale`, `size`, `cdv`, `hash_position`, `user_table_id`) VALUES (92, 0, 12, 1, 0, 'default_collate_name', 'varchar', 0, 0, 2, 0, 0, 32, 0, 0, 15);
INSERT INTO `user_column` (`user_column_id`, `auto_generated`, `data_type`, `default_value_is_constant`, `has_default_value`, `name`, `native_type_name`, `nullable`, `on_update`, `order_in_table`, `prec`, `scale`, `size`, `cdv`, `hash_position`, `user_table_id`) VALUES (93, 0, 12, 1, 0, 'description', 'varchar', 0, 0, 3, 0, 0, 60, 0, 0, 15);
INSERT INTO `user_column` (`user_column_id`, `auto_generated`, `data_type`, `default_value_is_constant`, `has_default_value`, `name`, `native_type_name`, `nullable`, `on_update`, `order_in_table`, `prec`, `scale`, `size`, `cdv`, `hash_position`, `user_table_id`) VALUES (94, 0, 4, 1, 0, 'maxlen', 'integer', 0, 0, 4, 0, 0, 0, 0, 0, 15);
INSERT INTO `user_column` (`user_column_id`, `auto_generated`, `data_type`, `default_value_is_constant`, `has_default_value`, `name`, `native_type_name`, `nullable`, `on_update`, `order_in_table`, `prec`, `scale`, `size`, `cdv`, `hash_position`, `user_table_id`) VALUES (95, 0, 12, 1, 0, 'engine', 'varchar', 0, 0, 1, 0, 0, 64, 0, 0, 16);
INSERT INTO `user_column` (`user_column_id`, `auto_generated`, `data_type`, `default_value_is_constant`, `has_default_value`, `name`, `native_type_name`, `nullable`, `on_update`, `order_in_table`, `prec`, `scale`, `size`, `cdv`, `hash_position`, `user_table_id`) VALUES (96, 0, 12, 1, 0, 'support', 'varchar', 0, 0, 2, 0, 0, 8, 0, 0, 16);
INSERT INTO `user_column` (`user_column_id`, `auto_generated`, `data_type`, `default_value_is_constant`, `has_default_value`, `name`, `native_type_name`, `nullable`, `on_update`, `order_in_table`, `prec`, `scale`, `size`, `cdv`, `hash_position`, `user_table_id`) VALUES (97, 0, 12, 1, 0, 'comment', 'varchar', 0, 0, 3, 0, 0, 80, 0, 0, 16);
INSERT INTO `user_column` (`user_column_id`, `auto_generated`, `data_type`, `default_value_is_constant`, `has_default_value`, `name`, `native_type_name`, `nullable`, `on_update`, `order_in_table`, `prec`, `scale`, `size`, `cdv`, `hash_position`, `user_table_id`) VALUES (98, 0, 12, 1, 0, 'transactions', 'varchar', 1, 0, 4, 0, 0, 3, 0, 0, 16);
INSERT INTO `user_column` (`user_column_id`, `auto_generated`, `data_type`, `default_value_is_constant`, `has_default_value`, `name`, `native_type_name`, `nullable`, `on_update`, `order_in_table`, `prec`, `scale`, `size`, `cdv`, `hash_position`, `user_table_id`) VALUES (99, 0, 12, 1, 0, 'xa', 'varchar', 1, 0, 5, 0, 0, 3, 0, 0, 16);
INSERT INTO `user_column` (`user_column_id`, `auto_generated`, `data_type`, `default_value_is_constant`, `has_default_value`, `name`, `native_type_name`, `nullable`, `on_update`, `order_in_table`, `prec`, `scale`, `size`, `cdv`, `hash_position`, `user_table_id`) VALUES (100, 0, 12, 1, 0, 'savepoints', 'varchar', 1, 0, 6, 0, 0, 3, 0, 0, 16);
INSERT INTO `user_column` (`user_column_id`, `auto_generated`, `data_type`, `default_value_is_constant`, `has_default_value`, `name`, `native_type_name`, `nullable`, `on_update`, `order_in_table`, `prec`, `scale`, `size`, `cdv`, `hash_position`, `user_table_id`) VALUES (101, 0, 12, 1, 0, 'name', 'varchar', 0, 0, 1, 0, 0, 255, 0, 0, 17);
INSERT INTO `user_column` (`user_column_id`, `auto_generated`, `data_type`, `default_value_is_constant`, `has_default_value`, `name`, `native_type_name`, `nullable`, `on_update`, `order_in_table`, `prec`, `scale`, `size`, `cdv`, `hash_position`, `user_table_id`) VALUES (102, 0, 12, 1, 0, 'dbmatch', 'varchar', 1, 0, 2, 0, 0, 255, 0, 0, 17);
INSERT INTO `user_column` (`user_column_id`, `auto_generated`, `data_type`, `default_value_is_constant`, `has_default_value`, `name`, `native_type_name`, `nullable`, `on_update`, `order_in_table`, `prec`, `scale`, `size`, `cdv`, `hash_position`, `user_table_id`) VALUES (103, 0, 12, 1, 0, 'definition', 'varchar', 0, 0, 3, 0, 0, 255, 0, 0, 17);
INSERT INTO `user_column` (`user_column_id`, `auto_generated`, `data_type`, `default_value_is_constant`, `has_default_value`, `name`, `native_type_name`, `nullable`, `on_update`, `order_in_table`, `prec`, `scale`, `size`, `cdv`, `hash_position`, `user_table_id`) VALUES (104, 0, 12, 1, 0, 'template_comment', 'varchar', 1, 0, 4, 0, 0, 255, 0, 0, 17);
INSERT INTO `user_column` (`user_column_id`, `auto_generated`, `data_type`, `default_value_is_constant`, `has_default_value`, `name`, `native_type_name`, `nullable`, `on_update`, `order_in_table`, `prec`, `scale`, `size`, `cdv`, `hash_position`, `user_table_id`) VALUES (105, 0, 12, 1, 0, 'name', 'varchar', 1, 0, 1, 0, 0, 255, 0, 0, 18);
INSERT INTO `user_column` (`user_column_id`, `auto_generated`, `data_type`, `default_value_is_constant`, `has_default_value`, `name`, `native_type_name`, `nullable`, `on_update`, `order_in_table`, `prec`, `scale`, `size`, `cdv`, `hash_position`, `user_table_id`) VALUES (106, 0, 12, 1, 0, 'ipAddress', 'varchar', 1, 0, 2, 0, 0, 255, 0, 0, 18);
INSERT INTO `user_column` (`user_column_id`, `auto_generated`, `data_type`, `default_value_is_constant`, `has_default_value`, `name`, `native_type_name`, `nullable`, `on_update`, `order_in_table`, `prec`, `scale`, `size`, `cdv`, `hash_position`, `user_table_id`) VALUES (107, 0, 12, 1, 0, 'group', 'varchar', 1, 0, 1, 0, 0, 255, 0, 0, 19);
INSERT INTO `user_column` (`user_column_id`, `auto_generated`, `data_type`, `default_value_is_constant`, `has_default_value`, `name`, `native_type_name`, `nullable`, `on_update`, `order_in_table`, `prec`, `scale`, `size`, `cdv`, `hash_position`, `user_table_id`) VALUES (108, 0, 4, 1, 0, 'version', 'integer', 1, 0, 2, 0, 0, 3, 0, 0, 19);
INSERT INTO `user_column` (`user_column_id`, `auto_generated`, `data_type`, `default_value_is_constant`, `has_default_value`, `name`, `native_type_name`, `nullable`, `on_update`, `order_in_table`, `prec`, `scale`, `size`, `cdv`, `hash_position`, `user_table_id`) VALUES (109, 0, 12, 1, 0, 'site', 'varchar', 1, 0, 3, 0, 0, 255, 0, 0, 19);
INSERT INTO `user_column` (`user_column_id`, `auto_generated`, `data_type`, `default_value_is_constant`, `has_default_value`, `name`, `native_type_name`, `nullable`, `on_update`, `order_in_table`, `prec`, `scale`, `size`, `cdv`, `hash_position`, `user_table_id`) VALUES (110, 0, -5, 1, 0, 'FILE_ID', 'bigint', 1, 0, 1, 0, 0, 0, 0, 0, 20);
INSERT INTO `user_column` (`user_column_id`, `auto_generated`, `data_type`, `default_value_is_constant`, `has_default_value`, `name`, `native_type_name`, `nullable`, `on_update`, `order_in_table`, `prec`, `scale`, `size`, `cdv`, `hash_position`, `user_table_id`) VALUES (111, 0, 12, 1, 0, 'FILE_NAME', 'varchar', 1, 0, 2, 0, 0, 64, 0, 0, 20);
INSERT INTO `user_column` (`user_column_id`, `auto_generated`, `data_type`, `default_value_is_constant`, `has_default_value`, `name`, `native_type_name`, `nullable`, `on_update`, `order_in_table`, `prec`, `scale`, `size`, `cdv`, `hash_position`, `user_table_id`) VALUES (112, 0, 12, 1, 0, 'FILE_TYPE', 'varchar', 1, 0, 3, 0, 0, 20, 0, 0, 20);
INSERT INTO `user_column` (`user_column_id`, `auto_generated`, `data_type`, `default_value_is_constant`, `has_default_value`, `name`, `native_type_name`, `nullable`, `on_update`, `order_in_table`, `prec`, `scale`, `size`, `cdv`, `hash_position`, `user_table_id`) VALUES (113, 0, 12, 1, 0, 'TABLESPACE_NAME', 'varchar', 1, 0, 4, 0, 0, 64, 0, 0, 20);
INSERT INTO `user_column` (`user_column_id`, `auto_generated`, `data_type`, `default_value_is_constant`, `has_default_value`, `name`, `native_type_name`, `nullable`, `on_update`, `order_in_table`, `prec`, `scale`, `size`, `cdv`, `hash_position`, `user_table_id`) VALUES (114, 0, 12, 1, 0, 'TABLE_CATALOG', 'varchar', 1, 0, 5, 0, 0, 64, 0, 0, 20);
INSERT INTO `user_column` (`user_column_id`, `auto_generated`, `data_type`, `default_value_is_constant`, `has_default_value`, `name`, `native_type_name`, `nullable`, `on_update`, `order_in_table`, `prec`, `scale`, `size`, `cdv`, `hash_position`, `user_table_id`) VALUES (115, 0, 12, 1, 0, 'TABLE_SCHEMA', 'varchar', 1, 0, 6, 0, 0, 64, 0, 0, 20);
INSERT INTO `user_column` (`user_column_id`, `auto_generated`, `data_type`, `default_value_is_constant`, `has_default_value`, `name`, `native_type_name`, `nullable`, `on_update`, `order_in_table`, `prec`, `scale`, `size`, `cdv`, `hash_position`, `user_table_id`) VALUES (116, 0, 12, 1, 0, 'TABLE_NAME', 'varchar', 1, 0, 7, 0, 0, 64, 0, 0, 20);
INSERT INTO `user_column` (`user_column_id`, `auto_generated`, `data_type`, `default_value_is_constant`, `has_default_value`, `name`, `native_type_name`, `nullable`, `on_update`, `order_in_table`, `prec`, `scale`, `size`, `cdv`, `hash_position`, `user_table_id`) VALUES (117, 0, 12, 1, 0, 'LOGFILE_GROUP_NAME', 'varchar', 1, 0, 8, 0, 0, 64, 0, 0, 20);
INSERT INTO `user_column` (`user_column_id`, `auto_generated`, `data_type`, `default_value_is_constant`, `has_default_value`, `name`, `native_type_name`, `nullable`, `on_update`, `order_in_table`, `prec`, `scale`, `size`, `cdv`, `hash_position`, `user_table_id`) VALUES (118, 0, -5, 1, 0, 'LOGFILE_GROUP_NUMBER', 'bigint', 1, 0, 9, 0, 0, 0, 0, 0, 20);
INSERT INTO `user_column` (`user_column_id`, `auto_generated`, `data_type`, `default_value_is_constant`, `has_default_value`, `name`, `native_type_name`, `nullable`, `on_update`, `order_in_table`, `prec`, `scale`, `size`, `cdv`, `hash_position`, `user_table_id`) VALUES (119, 0, 12, 1, 0, 'ENGINE', 'varchar', 1, 0, 10, 0, 0, 64, 0, 0, 20);
INSERT INTO `user_column` (`user_column_id`, `auto_generated`, `data_type`, `default_value_is_constant`, `has_default_value`, `name`, `native_type_name`, `nullable`, `on_update`, `order_in_table`, `prec`, `scale`, `size`, `cdv`, `hash_position`, `user_table_id`) VALUES (120, 0, 12, 1, 0, 'FULLTEXT_KEYS', 'varchar', 1, 0, 11, 0, 0, 64, 0, 0, 20);
INSERT INTO `user_column` (`user_column_id`, `auto_generated`, `data_type`, `default_value_is_constant`, `has_default_value`, `name`, `native_type_name`, `nullable`, `on_update`, `order_in_table`, `prec`, `scale`, `size`, `cdv`, `hash_position`, `user_table_id`) VALUES (121, 0, -5, 1, 0, 'DELETED_ROWS', 'bigint', 1, 0, 12, 0, 0, 0, 0, 0, 20);
INSERT INTO `user_column` (`user_column_id`, `auto_generated`, `data_type`, `default_value_is_constant`, `has_default_value`, `name`, `native_type_name`, `nullable`, `on_update`, `order_in_table`, `prec`, `scale`, `size`, `cdv`, `hash_position`, `user_table_id`) VALUES (122, 0, -5, 1, 0, 'UPDATE_COUNT', 'bigint', 1, 0, 13, 0, 0, 0, 0, 0, 20);
INSERT INTO `user_column` (`user_column_id`, `auto_generated`, `data_type`, `default_value_is_constant`, `has_default_value`, `name`, `native_type_name`, `nullable`, `on_update`, `order_in_table`, `prec`, `scale`, `size`, `cdv`, `hash_position`, `user_table_id`) VALUES (123, 0, -5, 1, 0, 'FREE_EXTENTS', 'bigint', 1, 0, 14, 0, 0, 0, 0, 0, 20);
INSERT INTO `user_column` (`user_column_id`, `auto_generated`, `data_type`, `default_value_is_constant`, `has_default_value`, `name`, `native_type_name`, `nullable`, `on_update`, `order_in_table`, `prec`, `scale`, `size`, `cdv`, `hash_position`, `user_table_id`) VALUES (124, 0, -5, 1, 0, 'TOTAL_EXTENTS', 'bigint', 1, 0, 15, 0, 0, 0, 0, 0, 20);
INSERT INTO `user_column` (`user_column_id`, `auto_generated`, `data_type`, `default_value_is_constant`, `has_default_value`, `name`, `native_type_name`, `nullable`, `on_update`, `order_in_table`, `prec`, `scale`, `size`, `cdv`, `hash_position`, `user_table_id`) VALUES (125, 0, -5, 1, 0, 'EXTENT_SIZE', 'bigint', 1, 0, 16, 0, 0, 0, 0, 0, 20);
INSERT INTO `user_column` (`user_column_id`, `auto_generated`, `data_type`, `default_value_is_constant`, `has_default_value`, `name`, `native_type_name`, `nullable`, `on_update`, `order_in_table`, `prec`, `scale`, `size`, `cdv`, `hash_position`, `user_table_id`) VALUES (126, 0, -5, 1, 0, 'INITIAL_SIZE', 'bigint', 1, 0, 17, 0, 0, 21, 0, 0, 20);
INSERT INTO `user_column` (`user_column_id`, `auto_generated`, `data_type`, `default_value_is_constant`, `has_default_value`, `name`, `native_type_name`, `nullable`, `on_update`, `order_in_table`, `prec`, `scale`, `size`, `cdv`, `hash_position`, `user_table_id`) VALUES (127, 0, -5, 1, 0, 'MAXIMUM_SIZE', 'bigint', 1, 0, 18, 0, 0, 21, 0, 0, 20);
INSERT INTO `user_column` (`user_column_id`, `auto_generated`, `data_type`, `default_value_is_constant`, `has_default_value`, `name`, `native_type_name`, `nullable`, `on_update`, `order_in_table`, `prec`, `scale`, `size`, `cdv`, `hash_position`, `user_table_id`) VALUES (128, 0, -5, 1, 0, 'AUTOEXTEND_SIZE', 'bigint', 1, 0, 19, 0, 0, 21, 0, 0, 20);
INSERT INTO `user_column` (`user_column_id`, `auto_generated`, `data_type`, `default_value_is_constant`, `has_default_value`, `name`, `native_type_name`, `nullable`, `on_update`, `order_in_table`, `prec`, `scale`, `size`, `cdv`, `hash_position`, `user_table_id`) VALUES (129, 0, 93, 1, 0, 'CREATION_TIME', 'datetime', 1, 0, 20, 0, 0, 0, 0, 0, 20);
INSERT INTO `user_column` (`user_column_id`, `auto_generated`, `data_type`, `default_value_is_constant`, `has_default_value`, `name`, `native_type_name`, `nullable`, `on_update`, `order_in_table`, `prec`, `scale`, `size`, `cdv`, `hash_position`, `user_table_id`) VALUES (130, 0, 93, 1, 0, 'LAST_UPDATE_TIME', 'datetime', 1, 0, 21, 0, 0, 0, 0, 0, 20);
INSERT INTO `user_column` (`user_column_id`, `auto_generated`, `data_type`, `default_value_is_constant`, `has_default_value`, `name`, `native_type_name`, `nullable`, `on_update`, `order_in_table`, `prec`, `scale`, `size`, `cdv`, `hash_position`, `user_table_id`) VALUES (131, 0, 93, 1, 0, 'LAST_ACCESS_TIME', 'datetime', 1, 0, 22, 0, 0, 0, 0, 0, 20);
INSERT INTO `user_column` (`user_column_id`, `auto_generated`, `data_type`, `default_value_is_constant`, `has_default_value`, `name`, `native_type_name`, `nullable`, `on_update`, `order_in_table`, `prec`, `scale`, `size`, `cdv`, `hash_position`, `user_table_id`) VALUES (132, 0, -5, 1, 0, 'RECOVER_TIME', 'bigint', 1, 0, 23, 0, 0, 0, 0, 0, 20);
INSERT INTO `user_column` (`user_column_id`, `auto_generated`, `data_type`, `default_value_is_constant`, `has_default_value`, `name`, `native_type_name`, `nullable`, `on_update`, `order_in_table`, `prec`, `scale`, `size`, `cdv`, `hash_position`, `user_table_id`) VALUES (133, 0, -5, 1, 0, 'TRANSACTION_COUNTER', 'bigint', 1, 0, 24, 0, 0, 0, 0, 0, 20);
INSERT INTO `user_column` (`user_column_id`, `auto_generated`, `data_type`, `default_value_is_constant`, `has_default_value`, `name`, `native_type_name`, `nullable`, `on_update`, `order_in_table`, `prec`, `scale`, `size`, `cdv`, `hash_position`, `user_table_id`) VALUES (134, 0, -5, 1, 0, 'VERSION', 'bigint', 1, 0, 25, 0, 0, 21, 0, 0, 20);
INSERT INTO `user_column` (`user_column_id`, `auto_generated`, `data_type`, `default_value_is_constant`, `has_default_value`, `name`, `native_type_name`, `nullable`, `on_update`, `order_in_table`, `prec`, `scale`, `size`, `cdv`, `hash_position`, `user_table_id`) VALUES (135, 0, 12, 1, 0, 'ROW_FORMAT', 'varchar', 1, 0, 26, 0, 0, 10, 0, 0, 20);
INSERT INTO `user_column` (`user_column_id`, `auto_generated`, `data_type`, `default_value_is_constant`, `has_default_value`, `name`, `native_type_name`, `nullable`, `on_update`, `order_in_table`, `prec`, `scale`, `size`, `cdv`, `hash_position`, `user_table_id`) VALUES (136, 0, -5, 1, 0, 'TABLE_ROWS', 'bigint', 1, 0, 27, 0, 0, 21, 0, 0, 20);
INSERT INTO `user_column` (`user_column_id`, `auto_generated`, `data_type`, `default_value_is_constant`, `has_default_value`, `name`, `native_type_name`, `nullable`, `on_update`, `order_in_table`, `prec`, `scale`, `size`, `cdv`, `hash_position`, `user_table_id`) VALUES (137, 0, -5, 1, 0, 'AVG_ROW_LENGTH', 'bigint', 1, 0, 28, 0, 0, 21, 0, 0, 20);
INSERT INTO `user_column` (`user_column_id`, `auto_generated`, `data_type`, `default_value_is_constant`, `has_default_value`, `name`, `native_type_name`, `nullable`, `on_update`, `order_in_table`, `prec`, `scale`, `size`, `cdv`, `hash_position`, `user_table_id`) VALUES (138, 0, -5, 1, 0, 'DATA_LENGTH', 'bigint', 1, 0, 29, 0, 0, 21, 0, 0, 20);
INSERT INTO `user_column` (`user_column_id`, `auto_generated`, `data_type`, `default_value_is_constant`, `has_default_value`, `name`, `native_type_name`, `nullable`, `on_update`, `order_in_table`, `prec`, `scale`, `size`, `cdv`, `hash_position`, `user_table_id`) VALUES (139, 0, -5, 1, 0, 'MAX_DATA_LENGTH', 'bigint', 1, 0, 30, 0, 0, 21, 0, 0, 20);
INSERT INTO `user_column` (`user_column_id`, `auto_generated`, `data_type`, `default_value_is_constant`, `has_default_value`, `name`, `native_type_name`, `nullable`, `on_update`, `order_in_table`, `prec`, `scale`, `size`, `cdv`, `hash_position`, `user_table_id`) VALUES (140, 0, -5, 1, 0, 'INDEX_LENGTH', 'bigint', 1, 0, 31, 0, 0, 21, 0, 0, 20);
INSERT INTO `user_column` (`user_column_id`, `auto_generated`, `data_type`, `default_value_is_constant`, `has_default_value`, `name`, `native_type_name`, `nullable`, `on_update`, `order_in_table`, `prec`, `scale`, `size`, `cdv`, `hash_position`, `user_table_id`) VALUES (141, 0, -5, 1, 0, 'DATA_FREE', 'bigint', 1, 0, 32, 0, 0, 21, 0, 0, 20);
INSERT INTO `user_column` (`user_column_id`, `auto_generated`, `data_type`, `default_value_is_constant`, `has_default_value`, `name`, `native_type_name`, `nullable`, `on_update`, `order_in_table`, `prec`, `scale`, `size`, `cdv`, `hash_position`, `user_table_id`) VALUES (142, 0, 93, 1, 0, 'CREATE_TIME', 'datetime', 1, 0, 33, 0, 0, 0, 0, 0, 20);
INSERT INTO `user_column` (`user_column_id`, `auto_generated`, `data_type`, `default_value_is_constant`, `has_default_value`, `name`, `native_type_name`, `nullable`, `on_update`, `order_in_table`, `prec`, `scale`, `size`, `cdv`, `hash_position`, `user_table_id`) VALUES (143, 0, 93, 1, 0, 'UPDATE_TIME', 'datetime', 1, 0, 34, 0, 0, 0, 0, 0, 20);
INSERT INTO `user_column` (`user_column_id`, `auto_generated`, `data_type`, `default_value_is_constant`, `has_default_value`, `name`, `native_type_name`, `nullable`, `on_update`, `order_in_table`, `prec`, `scale`, `size`, `cdv`, `hash_position`, `user_table_id`) VALUES (144, 0, 93, 1, 0, 'CHECK_TIME', 'datetime', 1, 0, 35, 0, 0, 0, 0, 0, 20);
INSERT INTO `user_column` (`user_column_id`, `auto_generated`, `data_type`, `default_value_is_constant`, `has_default_value`, `name`, `native_type_name`, `nullable`, `on_update`, `order_in_table`, `prec`, `scale`, `size`, `cdv`, `hash_position`, `user_table_id`) VALUES (145, 0, -5, 1, 0, 'CHECKSUM', 'bigint', 1, 0, 36, 0, 0, 21, 0, 0, 20);
INSERT INTO `user_column` (`user_column_id`, `auto_generated`, `data_type`, `default_value_is_constant`, `has_default_value`, `name`, `native_type_name`, `nullable`, `on_update`, `order_in_table`, `prec`, `scale`, `size`, `cdv`, `hash_position`, `user_table_id`) VALUES (146, 0, 12, 1, 0, 'STATUS', 'varchar', 1, 0, 37, 0, 0, 20, 0, 0, 20);
INSERT INTO `user_column` (`user_column_id`, `auto_generated`, `data_type`, `default_value_is_constant`, `has_default_value`, `name`, `native_type_name`, `nullable`, `on_update`, `order_in_table`, `prec`, `scale`, `size`, `cdv`, `hash_position`, `user_table_id`) VALUES (147, 0, 12, 1, 0, 'EXTRA', 'varchar', 1, 0, 38, 0, 0, 255, 0, 0, 20);
INSERT INTO `user_column` (`user_column_id`, `auto_generated`, `data_type`, `default_value_is_constant`, `has_default_value`, `name`, `native_type_name`, `nullable`, `on_update`, `order_in_table`, `prec`, `scale`, `size`, `cdv`, `hash_position`, `user_table_id`) VALUES (148, 0, 12, 1, 0, 'TABLE_CATALOG', 'varchar', 1, 0, 1, 0, 0, 512, 0, 0, 21);
INSERT INTO `user_column` (`user_column_id`, `auto_generated`, `data_type`, `default_value_is_constant`, `has_default_value`, `name`, `native_type_name`, `nullable`, `on_update`, `order_in_table`, `prec`, `scale`, `size`, `cdv`, `hash_position`, `user_table_id`) VALUES (149, 0, 12, 1, 0, 'TABLE_SCHEMA', 'varchar', 1, 0, 2, 0, 0, 64, 0, 0, 21);
INSERT INTO `user_column` (`user_column_id`, `auto_generated`, `data_type`, `default_value_is_constant`, `has_default_value`, `name`, `native_type_name`, `nullable`, `on_update`, `order_in_table`, `prec`, `scale`, `size`, `cdv`, `hash_position`, `user_table_id`) VALUES (150, 0, 12, 1, 0, 'TABLE_NAME', 'varchar', 1, 0, 3, 0, 0, 64, 0, 0, 21);
INSERT INTO `user_column` (`user_column_id`, `auto_generated`, `data_type`, `default_value_is_constant`, `has_default_value`, `name`, `native_type_name`, `nullable`, `on_update`, `order_in_table`, `prec`, `scale`, `size`, `cdv`, `hash_position`, `user_table_id`) VALUES (151, 0, 12, 1, 0, 'PARTITION_NAME', 'varchar', 1, 0, 4, 0, 0, 64, 0, 0, 21);
INSERT INTO `user_column` (`user_column_id`, `auto_generated`, `data_type`, `default_value_is_constant`, `has_default_value`, `name`, `native_type_name`, `nullable`, `on_update`, `order_in_table`, `prec`, `scale`, `size`, `cdv`, `hash_position`, `user_table_id`) VALUES (152, 0, 12, 1, 0, 'SUBPARTITION_NAME', 'varchar', 1, 0, 5, 0, 0, 64, 0, 0, 21);
INSERT INTO `user_column` (`user_column_id`, `auto_generated`, `data_type`, `default_value_is_constant`, `has_default_value`, `name`, `native_type_name`, `nullable`, `on_update`, `order_in_table`, `prec`, `scale`, `size`, `cdv`, `hash_position`, `user_table_id`) VALUES (153, 0, -5, 1, 0, 'PARTITION_ORDINAL_POSITION', 'bigint', 1, 0, 6, 0, 0, 0, 0, 0, 21);
INSERT INTO `user_column` (`user_column_id`, `auto_generated`, `data_type`, `default_value_is_constant`, `has_default_value`, `name`, `native_type_name`, `nullable`, `on_update`, `order_in_table`, `prec`, `scale`, `size`, `cdv`, `hash_position`, `user_table_id`) VALUES (154, 0, -5, 1, 0, 'SUBPARTITION_ORDINAL_POSITION', 'bigint', 1, 0, 7, 0, 0, 0, 0, 0, 21);
INSERT INTO `user_column` (`user_column_id`, `auto_generated`, `data_type`, `default_value_is_constant`, `has_default_value`, `name`, `native_type_name`, `nullable`, `on_update`, `order_in_table`, `prec`, `scale`, `size`, `cdv`, `hash_position`, `user_table_id`) VALUES (155, 0, 12, 1, 0, 'PARTITION_METHOD', 'varchar', 1, 0, 8, 0, 0, 18, 0, 0, 21);
INSERT INTO `user_column` (`user_column_id`, `auto_generated`, `data_type`, `default_value_is_constant`, `has_default_value`, `name`, `native_type_name`, `nullable`, `on_update`, `order_in_table`, `prec`, `scale`, `size`, `cdv`, `hash_position`, `user_table_id`) VALUES (156, 0, 12, 1, 0, 'SUBPARTITION_METHOD', 'varchar', 1, 0, 9, 0, 0, 12, 0, 0, 21);
INSERT INTO `user_column` (`user_column_id`, `auto_generated`, `data_type`, `default_value_is_constant`, `has_default_value`, `name`, `native_type_name`, `nullable`, `on_update`, `order_in_table`, `prec`, `scale`, `size`, `cdv`, `hash_position`, `user_table_id`) VALUES (157, 0, -1, 1, 0, 'PARTITION_EXPRESSION', 'long varchar', 1, 0, 10, 0, 0, 196605, 0, 0, 21);
INSERT INTO `user_column` (`user_column_id`, `auto_generated`, `data_type`, `default_value_is_constant`, `has_default_value`, `name`, `native_type_name`, `nullable`, `on_update`, `order_in_table`, `prec`, `scale`, `size`, `cdv`, `hash_position`, `user_table_id`) VALUES (158, 0, -1, 1, 0, 'SUBPARTITION_EXPRESSION', 'long varchar', 1, 0, 11, 0, 0, 196605, 0, 0, 21);
INSERT INTO `user_column` (`user_column_id`, `auto_generated`, `data_type`, `default_value_is_constant`, `has_default_value`, `name`, `native_type_name`, `nullable`, `on_update`, `order_in_table`, `prec`, `scale`, `size`, `cdv`, `hash_position`, `user_table_id`) VALUES (159, 0, -1, 1, 0, 'PARTITION_DESCRIPTION', 'long varchar', 1, 0, 12, 0, 0, 196605, 0, 0, 21);
INSERT INTO `user_column` (`user_column_id`, `auto_generated`, `data_type`, `default_value_is_constant`, `has_default_value`, `name`, `native_type_name`, `nullable`, `on_update`, `order_in_table`, `prec`, `scale`, `size`, `cdv`, `hash_position`, `user_table_id`) VALUES (160, 0, -5, 1, 0, 'TABLE_ROWS', 'bigint', 1, 0, 13, 0, 0, 21, 0, 0, 21);
INSERT INTO `user_column` (`user_column_id`, `auto_generated`, `data_type`, `default_value_is_constant`, `has_default_value`, `name`, `native_type_name`, `nullable`, `on_update`, `order_in_table`, `prec`, `scale`, `size`, `cdv`, `hash_position`, `user_table_id`) VALUES (161, 0, -5, 1, 0, 'AVG_ROW_LENGTH', 'bigint', 1, 0, 14, 0, 0, 21, 0, 0, 21);
INSERT INTO `user_column` (`user_column_id`, `auto_generated`, `data_type`, `default_value_is_constant`, `has_default_value`, `name`, `native_type_name`, `nullable`, `on_update`, `order_in_table`, `prec`, `scale`, `size`, `cdv`, `hash_position`, `user_table_id`) VALUES (162, 0, -5, 1, 0, 'DATA_LENGTH', 'bigint', 1, 0, 15, 0, 0, 21, 0, 0, 21);
INSERT INTO `user_column` (`user_column_id`, `auto_generated`, `data_type`, `default_value_is_constant`, `has_default_value`, `name`, `native_type_name`, `nullable`, `on_update`, `order_in_table`, `prec`, `scale`, `size`, `cdv`, `hash_position`, `user_table_id`) VALUES (163, 0, -5, 1, 0, 'MAX_DATA_LENGTH', 'bigint', 1, 0, 16, 0, 0, 21, 0, 0, 21);
INSERT INTO `user_column` (`user_column_id`, `auto_generated`, `data_type`, `default_value_is_constant`, `has_default_value`, `name`, `native_type_name`, `nullable`, `on_update`, `order_in_table`, `prec`, `scale`, `size`, `cdv`, `hash_position`, `user_table_id`) VALUES (164, 0, -5, 1, 0, 'INDEX_LENGTH', 'bigint', 1, 0, 17, 0, 0, 21, 0, 0, 21);
INSERT INTO `user_column` (`user_column_id`, `auto_generated`, `data_type`, `default_value_is_constant`, `has_default_value`, `name`, `native_type_name`, `nullable`, `on_update`, `order_in_table`, `prec`, `scale`, `size`, `cdv`, `hash_position`, `user_table_id`) VALUES (165, 0, -5, 1, 0, 'DATA_FREE', 'bigint', 1, 0, 18, 0, 0, 21, 0, 0, 21);
INSERT INTO `user_column` (`user_column_id`, `auto_generated`, `data_type`, `default_value_is_constant`, `has_default_value`, `name`, `native_type_name`, `nullable`, `on_update`, `order_in_table`, `prec`, `scale`, `size`, `cdv`, `hash_position`, `user_table_id`) VALUES (166, 0, 93, 1, 0, 'CREATE_TIME', 'datetime', 1, 0, 19, 0, 0, 0, 0, 0, 21);
INSERT INTO `user_column` (`user_column_id`, `auto_generated`, `data_type`, `default_value_is_constant`, `has_default_value`, `name`, `native_type_name`, `nullable`, `on_update`, `order_in_table`, `prec`, `scale`, `size`, `cdv`, `hash_position`, `user_table_id`) VALUES (167, 0, 93, 1, 0, 'UPDATE_TIME', 'datetime', 1, 0, 20, 0, 0, 0, 0, 0, 21);
INSERT INTO `user_column` (`user_column_id`, `auto_generated`, `data_type`, `default_value_is_constant`, `has_default_value`, `name`, `native_type_name`, `nullable`, `on_update`, `order_in_table`, `prec`, `scale`, `size`, `cdv`, `hash_position`, `user_table_id`) VALUES (168, 0, 93, 1, 0, 'CHECK_TIME', 'datetime', 1, 0, 21, 0, 0, 0, 0, 0, 21);
INSERT INTO `user_column` (`user_column_id`, `auto_generated`, `data_type`, `default_value_is_constant`, `has_default_value`, `name`, `native_type_name`, `nullable`, `on_update`, `order_in_table`, `prec`, `scale`, `size`, `cdv`, `hash_position`, `user_table_id`) VALUES (169, 0, -5, 1, 0, 'CHECKSUM', 'bigint', 1, 0, 22, 0, 0, 21, 0, 0, 21);
INSERT INTO `user_column` (`user_column_id`, `auto_generated`, `data_type`, `default_value_is_constant`, `has_default_value`, `name`, `native_type_name`, `nullable`, `on_update`, `order_in_table`, `prec`, `scale`, `size`, `cdv`, `hash_position`, `user_table_id`) VALUES (170, 0, 12, 1, 0, 'PARTITION_COMMENT', 'varchar', 1, 0, 23, 0, 0, 80, 0, 0, 21);
INSERT INTO `user_column` (`user_column_id`, `auto_generated`, `data_type`, `default_value_is_constant`, `has_default_value`, `name`, `native_type_name`, `nullable`, `on_update`, `order_in_table`, `prec`, `scale`, `size`, `cdv`, `hash_position`, `user_table_id`) VALUES (171, 0, 12, 1, 0, 'NODEGROUP', 'varchar', 1, 0, 24, 0, 0, 12, 0, 0, 21);
INSERT INTO `user_column` (`user_column_id`, `auto_generated`, `data_type`, `default_value_is_constant`, `has_default_value`, `name`, `native_type_name`, `nullable`, `on_update`, `order_in_table`, `prec`, `scale`, `size`, `cdv`, `hash_position`, `user_table_id`) VALUES (172, 0, 12, 1, 0, 'TABLESPACE_NAME', 'varchar', 1, 0, 25, 0, 0, 64, 0, 0, 21);
INSERT INTO `user_column` (`user_column_id`, `auto_generated`, `data_type`, `default_value_is_constant`, `has_default_value`, `name`, `native_type_name`, `nullable`, `on_update`, `order_in_table`, `prec`, `scale`, `size`, `cdv`, `hash_position`, `user_table_id`) VALUES (173, 0, 12, 1, 0, 'COLLATION_NAME', 'varchar', 1, 0, 1, 0, 0, 32, 0, 0, 22);
INSERT INTO `user_column` (`user_column_id`, `auto_generated`, `data_type`, `default_value_is_constant`, `has_default_value`, `name`, `native_type_name`, `nullable`, `on_update`, `order_in_table`, `prec`, `scale`, `size`, `cdv`, `hash_position`, `user_table_id`) VALUES (174, 0, 12, 1, 0, 'CHARACTER_SET_NAME', 'varchar', 1, 0, 2, 0, 0, 32, 0, 0, 22);
INSERT INTO `user_column` (`user_column_id`, `auto_generated`, `data_type`, `default_value_is_constant`, `has_default_value`, `name`, `native_type_name`, `nullable`, `on_update`, `order_in_table`, `prec`, `scale`, `size`, `cdv`, `hash_position`, `user_table_id`) VALUES (175, 0, -5, 1, 0, 'ID', 'bigint', 1, 0, 3, 0, 0, 11, 0, 0, 22);
INSERT INTO `user_column` (`user_column_id`, `auto_generated`, `data_type`, `default_value_is_constant`, `has_default_value`, `name`, `native_type_name`, `nullable`, `on_update`, `order_in_table`, `prec`, `scale`, `size`, `cdv`, `hash_position`, `user_table_id`) VALUES (176, 0, 12, 1, 0, 'IS_DEFAULT', 'varchar', 1, 0, 4, 0, 0, 3, 0, 0, 22);
INSERT INTO `user_column` (`user_column_id`, `auto_generated`, `data_type`, `default_value_is_constant`, `has_default_value`, `name`, `native_type_name`, `nullable`, `on_update`, `order_in_table`, `prec`, `scale`, `size`, `cdv`, `hash_position`, `user_table_id`) VALUES (177, 0, 12, 1, 0, 'IS_COMPILED', 'varchar', 1, 0, 5, 0, 0, 3, 0, 0, 22);
INSERT INTO `user_column` (`user_column_id`, `auto_generated`, `data_type`, `default_value_is_constant`, `has_default_value`, `name`, `native_type_name`, `nullable`, `on_update`, `order_in_table`, `prec`, `scale`, `size`, `cdv`, `hash_position`, `user_table_id`) VALUES (178, 0, -5, 1, 0, 'SORTLEN', 'bigint', 1, 0, 6, 0, 0, 3, 0, 0, 22);
INSERT INTO `user_column` (`user_column_id`, `auto_generated`, `data_type`, `default_value_is_constant`, `has_default_value`, `name`, `native_type_name`, `nullable`, `on_update`, `order_in_table`, `prec`, `scale`, `size`, `cdv`, `hash_position`, `user_table_id`) VALUES (179, 0, 12, 1, 0, 'SPECIFIC_NAME', 'varchar', 1, 0, 1, 0, 0, 64, 0, 0, 23);
INSERT INTO `user_column` (`user_column_id`, `auto_generated`, `data_type`, `default_value_is_constant`, `has_default_value`, `name`, `native_type_name`, `nullable`, `on_update`, `order_in_table`, `prec`, `scale`, `size`, `cdv`, `hash_position`, `user_table_id`) VALUES (180, 0, 12, 1, 0, 'ROUTINE_CATALOG', 'varchar', 1, 0, 2, 0, 0, 512, 0, 0, 23);
INSERT INTO `user_column` (`user_column_id`, `auto_generated`, `data_type`, `default_value_is_constant`, `has_default_value`, `name`, `native_type_name`, `nullable`, `on_update`, `order_in_table`, `prec`, `scale`, `size`, `cdv`, `hash_position`, `user_table_id`) VALUES (181, 0, 12, 1, 0, 'ROUTINE_SCHEMA', 'varchar', 1, 0, 3, 0, 0, 64, 0, 0, 23);
INSERT INTO `user_column` (`user_column_id`, `auto_generated`, `data_type`, `default_value_is_constant`, `has_default_value`, `name`, `native_type_name`, `nullable`, `on_update`, `order_in_table`, `prec`, `scale`, `size`, `cdv`, `hash_position`, `user_table_id`) VALUES (182, 0, 12, 1, 0, 'ROUTINE_NAME', 'varchar', 1, 0, 4, 0, 0, 64, 0, 0, 23);
INSERT INTO `user_column` (`user_column_id`, `auto_generated`, `data_type`, `default_value_is_constant`, `has_default_value`, `name`, `native_type_name`, `nullable`, `on_update`, `order_in_table`, `prec`, `scale`, `size`, `cdv`, `hash_position`, `user_table_id`) VALUES (183, 0, 12, 1, 0, 'ROUTINE_TYPE', 'varchar', 1, 0, 5, 0, 0, 9, 0, 0, 23);
INSERT INTO `user_column` (`user_column_id`, `auto_generated`, `data_type`, `default_value_is_constant`, `has_default_value`, `name`, `native_type_name`, `nullable`, `on_update`, `order_in_table`, `prec`, `scale`, `size`, `cdv`, `hash_position`, `user_table_id`) VALUES (184, 0, 12, 1, 0, 'DATA_TYPE', 'varchar', 1, 0, 6, 0, 0, 64, 0, 0, 23);
INSERT INTO `user_column` (`user_column_id`, `auto_generated`, `data_type`, `default_value_is_constant`, `has_default_value`, `name`, `native_type_name`, `nullable`, `on_update`, `order_in_table`, `prec`, `scale`, `size`, `cdv`, `hash_position`, `user_table_id`) VALUES (185, 0, 4, 1, 0, 'CHARACTER_MAXIMUM_LENGTH', 'integer', 1, 0, 7, 0, 0, 21, 0, 0, 23);
INSERT INTO `user_column` (`user_column_id`, `auto_generated`, `data_type`, `default_value_is_constant`, `has_default_value`, `name`, `native_type_name`, `nullable`, `on_update`, `order_in_table`, `prec`, `scale`, `size`, `cdv`, `hash_position`, `user_table_id`) VALUES (186, 0, 4, 1, 0, 'CHARACTER_OCTET_LENGTH', 'integer', 1, 0, 8, 0, 0, 21, 0, 0, 23);
INSERT INTO `user_column` (`user_column_id`, `auto_generated`, `data_type`, `default_value_is_constant`, `has_default_value`, `name`, `native_type_name`, `nullable`, `on_update`, `order_in_table`, `prec`, `scale`, `size`, `cdv`, `hash_position`, `user_table_id`) VALUES (187, 0, 4, 1, 0, 'NUMERIC_PRECISION', 'integer', 1, 0, 9, 0, 0, 21, 0, 0, 23);
INSERT INTO `user_column` (`user_column_id`, `auto_generated`, `data_type`, `default_value_is_constant`, `has_default_value`, `name`, `native_type_name`, `nullable`, `on_update`, `order_in_table`, `prec`, `scale`, `size`, `cdv`, `hash_position`, `user_table_id`) VALUES (188, 0, 4, 1, 0, 'NUMERIC_SCALE', 'integer', 1, 0, 10, 0, 0, 21, 0, 0, 23);
INSERT INTO `user_column` (`user_column_id`, `auto_generated`, `data_type`, `default_value_is_constant`, `has_default_value`, `name`, `native_type_name`, `nullable`, `on_update`, `order_in_table`, `prec`, `scale`, `size`, `cdv`, `hash_position`, `user_table_id`) VALUES (189, 0, 12, 1, 0, 'CHARACTER_SET_NAME', 'varchar', 1, 0, 11, 0, 0, 64, 0, 0, 23);
INSERT INTO `user_column` (`user_column_id`, `auto_generated`, `data_type`, `default_value_is_constant`, `has_default_value`, `name`, `native_type_name`, `nullable`, `on_update`, `order_in_table`, `prec`, `scale`, `size`, `cdv`, `hash_position`, `user_table_id`) VALUES (190, 0, 12, 1, 0, 'COLLATION_NAME', 'varchar', 1, 0, 12, 0, 0, 64, 0, 0, 23);
INSERT INTO `user_column` (`user_column_id`, `auto_generated`, `data_type`, `default_value_is_constant`, `has_default_value`, `name`, `native_type_name`, `nullable`, `on_update`, `order_in_table`, `prec`, `scale`, `size`, `cdv`, `hash_position`, `user_table_id`) VALUES (191, 0, -1, 1, 0, 'DTD_IDENTIFIER', 'long varchar', 1, 0, 13, 0, 0, 196605, 0, 0, 23);
INSERT INTO `user_column` (`user_column_id`, `auto_generated`, `data_type`, `default_value_is_constant`, `has_default_value`, `name`, `native_type_name`, `nullable`, `on_update`, `order_in_table`, `prec`, `scale`, `size`, `cdv`, `hash_position`, `user_table_id`) VALUES (192, 0, 12, 1, 0, 'ROUTINE_BODY', 'varchar', 1, 0, 14, 0, 0, 8, 0, 0, 23);
INSERT INTO `user_column` (`user_column_id`, `auto_generated`, `data_type`, `default_value_is_constant`, `has_default_value`, `name`, `native_type_name`, `nullable`, `on_update`, `order_in_table`, `prec`, `scale`, `size`, `cdv`, `hash_position`, `user_table_id`) VALUES (193, 0, -1, 1, 0, 'ROUTINE_DEFINITION', 'long varchar', 1, 0, 15, 0, 0, 196605, 0, 0, 23);
INSERT INTO `user_column` (`user_column_id`, `auto_generated`, `data_type`, `default_value_is_constant`, `has_default_value`, `name`, `native_type_name`, `nullable`, `on_update`, `order_in_table`, `prec`, `scale`, `size`, `cdv`, `hash_position`, `user_table_id`) VALUES (194, 0, 12, 1, 0, 'EXTERNAL_NAME', 'varchar', 1, 0, 16, 0, 0, 64, 0, 0, 23);
INSERT INTO `user_column` (`user_column_id`, `auto_generated`, `data_type`, `default_value_is_constant`, `has_default_value`, `name`, `native_type_name`, `nullable`, `on_update`, `order_in_table`, `prec`, `scale`, `size`, `cdv`, `hash_position`, `user_table_id`) VALUES (195, 0, 12, 1, 0, 'EXTERNAL_LANGUAGE', 'varchar', 1, 0, 17, 0, 0, 64, 0, 0, 23);
INSERT INTO `user_column` (`user_column_id`, `auto_generated`, `data_type`, `default_value_is_constant`, `has_default_value`, `name`, `native_type_name`, `nullable`, `on_update`, `order_in_table`, `prec`, `scale`, `size`, `cdv`, `hash_position`, `user_table_id`) VALUES (196, 0, 12, 1, 0, 'PARAMETER_STYLE', 'varchar', 1, 0, 18, 0, 0, 8, 0, 0, 23);
INSERT INTO `user_column` (`user_column_id`, `auto_generated`, `data_type`, `default_value_is_constant`, `has_default_value`, `name`, `native_type_name`, `nullable`, `on_update`, `order_in_table`, `prec`, `scale`, `size`, `cdv`, `hash_position`, `user_table_id`) VALUES (197, 0, 12, 1, 0, 'IS_DETERMINISTIC', 'varchar', 1, 0, 19, 0, 0, 3, 0, 0, 23);
INSERT INTO `user_column` (`user_column_id`, `auto_generated`, `data_type`, `default_value_is_constant`, `has_default_value`, `name`, `native_type_name`, `nullable`, `on_update`, `order_in_table`, `prec`, `scale`, `size`, `cdv`, `hash_position`, `user_table_id`) VALUES (198, 0, 12, 1, 0, 'SQL_DATA_ACCESS', 'varchar', 1, 0, 20, 0, 0, 64, 0, 0, 23);
INSERT INTO `user_column` (`user_column_id`, `auto_generated`, `data_type`, `default_value_is_constant`, `has_default_value`, `name`, `native_type_name`, `nullable`, `on_update`, `order_in_table`, `prec`, `scale`, `size`, `cdv`, `hash_position`, `user_table_id`) VALUES (199, 0, 12, 1, 0, 'SQL_PATH', 'varchar', 1, 0, 21, 0, 0, 64, 0, 0, 23);
INSERT INTO `user_column` (`user_column_id`, `auto_generated`, `data_type`, `default_value_is_constant`, `has_default_value`, `name`, `native_type_name`, `nullable`, `on_update`, `order_in_table`, `prec`, `scale`, `size`, `cdv`, `hash_position`, `user_table_id`) VALUES (200, 0, 12, 1, 0, 'SECURITY_TYPE', 'varchar', 1, 0, 22, 0, 0, 7, 0, 0, 23);
INSERT INTO `user_column` (`user_column_id`, `auto_generated`, `data_type`, `default_value_is_constant`, `has_default_value`, `name`, `native_type_name`, `nullable`, `on_update`, `order_in_table`, `prec`, `scale`, `size`, `cdv`, `hash_position`, `user_table_id`) VALUES (201, 0, 93, 1, 0, 'CREATED', 'datetime', 1, 0, 23, 0, 0, 0, 0, 0, 23);
INSERT INTO `user_column` (`user_column_id`, `auto_generated`, `data_type`, `default_value_is_constant`, `has_default_value`, `name`, `native_type_name`, `nullable`, `on_update`, `order_in_table`, `prec`, `scale`, `size`, `cdv`, `hash_position`, `user_table_id`) VALUES (202, 0, 93, 1, 0, 'LAST_ALTERED', 'datetime', 1, 0, 24, 0, 0, 0, 0, 0, 23);
INSERT INTO `user_column` (`user_column_id`, `auto_generated`, `data_type`, `default_value_is_constant`, `has_default_value`, `name`, `native_type_name`, `nullable`, `on_update`, `order_in_table`, `prec`, `scale`, `size`, `cdv`, `hash_position`, `user_table_id`) VALUES (203, 0, 12, 1, 0, 'SQL_MODE', 'varchar', 1, 0, 25, 0, 0, 8192, 0, 0, 23);
INSERT INTO `user_column` (`user_column_id`, `auto_generated`, `data_type`, `default_value_is_constant`, `has_default_value`, `name`, `native_type_name`, `nullable`, `on_update`, `order_in_table`, `prec`, `scale`, `size`, `cdv`, `hash_position`, `user_table_id`) VALUES (204, 0, -1, 1, 0, 'ROUTINE_COMMENT', 'long varchar', 1, 0, 26, 0, 0, 196605, 0, 0, 23);
INSERT INTO `user_column` (`user_column_id`, `auto_generated`, `data_type`, `default_value_is_constant`, `has_default_value`, `name`, `native_type_name`, `nullable`, `on_update`, `order_in_table`, `prec`, `scale`, `size`, `cdv`, `hash_position`, `user_table_id`) VALUES (205, 0, 12, 1, 0, 'DEFINER', 'varchar', 1, 0, 27, 0, 0, 77, 0, 0, 23);
INSERT INTO `user_column` (`user_column_id`, `auto_generated`, `data_type`, `default_value_is_constant`, `has_default_value`, `name`, `native_type_name`, `nullable`, `on_update`, `order_in_table`, `prec`, `scale`, `size`, `cdv`, `hash_position`, `user_table_id`) VALUES (206, 0, 12, 1, 0, 'CHARACTER_SET_CLIENT', 'varchar', 1, 0, 28, 0, 0, 32, 0, 0, 23);
INSERT INTO `user_column` (`user_column_id`, `auto_generated`, `data_type`, `default_value_is_constant`, `has_default_value`, `name`, `native_type_name`, `nullable`, `on_update`, `order_in_table`, `prec`, `scale`, `size`, `cdv`, `hash_position`, `user_table_id`) VALUES (207, 0, 12, 1, 0, 'COLLATION_CONNECTION', 'varchar', 1, 0, 29, 0, 0, 32, 0, 0, 23);
INSERT INTO `user_column` (`user_column_id`, `auto_generated`, `data_type`, `default_value_is_constant`, `has_default_value`, `name`, `native_type_name`, `nullable`, `on_update`, `order_in_table`, `prec`, `scale`, `size`, `cdv`, `hash_position`, `user_table_id`) VALUES (208, 0, 12, 1, 0, 'DATABASE_COLLATION', 'varchar', 1, 0, 30, 0, 0, 32, 0, 0, 23);
INSERT INTO `user_column` (`user_column_id`, `auto_generated`, `data_type`, `default_value_is_constant`, `has_default_value`, `name`, `native_type_name`, `nullable`, `on_update`, `order_in_table`, `prec`, `scale`, `size`, `cdv`, `hash_position`, `user_table_id`) VALUES (209, 0, 12, 1, 0, 'EVENT_CATALOG', 'varchar', 1, 0, 1, 0, 0, 64, 0, 0, 24);
INSERT INTO `user_column` (`user_column_id`, `auto_generated`, `data_type`, `default_value_is_constant`, `has_default_value`, `name`, `native_type_name`, `nullable`, `on_update`, `order_in_table`, `prec`, `scale`, `size`, `cdv`, `hash_position`, `user_table_id`) VALUES (210, 0, 12, 1, 0, 'EVENT_SCHEMA', 'varchar', 1, 0, 2, 0, 0, 64, 0, 0, 24);
INSERT INTO `user_column` (`user_column_id`, `auto_generated`, `data_type`, `default_value_is_constant`, `has_default_value`, `name`, `native_type_name`, `nullable`, `on_update`, `order_in_table`, `prec`, `scale`, `size`, `cdv`, `hash_position`, `user_table_id`) VALUES (211, 0, 12, 1, 0, 'EVENT_NAME', 'varchar', 1, 0, 3, 0, 0, 64, 0, 0, 24);
INSERT INTO `user_column` (`user_column_id`, `auto_generated`, `data_type`, `default_value_is_constant`, `has_default_value`, `name`, `native_type_name`, `nullable`, `on_update`, `order_in_table`, `prec`, `scale`, `size`, `cdv`, `hash_position`, `user_table_id`) VALUES (212, 0, 12, 1, 0, 'DEFINER', 'varchar', 1, 0, 4, 0, 0, 77, 0, 0, 24);
INSERT INTO `user_column` (`user_column_id`, `auto_generated`, `data_type`, `default_value_is_constant`, `has_default_value`, `name`, `native_type_name`, `nullable`, `on_update`, `order_in_table`, `prec`, `scale`, `size`, `cdv`, `hash_position`, `user_table_id`) VALUES (213, 0, 12, 1, 0, 'TIME_ZONE', 'varchar', 1, 0, 5, 0, 0, 64, 0, 0, 24);
INSERT INTO `user_column` (`user_column_id`, `auto_generated`, `data_type`, `default_value_is_constant`, `has_default_value`, `name`, `native_type_name`, `nullable`, `on_update`, `order_in_table`, `prec`, `scale`, `size`, `cdv`, `hash_position`, `user_table_id`) VALUES (214, 0, 12, 1, 0, 'EVENT_BODY', 'varchar', 1, 0, 6, 0, 0, 8, 0, 0, 24);
INSERT INTO `user_column` (`user_column_id`, `auto_generated`, `data_type`, `default_value_is_constant`, `has_default_value`, `name`, `native_type_name`, `nullable`, `on_update`, `order_in_table`, `prec`, `scale`, `size`, `cdv`, `hash_position`, `user_table_id`) VALUES (215, 0, -1, 1, 0, 'EVENT_DEFINITION', 'long varchar', 1, 0, 7, 0, 0, 196605, 0, 0, 24);
INSERT INTO `user_column` (`user_column_id`, `auto_generated`, `data_type`, `default_value_is_constant`, `has_default_value`, `name`, `native_type_name`, `nullable`, `on_update`, `order_in_table`, `prec`, `scale`, `size`, `cdv`, `hash_position`, `user_table_id`) VALUES (216, 0, 12, 1, 0, 'EVENT_TYPE', 'varchar', 1, 0, 8, 0, 0, 9, 0, 0, 24);
INSERT INTO `user_column` (`user_column_id`, `auto_generated`, `data_type`, `default_value_is_constant`, `has_default_value`, `name`, `native_type_name`, `nullable`, `on_update`, `order_in_table`, `prec`, `scale`, `size`, `cdv`, `hash_position`, `user_table_id`) VALUES (217, 0, 93, 1, 0, 'EXECUTE_AT', 'datetime', 1, 0, 9, 0, 0, 0, 0, 0, 24);
INSERT INTO `user_column` (`user_column_id`, `auto_generated`, `data_type`, `default_value_is_constant`, `has_default_value`, `name`, `native_type_name`, `nullable`, `on_update`, `order_in_table`, `prec`, `scale`, `size`, `cdv`, `hash_position`, `user_table_id`) VALUES (218, 0, 12, 1, 0, 'INTERVAL_VALUE', 'varchar', 1, 0, 10, 0, 0, 256, 0, 0, 24);
INSERT INTO `user_column` (`user_column_id`, `auto_generated`, `data_type`, `default_value_is_constant`, `has_default_value`, `name`, `native_type_name`, `nullable`, `on_update`, `order_in_table`, `prec`, `scale`, `size`, `cdv`, `hash_position`, `user_table_id`) VALUES (219, 0, 12, 1, 0, 'INTERVAL_FIELD', 'varchar', 1, 0, 11, 0, 0, 18, 0, 0, 24);
INSERT INTO `user_column` (`user_column_id`, `auto_generated`, `data_type`, `default_value_is_constant`, `has_default_value`, `name`, `native_type_name`, `nullable`, `on_update`, `order_in_table`, `prec`, `scale`, `size`, `cdv`, `hash_position`, `user_table_id`) VALUES (220, 0, 12, 1, 0, 'SQL_MODE', 'varchar', 1, 0, 12, 0, 0, 8192, 0, 0, 24);
INSERT INTO `user_column` (`user_column_id`, `auto_generated`, `data_type`, `default_value_is_constant`, `has_default_value`, `name`, `native_type_name`, `nullable`, `on_update`, `order_in_table`, `prec`, `scale`, `size`, `cdv`, `hash_position`, `user_table_id`) VALUES (221, 0, 93, 1, 0, 'STARTS', 'datetime', 1, 0, 13, 0, 0, 0, 0, 0, 24);
INSERT INTO `user_column` (`user_column_id`, `auto_generated`, `data_type`, `default_value_is_constant`, `has_default_value`, `name`, `native_type_name`, `nullable`, `on_update`, `order_in_table`, `prec`, `scale`, `size`, `cdv`, `hash_position`, `user_table_id`) VALUES (222, 0, 93, 1, 0, 'ENDS', 'datetime', 1, 0, 14, 0, 0, 0, 0, 0, 24);
INSERT INTO `user_column` (`user_column_id`, `auto_generated`, `data_type`, `default_value_is_constant`, `has_default_value`, `name`, `native_type_name`, `nullable`, `on_update`, `order_in_table`, `prec`, `scale`, `size`, `cdv`, `hash_position`, `user_table_id`) VALUES (223, 0, 12, 1, 0, 'STATUS', 'varchar', 1, 0, 15, 0, 0, 18, 0, 0, 24);
INSERT INTO `user_column` (`user_column_id`, `auto_generated`, `data_type`, `default_value_is_constant`, `has_default_value`, `name`, `native_type_name`, `nullable`, `on_update`, `order_in_table`, `prec`, `scale`, `size`, `cdv`, `hash_position`, `user_table_id`) VALUES (224, 0, 12, 1, 0, 'ON_COMPLETION', 'varchar', 1, 0, 16, 0, 0, 12, 0, 0, 24);
INSERT INTO `user_column` (`user_column_id`, `auto_generated`, `data_type`, `default_value_is_constant`, `has_default_value`, `name`, `native_type_name`, `nullable`, `on_update`, `order_in_table`, `prec`, `scale`, `size`, `cdv`, `hash_position`, `user_table_id`) VALUES (225, 0, 93, 1, 0, 'CREATED', 'datetime', 1, 0, 17, 0, 0, 0, 0, 0, 24);
INSERT INTO `user_column` (`user_column_id`, `auto_generated`, `data_type`, `default_value_is_constant`, `has_default_value`, `name`, `native_type_name`, `nullable`, `on_update`, `order_in_table`, `prec`, `scale`, `size`, `cdv`, `hash_position`, `user_table_id`) VALUES (226, 0, 93, 1, 0, 'LAST_ALTERED', 'datetime', 1, 0, 18, 0, 0, 0, 0, 0, 24);
INSERT INTO `user_column` (`user_column_id`, `auto_generated`, `data_type`, `default_value_is_constant`, `has_default_value`, `name`, `native_type_name`, `nullable`, `on_update`, `order_in_table`, `prec`, `scale`, `size`, `cdv`, `hash_position`, `user_table_id`) VALUES (227, 0, 93, 1, 0, 'LAST_EXECUTED', 'datetime', 1, 0, 19, 0, 0, 0, 0, 0, 24);
INSERT INTO `user_column` (`user_column_id`, `auto_generated`, `data_type`, `default_value_is_constant`, `has_default_value`, `name`, `native_type_name`, `nullable`, `on_update`, `order_in_table`, `prec`, `scale`, `size`, `cdv`, `hash_position`, `user_table_id`) VALUES (228, 0, 12, 1, 0, 'EVENT_COMMENT', 'varchar', 1, 0, 20, 0, 0, 64, 0, 0, 24);
INSERT INTO `user_column` (`user_column_id`, `auto_generated`, `data_type`, `default_value_is_constant`, `has_default_value`, `name`, `native_type_name`, `nullable`, `on_update`, `order_in_table`, `prec`, `scale`, `size`, `cdv`, `hash_position`, `user_table_id`) VALUES (229, 0, -5, 1, 0, 'ORIGINATOR', 'bigint', 1, 0, 21, 0, 0, 10, 0, 0, 24);
INSERT INTO `user_column` (`user_column_id`, `auto_generated`, `data_type`, `default_value_is_constant`, `has_default_value`, `name`, `native_type_name`, `nullable`, `on_update`, `order_in_table`, `prec`, `scale`, `size`, `cdv`, `hash_position`, `user_table_id`) VALUES (230, 0, 12, 1, 0, 'CHARACTER_SET_CLIENT', 'varchar', 1, 0, 22, 0, 0, 32, 0, 0, 24);
INSERT INTO `user_column` (`user_column_id`, `auto_generated`, `data_type`, `default_value_is_constant`, `has_default_value`, `name`, `native_type_name`, `nullable`, `on_update`, `order_in_table`, `prec`, `scale`, `size`, `cdv`, `hash_position`, `user_table_id`) VALUES (231, 0, 12, 1, 0, 'COLLATION_CONNECTION', 'varchar', 1, 0, 23, 0, 0, 32, 0, 0, 24);
INSERT INTO `user_column` (`user_column_id`, `auto_generated`, `data_type`, `default_value_is_constant`, `has_default_value`, `name`, `native_type_name`, `nullable`, `on_update`, `order_in_table`, `prec`, `scale`, `size`, `cdv`, `hash_position`, `user_table_id`) VALUES (232, 0, 12, 1, 0, 'DATABASE_COLLATION', 'varchar', 1, 0, 24, 0, 0, 32, 0, 0, 24);
INSERT INTO `user_column` (`user_column_id`, `auto_generated`, `data_type`, `default_value_is_constant`, `has_default_value`, `name`, `native_type_name`, `nullable`, `on_update`, `order_in_table`, `prec`, `scale`, `size`, `cdv`, `hash_position`, `user_table_id`) VALUES (233, 0, 12, 1, 0, 'constraint_catalog', 'varchar', 1, 0, 1, 0, 0, 255, 0, 0, 25);
INSERT INTO `user_column` (`user_column_id`, `auto_generated`, `data_type`, `default_value_is_constant`, `has_default_value`, `name`, `native_type_name`, `nullable`, `on_update`, `order_in_table`, `prec`, `scale`, `size`, `cdv`, `hash_position`, `user_table_id`) VALUES (234, 0, 12, 1, 0, 'unique_constraint_catalog', 'varchar', 1, 0, 2, 0, 0, 255, 0, 0, 25);
INSERT INTO `user_column` (`user_column_id`, `auto_generated`, `data_type`, `default_value_is_constant`, `has_default_value`, `name`, `native_type_name`, `nullable`, `on_update`, `order_in_table`, `prec`, `scale`, `size`, `cdv`, `hash_position`, `user_table_id`) VALUES (235, 0, 12, 1, 0, 'update_rule', 'varchar', 1, 0, 3, 0, 0, 255, 0, 0, 25);
INSERT INTO `user_column` (`user_column_id`, `auto_generated`, `data_type`, `default_value_is_constant`, `has_default_value`, `name`, `native_type_name`, `nullable`, `on_update`, `order_in_table`, `prec`, `scale`, `size`, `cdv`, `hash_position`, `user_table_id`) VALUES (236, 0, 12, 1, 0, 'delete_rule', 'varchar', 1, 0, 4, 0, 0, 255, 0, 0, 25);
INSERT INTO `user_column` (`user_column_id`, `auto_generated`, `data_type`, `default_value_is_constant`, `has_default_value`, `name`, `native_type_name`, `nullable`, `on_update`, `order_in_table`, `prec`, `scale`, `size`, `cdv`, `hash_position`, `user_table_id`) VALUES (237, 0, 12, 1, 0, 'table_name', 'varchar', 0, 0, 5, 0, 0, 255, 0, 0, 25);
INSERT INTO `user_column` (`user_column_id`, `auto_generated`, `data_type`, `default_value_is_constant`, `has_default_value`, `name`, `native_type_name`, `nullable`, `on_update`, `order_in_table`, `prec`, `scale`, `size`, `cdv`, `hash_position`, `user_table_id`) VALUES (238, 0, 12, 1, 0, 'referenced_table_name', 'varchar', 1, 0, 6, 0, 0, 255, 0, 0, 25);
INSERT INTO `user_column` (`user_column_id`, `auto_generated`, `data_type`, `default_value_is_constant`, `has_default_value`, `name`, `native_type_name`, `nullable`, `on_update`, `order_in_table`, `prec`, `scale`, `size`, `cdv`, `hash_position`, `user_table_id`) VALUES (239, 0, 12, 1, 0, 'constraint_catalog', 'varchar', 1, 0, 1, 0, 0, 255, 0, 0, 26);
INSERT INTO `user_column` (`user_column_id`, `auto_generated`, `data_type`, `default_value_is_constant`, `has_default_value`, `name`, `native_type_name`, `nullable`, `on_update`, `order_in_table`, `prec`, `scale`, `size`, `cdv`, `hash_position`, `user_table_id`) VALUES (240, 0, 12, 1, 0, 'table_catalog', 'varchar', 1, 0, 2, 0, 0, 255, 0, 0, 26);
INSERT INTO `user_column` (`user_column_id`, `auto_generated`, `data_type`, `default_value_is_constant`, `has_default_value`, `name`, `native_type_name`, `nullable`, `on_update`, `order_in_table`, `prec`, `scale`, `size`, `cdv`, `hash_position`, `user_table_id`) VALUES (241, 0, 12, 1, 0, 'table_schema', 'varchar', 1, 0, 3, 0, 0, 255, 0, 0, 26);
INSERT INTO `user_column` (`user_column_id`, `auto_generated`, `data_type`, `default_value_is_constant`, `has_default_value`, `name`, `native_type_name`, `nullable`, `on_update`, `order_in_table`, `prec`, `scale`, `size`, `cdv`, `hash_position`, `user_table_id`) VALUES (242, 0, 12, 1, 0, 'table_name', 'varchar', 1, 0, 4, 0, 0, 255, 0, 0, 26);
INSERT INTO `user_column` (`user_column_id`, `auto_generated`, `data_type`, `default_value_is_constant`, `has_default_value`, `name`, `native_type_name`, `nullable`, `on_update`, `order_in_table`, `prec`, `scale`, `size`, `cdv`, `hash_position`, `user_table_id`) VALUES (243, 0, 12, 1, 0, 'column_name', 'varchar', 1, 0, 5, 0, 0, 255, 0, 0, 26);
INSERT INTO `user_column` (`user_column_id`, `auto_generated`, `data_type`, `default_value_is_constant`, `has_default_value`, `name`, `native_type_name`, `nullable`, `on_update`, `order_in_table`, `prec`, `scale`, `size`, `cdv`, `hash_position`, `user_table_id`) VALUES (244, 0, 4, 1, 0, 'ordinal_position', 'integer', 0, 0, 6, 0, 0, 0, 0, 0, 26);
INSERT INTO `user_column` (`user_column_id`, `auto_generated`, `data_type`, `default_value_is_constant`, `has_default_value`, `name`, `native_type_name`, `nullable`, `on_update`, `order_in_table`, `prec`, `scale`, `size`, `cdv`, `hash_position`, `user_table_id`) VALUES (245, 0, 12, 1, 0, 'referenced_table_schema', 'varchar', 1, 0, 7, 0, 0, 255, 0, 0, 26);
INSERT INTO `user_column` (`user_column_id`, `auto_generated`, `data_type`, `default_value_is_constant`, `has_default_value`, `name`, `native_type_name`, `nullable`, `on_update`, `order_in_table`, `prec`, `scale`, `size`, `cdv`, `hash_position`, `user_table_id`) VALUES (246, 0, 12, 1, 0, 'referenced_table_name', 'varchar', 1, 0, 8, 0, 0, 255, 0, 0, 26);
INSERT INTO `user_column` (`user_column_id`, `auto_generated`, `data_type`, `default_value_is_constant`, `has_default_value`, `name`, `native_type_name`, `nullable`, `on_update`, `order_in_table`, `prec`, `scale`, `size`, `cdv`, `hash_position`, `user_table_id`) VALUES (247, 0, 12, 1, 0, 'referenced_column_name', 'varchar', 1, 0, 9, 0, 0, 255, 0, 0, 26);
INSERT INTO `user_column` (`user_column_id`, `auto_generated`, `data_type`, `default_value_is_constant`, `has_default_value`, `name`, `native_type_name`, `nullable`, `on_update`, `order_in_table`, `prec`, `scale`, `size`, `cdv`, `hash_position`, `user_table_id`) VALUES (248, 0, 12, 1, 0, 'constraint_catalog', 'varchar', 1, 0, 1, 0, 0, 255, 0, 0, 27);
INSERT INTO `user_column` (`user_column_id`, `auto_generated`, `data_type`, `default_value_is_constant`, `has_default_value`, `name`, `native_type_name`, `nullable`, `on_update`, `order_in_table`, `prec`, `scale`, `size`, `cdv`, `hash_position`, `user_table_id`) VALUES (249, 0, 12, 1, 0, 'constraint_schema', 'varchar', 1, 0, 2, 0, 0, 255, 0, 0, 27);
INSERT INTO `user_column` (`user_column_id`, `auto_generated`, `data_type`, `default_value_is_constant`, `has_default_value`, `name`, `native_type_name`, `nullable`, `on_update`, `order_in_table`, `prec`, `scale`, `size`, `cdv`, `hash_position`, `user_table_id`) VALUES (250, 0, 12, 1, 0, 'constraint_name', 'varchar', 1, 0, 3, 0, 0, 255, 0, 0, 27);
INSERT INTO `user_column` (`user_column_id`, `auto_generated`, `data_type`, `default_value_is_constant`, `has_default_value`, `name`, `native_type_name`, `nullable`, `on_update`, `order_in_table`, `prec`, `scale`, `size`, `cdv`, `hash_position`, `user_table_id`) VALUES (251, 0, 12, 1, 0, 'table_schema', 'varchar', 1, 0, 4, 0, 0, 255, 0, 0, 27);
INSERT INTO `user_column` (`user_column_id`, `auto_generated`, `data_type`, `default_value_is_constant`, `has_default_value`, `name`, `native_type_name`, `nullable`, `on_update`, `order_in_table`, `prec`, `scale`, `size`, `cdv`, `hash_position`, `user_table_id`) VALUES (252, 0, 12, 1, 0, 'table_name', 'varchar', 0, 0, 5, 0, 0, 255, 0, 0, 27);
INSERT INTO `user_column` (`user_column_id`, `auto_generated`, `data_type`, `default_value_is_constant`, `has_default_value`, `name`, `native_type_name`, `nullable`, `on_update`, `order_in_table`, `prec`, `scale`, `size`, `cdv`, `hash_position`, `user_table_id`) VALUES (253, 0, 12, 1, 0, 'constraint_type', 'varchar', 1, 0, 6, 0, 0, 255, 0, 0, 27);
INSERT INTO `user_column` (`user_column_id`, `auto_generated`, `data_type`, `default_value_is_constant`, `has_default_value`, `name`, `native_type_name`, `nullable`, `on_update`, `order_in_table`, `prec`, `scale`, `size`, `cdv`, `hash_position`, `user_table_id`) VALUES (254, 0, 12, 1, 0, 'catalog_name', 'varchar', 1, 0, 1, 0, 0, 255, 0, 0, 28);
INSERT INTO `user_column` (`user_column_id`, `auto_generated`, `data_type`, `default_value_is_constant`, `has_default_value`, `name`, `native_type_name`, `nullable`, `on_update`, `order_in_table`, `prec`, `scale`, `size`, `cdv`, `hash_position`, `user_table_id`) VALUES (255, 0, 12, 1, 0, 'schema_name', 'varchar', 0, 0, 2, 0, 0, 255, 0, 0, 28);
INSERT INTO `user_column` (`user_column_id`, `auto_generated`, `data_type`, `default_value_is_constant`, `has_default_value`, `name`, `native_type_name`, `nullable`, `on_update`, `order_in_table`, `prec`, `scale`, `size`, `cdv`, `hash_position`, `user_table_id`) VALUES (256, 0, 12, 1, 0, 'default_persistent_group', 'varchar', 1, 0, 3, 0, 0, 255, 0, 0, 28);
INSERT INTO `user_column` (`user_column_id`, `auto_generated`, `data_type`, `default_value_is_constant`, `has_default_value`, `name`, `native_type_name`, `nullable`, `on_update`, `order_in_table`, `prec`, `scale`, `size`, `cdv`, `hash_position`, `user_table_id`) VALUES (257, 0, 12, 1, 0, 'template', 'varchar', 1, 0, 4, 0, 0, 255, 0, 0, 28);
INSERT INTO `user_column` (`user_column_id`, `auto_generated`, `data_type`, `default_value_is_constant`, `has_default_value`, `name`, `native_type_name`, `nullable`, `on_update`, `order_in_table`, `prec`, `scale`, `size`, `cdv`, `hash_position`, `user_table_id`) VALUES (258, 0, 12, 1, 0, 'strict_template', 'varchar', 1, 0, 5, 0, 0, 8, 0, 0, 28);
INSERT INTO `user_column` (`user_column_id`, `auto_generated`, `data_type`, `default_value_is_constant`, `has_default_value`, `name`, `native_type_name`, `nullable`, `on_update`, `order_in_table`, `prec`, `scale`, `size`, `cdv`, `hash_position`, `user_table_id`) VALUES (259, 0, 12, 1, 0, 'multitenant', 'varchar', 0, 0, 6, 0, 0, 255, 0, 0, 28);
INSERT INTO `user_column` (`user_column_id`, `auto_generated`, `data_type`, `default_value_is_constant`, `has_default_value`, `name`, `native_type_name`, `nullable`, `on_update`, `order_in_table`, `prec`, `scale`, `size`, `cdv`, `hash_position`, `user_table_id`) VALUES (260, 0, 12, 1, 0, 'fkmode', 'varchar', 0, 0, 7, 0, 0, 255, 0, 0, 28);
INSERT INTO `user_column` (`user_column_id`, `auto_generated`, `data_type`, `default_value_is_constant`, `has_default_value`, `name`, `native_type_name`, `nullable`, `on_update`, `order_in_table`, `prec`, `scale`, `size`, `cdv`, `hash_position`, `user_table_id`) VALUES (261, 0, 12, 1, 0, 'default_character_set_name', 'varchar', 1, 0, 8, 0, 0, 32, 0, 0, 28);
INSERT INTO `user_column` (`user_column_id`, `auto_generated`, `data_type`, `default_value_is_constant`, `has_default_value`, `name`, `native_type_name`, `nullable`, `on_update`, `order_in_table`, `prec`, `scale`, `size`, `cdv`, `hash_position`, `user_table_id`) VALUES (262, 0, 12, 1, 0, 'default_collation_name', 'varchar', 1, 0, 9, 0, 0, 32, 0, 0, 28);
INSERT INTO `user_column` (`user_column_id`, `auto_generated`, `data_type`, `default_value_is_constant`, `has_default_value`, `name`, `native_type_name`, `nullable`, `on_update`, `order_in_table`, `prec`, `scale`, `size`, `cdv`, `hash_position`, `user_table_id`) VALUES (263, 0, 12, 1, 0, 'database_name', 'varchar', 1, 0, 1, 0, 0, 255, 0, 0, 29);
INSERT INTO `user_column` (`user_column_id`, `auto_generated`, `data_type`, `default_value_is_constant`, `has_default_value`, `name`, `native_type_name`, `nullable`, `on_update`, `order_in_table`, `prec`, `scale`, `size`, `cdv`, `hash_position`, `user_table_id`) VALUES (264, 0, 12, 1, 0, 'table_name', 'varchar', 1, 0, 2, 0, 0, 255, 0, 0, 29);
INSERT INTO `user_column` (`user_column_id`, `auto_generated`, `data_type`, `default_value_is_constant`, `has_default_value`, `name`, `native_type_name`, `nullable`, `on_update`, `order_in_table`, `prec`, `scale`, `size`, `cdv`, `hash_position`, `user_table_id`) VALUES (265, 0, 12, 1, 0, 'column_name', 'varchar', 1, 0, 3, 0, 0, 255, 0, 0, 29);
INSERT INTO `user_column` (`user_column_id`, `auto_generated`, `data_type`, `default_value_is_constant`, `has_default_value`, `name`, `native_type_name`, `nullable`, `on_update`, `order_in_table`, `prec`, `scale`, `size`, `cdv`, `hash_position`, `user_table_id`) VALUES (266, 0, 4, 1, 0, 'vector_position', 'integer', 1, 0, 4, 0, 0, 0, 0, 0, 29);
INSERT INTO `user_column` (`user_column_id`, `auto_generated`, `data_type`, `default_value_is_constant`, `has_default_value`, `name`, `native_type_name`, `nullable`, `on_update`, `order_in_table`, `prec`, `scale`, `size`, `cdv`, `hash_position`, `user_table_id`) VALUES (267, 0, 12, 1, 0, 'model_type', 'varchar', 1, 0, 5, 0, 0, 255, 0, 0, 29);
INSERT INTO `user_column` (`user_column_id`, `auto_generated`, `data_type`, `default_value_is_constant`, `has_default_value`, `name`, `native_type_name`, `nullable`, `on_update`, `order_in_table`, `prec`, `scale`, `size`, `cdv`, `hash_position`, `user_table_id`) VALUES (268, 0, 12, 1, 0, 'model_name', 'varchar', 1, 0, 6, 0, 0, 255, 0, 0, 29);
INSERT INTO `user_column` (`user_column_id`, `auto_generated`, `data_type`, `default_value_is_constant`, `has_default_value`, `name`, `native_type_name`, `nullable`, `on_update`, `order_in_table`, `prec`, `scale`, `size`, `cdv`, `hash_position`, `user_table_id`) VALUES (269, 0, 12, 1, 0, 'Name', 'varchar', 1, 0, 1, 0, 0, 255, 0, 0, 30);
INSERT INTO `user_column` (`user_column_id`, `auto_generated`, `data_type`, `default_value_is_constant`, `has_default_value`, `name`, `native_type_name`, `nullable`, `on_update`, `order_in_table`, `prec`, `scale`, `size`, `cdv`, `hash_position`, `user_table_id`) VALUES (270, 0, 12, 1, 0, 'Host', 'varchar', 1, 0, 2, 0, 0, 255, 0, 0, 30);
INSERT INTO `user_column` (`user_column_id`, `auto_generated`, `data_type`, `default_value_is_constant`, `has_default_value`, `name`, `native_type_name`, `nullable`, `on_update`, `order_in_table`, `prec`, `scale`, `size`, `cdv`, `hash_position`, `user_table_id`) VALUES (271, 0, 12, 1, 0, 'Host', 'varchar', 1, 0, 1, 0, 0, 255, 0, 0, 31);
INSERT INTO `user_column` (`user_column_id`, `auto_generated`, `data_type`, `default_value_is_constant`, `has_default_value`, `name`, `native_type_name`, `nullable`, `on_update`, `order_in_table`, `prec`, `scale`, `size`, `cdv`, `hash_position`, `user_table_id`) VALUES (272, 0, 12, 1, 0, 'Db', 'varchar', 1, 0, 2, 0, 0, 255, 0, 0, 31);
INSERT INTO `user_column` (`user_column_id`, `auto_generated`, `data_type`, `default_value_is_constant`, `has_default_value`, `name`, `native_type_name`, `nullable`, `on_update`, `order_in_table`, `prec`, `scale`, `size`, `cdv`, `hash_position`, `user_table_id`) VALUES (273, 0, 12, 1, 0, 'User', 'varchar', 1, 0, 3, 0, 0, 255, 0, 0, 31);
