---
-- #%L
-- Tesora Inc.
-- Database Virtualization Engine
-- %%
-- Copyright (C) 2011 - 2014 Tesora Inc.
-- %%
-- This program is free software: you can redistribute it and/or modify
-- it under the terms of the GNU Affero General Public License, version 3,
-- as published by the Free Software Foundation.
-- 
-- This program is distributed in the hope that it will be useful,
-- but WITHOUT ANY WARRANTY; without even the implied warranty of
-- MERCHANTABILITY or FITNESS FOR A PARTICULAR PURPOSE. See the
-- GNU Affero General Public License for more details.
-- 
-- You should have received a copy of the GNU Affero General Public License
-- along with this program. If not, see <http://www.gnu.org/licenses/>.
-- #L%
---
INSERT INTO `user_database` (`user_database_id`, `default_character_set_name`, `default_collation_name`, `multitenant_mode`, `name`, `default_group_id`, `fk_mode`) VALUES (1, 'utf8', 'utf8_general_ci', 'off', 'INFORMATION_SCHEMA', 1001, 'strict');
INSERT INTO `user_database` (`user_database_id`, `default_character_set_name`, `default_collation_name`, `multitenant_mode`, `name`, `default_group_id`, `fk_mode`) VALUES (2, 'utf8', 'utf8_general_ci', 'off', 'mysql', 1001, 'strict');
INSERT INTO `user_table` (`table_id`, `name`, `distribution_model_id`, `persistent_group_id`, `user_database_id`, `engine`, `table_type`) VALUES (3, 'TABLES', 2002, 1001, 1, 'MEMORY', 'SYSTEM VIEW');
INSERT INTO `user_table` (`table_id`, `name`, `distribution_model_id`, `persistent_group_id`, `user_database_id`, `engine`, `table_type`) VALUES (4, 'RANGE_DISTRIBUTION', 2002, 1001, 1, 'MEMORY', 'SYSTEM VIEW');
INSERT INTO `user_table` (`table_id`, `name`, `distribution_model_id`, `persistent_group_id`, `user_database_id`, `engine`, `table_type`) VALUES (5, 'GROUP_PROVIDER', 2002, 1001, 1, 'MEMORY', 'SYSTEM VIEW');
INSERT INTO `user_table` (`table_id`, `name`, `distribution_model_id`, `persistent_group_id`, `user_database_id`, `engine`, `table_type`) VALUES (6, 'STORAGE_GROUP', 2002, 1001, 1, 'MEMORY', 'SYSTEM VIEW');
INSERT INTO `user_table` (`table_id`, `name`, `distribution_model_id`, `persistent_group_id`, `user_database_id`, `engine`, `table_type`) VALUES (7, 'STORAGE_SITE', 2002, 1001, 1, 'MEMORY', 'SYSTEM VIEW');
INSERT INTO `user_table` (`table_id`, `name`, `distribution_model_id`, `persistent_group_id`, `user_database_id`, `engine`, `table_type`) VALUES (8, 'TENANT', 2002, 1001, 1, 'MEMORY', 'SYSTEM VIEW');
INSERT INTO `user_table` (`table_id`, `name`, `distribution_model_id`, `persistent_group_id`, `user_database_id`, `engine`, `table_type`) VALUES (9, 'COLUMNS', 2002, 1001, 1, 'MEMORY', 'SYSTEM VIEW');
INSERT INTO `user_table` (`table_id`, `name`, `distribution_model_id`, `persistent_group_id`, `user_database_id`, `engine`, `table_type`) VALUES (10, 'STORAGE_GENERATION', 2002, 1001, 1, 'MEMORY', 'SYSTEM VIEW');
INSERT INTO `user_table` (`table_id`, `name`, `distribution_model_id`, `persistent_group_id`, `user_database_id`, `engine`, `table_type`) VALUES (11, 'DISTRIBUTION_MODEL', 2002, 1001, 1, 'MEMORY', 'SYSTEM VIEW');
INSERT INTO `user_table` (`table_id`, `name`, `distribution_model_id`, `persistent_group_id`, `user_database_id`, `engine`, `table_type`) VALUES (12, 'SITE_INSTANCE', 2002, 1001, 1, 'MEMORY', 'SYSTEM VIEW');
INSERT INTO `user_table` (`table_id`, `name`, `distribution_model_id`, `persistent_group_id`, `user_database_id`, `engine`, `table_type`) VALUES (13, 'EXTERNAL_SERVICE', 2002, 1001, 1, 'MEMORY', 'SYSTEM VIEW');
INSERT INTO `user_table` (`table_id`, `name`, `distribution_model_id`, `persistent_group_id`, `user_database_id`, `engine`, `table_type`) VALUES (14, 'CONTAINER', 2002, 1001, 1, 'MEMORY', 'SYSTEM VIEW');
INSERT INTO `user_table` (`table_id`, `name`, `distribution_model_id`, `persistent_group_id`, `user_database_id`, `engine`, `table_type`) VALUES (15, 'CHARACTER_SETS', 2002, 1001, 1, 'MEMORY', 'SYSTEM VIEW');
INSERT INTO `user_table` (`table_id`, `name`, `distribution_model_id`, `persistent_group_id`, `user_database_id`, `engine`, `table_type`) VALUES (16, 'ENGINES', 2002, 1001, 1, 'MEMORY', 'SYSTEM VIEW');
INSERT INTO `user_table` (`table_id`, `name`, `distribution_model_id`, `persistent_group_id`, `user_database_id`, `engine`, `table_type`) VALUES (17, 'TEMPLATES', 2002, 1001, 1, 'MEMORY', 'SYSTEM VIEW');
INSERT INTO `user_table` (`table_id`, `name`, `distribution_model_id`, `persistent_group_id`, `user_database_id`, `engine`, `table_type`) VALUES (18, 'SERVER', 2002, 1001, 1, 'MEMORY', 'SYSTEM VIEW');
INSERT INTO `user_table` (`table_id`, `name`, `distribution_model_id`, `persistent_group_id`, `user_database_id`, `engine`, `table_type`) VALUES (19, 'RAWPLANS', 2002, 1001, 1, 'MEMORY', 'SYSTEM VIEW');
INSERT INTO `user_table` (`table_id`, `name`, `distribution_model_id`, `persistent_group_id`, `user_database_id`, `engine`, `table_type`) VALUES (20, 'COLLATIONS', 2002, 1001, 1, 'MEMORY', 'SYSTEM VIEW');
INSERT INTO `user_table` (`table_id`, `name`, `distribution_model_id`, `persistent_group_id`, `user_database_id`, `engine`, `table_type`) VALUES (21, 'VARIABLE_DEFINITIONS', 2002, 1001, 1, 'MEMORY', 'SYSTEM VIEW');
INSERT INTO `user_table` (`table_id`, `name`, `distribution_model_id`, `persistent_group_id`, `user_database_id`, `engine`, `table_type`) VALUES (22, 'GENERATION_SITE', 2002, 1001, 1, 'MEMORY', 'SYSTEM VIEW');
INSERT INTO `user_table` (`table_id`, `name`, `distribution_model_id`, `persistent_group_id`, `user_database_id`, `engine`, `table_type`) VALUES (23, 'GLOBAL_VARIABLES', 2002, 1001, 1, 'MEMORY', 'SYSTEM VIEW');
INSERT INTO `user_table` (`table_id`, `name`, `distribution_model_id`, `persistent_group_id`, `user_database_id`, `engine`, `table_type`) VALUES (24, 'SESSION_VARIABLES', 2002, 1001, 1, 'MEMORY', 'SYSTEM VIEW');
INSERT INTO `user_table` (`table_id`, `name`, `distribution_model_id`, `persistent_group_id`, `user_database_id`, `engine`, `table_type`) VALUES (25, 'FILES', 2002, 1001, 1, 'MEMORY', 'SYSTEM VIEW');
INSERT INTO `user_table` (`table_id`, `name`, `distribution_model_id`, `persistent_group_id`, `user_database_id`, `engine`, `table_type`) VALUES (26, 'PARTITIONS', 2002, 1001, 1, 'MEMORY', 'SYSTEM VIEW');
INSERT INTO `user_table` (`table_id`, `name`, `distribution_model_id`, `persistent_group_id`, `user_database_id`, `engine`, `table_type`) VALUES (27, 'ROUTINES', 2002, 1001, 1, 'MEMORY', 'SYSTEM VIEW');
INSERT INTO `user_table` (`table_id`, `name`, `distribution_model_id`, `persistent_group_id`, `user_database_id`, `engine`, `table_type`) VALUES (28, 'EVENTS', 2002, 1001, 1, 'MEMORY', 'SYSTEM VIEW');
INSERT INTO `user_table` (`table_id`, `name`, `distribution_model_id`, `persistent_group_id`, `user_database_id`, `engine`, `table_type`) VALUES (29, 'REFERENTIAL_CONSTRAINTS', 2002, 1001, 1, 'MEMORY', 'SYSTEM VIEW');
INSERT INTO `user_table` (`table_id`, `name`, `distribution_model_id`, `persistent_group_id`, `user_database_id`, `engine`, `table_type`) VALUES (30, 'KEY_COLUMN_USAGE', 2002, 1001, 1, 'MEMORY', 'SYSTEM VIEW');
INSERT INTO `user_table` (`table_id`, `name`, `distribution_model_id`, `persistent_group_id`, `user_database_id`, `engine`, `table_type`) VALUES (31, 'TABLE_CONSTRAINTS', 2002, 1001, 1, 'MEMORY', 'SYSTEM VIEW');
INSERT INTO `user_table` (`table_id`, `name`, `distribution_model_id`, `persistent_group_id`, `user_database_id`, `engine`, `table_type`) VALUES (32, 'SCHEMATA', 2002, 1001, 1, 'MEMORY', 'SYSTEM VIEW');
INSERT INTO `user_table` (`table_id`, `name`, `distribution_model_id`, `persistent_group_id`, `user_database_id`, `engine`, `table_type`) VALUES (33, 'DISTRIBUTIONS', 2002, 1001, 1, 'MEMORY', 'SYSTEM VIEW');
INSERT INTO `user_table` (`table_id`, `name`, `distribution_model_id`, `persistent_group_id`, `user_database_id`, `engine`, `table_type`) VALUES (34, 'PLUGINS', 2002, 1001, 1, 'MEMORY', 'SYSTEM VIEW');
INSERT INTO `user_table` (`table_id`, `name`, `distribution_model_id`, `persistent_group_id`, `user_database_id`, `engine`, `table_type`) VALUES (35, 'SCOPES', 2002, 1001, 1, 'MEMORY', 'SYSTEM VIEW');
INSERT INTO `user_table` (`table_id`, `name`, `distribution_model_id`, `persistent_group_id`, `user_database_id`, `engine`, `table_type`) VALUES (36, 'VIEWS', 2002, 1001, 1, 'MEMORY', 'SYSTEM VIEW');
INSERT INTO `user_table` (`table_id`, `name`, `distribution_model_id`, `persistent_group_id`, `user_database_id`, `engine`, `table_type`) VALUES (37, 'TEMPORARY_TABLES', 2002, 1001, 1, 'MEMORY', 'SYSTEM VIEW');
INSERT INTO `user_table` (`table_id`, `name`, `distribution_model_id`, `persistent_group_id`, `user_database_id`, `engine`, `table_type`) VALUES (38, 'GLOBAL_TEMPORARY_TABLES', 2002, 1001, 1, 'MEMORY', 'SYSTEM VIEW');
INSERT INTO `user_table` (`table_id`, `name`, `distribution_model_id`, `persistent_group_id`, `user_database_id`, `engine`, `table_type`) VALUES (39, 'user', 2002, 1001, 2, 'MEMORY', 'SYSTEM VIEW');
INSERT INTO `user_table` (`table_id`, `name`, `distribution_model_id`, `persistent_group_id`, `user_database_id`, `engine`, `table_type`) VALUES (40, 'db', 2002, 1001, 2, 'MEMORY', 'SYSTEM VIEW');
INSERT INTO `user_column` (`user_column_id`, `auto_generated`, `data_type`, `default_value_is_constant`, `has_default_value`, `name`, `native_type_name`, `nullable`, `on_update`, `order_in_table`, `prec`, `scale`, `size`, `cdv`, `hash_position`, `user_table_id`) VALUES (41, 0, 12, 1, 0, 'TABLE_SCHEMA', 'varchar', 1, 0, 1, 0, 0, 255, 0, 0, 3);
INSERT INTO `user_column` (`user_column_id`, `auto_generated`, `data_type`, `default_value_is_constant`, `has_default_value`, `name`, `native_type_name`, `nullable`, `on_update`, `order_in_table`, `prec`, `scale`, `size`, `cdv`, `hash_position`, `user_table_id`) VALUES (42, 0, 12, 1, 0, 'TABLE_NAME', 'varchar', 0, 0, 2, 0, 0, 255, 0, 0, 3);
INSERT INTO `user_column` (`user_column_id`, `auto_generated`, `data_type`, `default_value_is_constant`, `has_default_value`, `name`, `native_type_name`, `nullable`, `on_update`, `order_in_table`, `prec`, `scale`, `size`, `cdv`, `hash_position`, `user_table_id`) VALUES (43, 0, 12, 1, 0, 'TABLE_TYPE', 'varchar', 0, 0, 3, 0, 0, 255, 0, 0, 3);
INSERT INTO `user_column` (`user_column_id`, `auto_generated`, `data_type`, `default_value_is_constant`, `has_default_value`, `name`, `native_type_name`, `nullable`, `on_update`, `order_in_table`, `prec`, `scale`, `size`, `cdv`, `hash_position`, `user_table_id`) VALUES (44, 0, 12, 1, 0, 'ENGINE', 'varchar', 1, 0, 4, 0, 0, 255, 0, 0, 3);
INSERT INTO `user_column` (`user_column_id`, `auto_generated`, `data_type`, `default_value_is_constant`, `has_default_value`, `name`, `native_type_name`, `nullable`, `on_update`, `order_in_table`, `prec`, `scale`, `size`, `cdv`, `hash_position`, `user_table_id`) VALUES (45, 0, 12, 1, 0, 'STORAGE_GROUP', 'varchar', 1, 0, 5, 0, 0, 255, 0, 0, 3);
INSERT INTO `user_column` (`user_column_id`, `auto_generated`, `data_type`, `default_value_is_constant`, `has_default_value`, `name`, `native_type_name`, `nullable`, `on_update`, `order_in_table`, `prec`, `scale`, `size`, `cdv`, `hash_position`, `user_table_id`) VALUES (46, 0, 12, 1, 0, 'ROW_FORMAT', 'varchar', 1, 0, 6, 0, 0, 10, 0, 0, 3);
INSERT INTO `user_column` (`user_column_id`, `auto_generated`, `data_type`, `default_value_is_constant`, `has_default_value`, `name`, `native_type_name`, `nullable`, `on_update`, `order_in_table`, `prec`, `scale`, `size`, `cdv`, `hash_position`, `user_table_id`) VALUES (47, 0, 12, 1, 0, 'TABLE_COLLATION', 'varchar', 1, 0, 7, 0, 0, 255, 0, 0, 3);
INSERT INTO `user_column` (`user_column_id`, `auto_generated`, `data_type`, `default_value_is_constant`, `has_default_value`, `name`, `native_type_name`, `nullable`, `on_update`, `order_in_table`, `prec`, `scale`, `size`, `cdv`, `hash_position`, `user_table_id`) VALUES (48, 0, 12, 1, 0, 'CREATE_OPTIONS', 'varchar', 1, 0, 8, 0, 0, 255, 0, 0, 3);
INSERT INTO `user_column` (`user_column_id`, `auto_generated`, `data_type`, `default_value_is_constant`, `has_default_value`, `name`, `native_type_name`, `nullable`, `on_update`, `order_in_table`, `prec`, `scale`, `size`, `cdv`, `hash_position`, `user_table_id`) VALUES (49, 0, 12, 1, 0, 'TABLE_COMMENT', 'varchar', 1, 0, 9, 0, 0, 255, 0, 0, 3);
INSERT INTO `user_column` (`user_column_id`, `auto_generated`, `data_type`, `default_value_is_constant`, `has_default_value`, `name`, `native_type_name`, `nullable`, `on_update`, `order_in_table`, `prec`, `scale`, `size`, `cdv`, `hash_position`, `user_table_id`) VALUES (50, 0, 12, 1, 0, 'NAME', 'varchar', 0, 0, 1, 0, 0, 255, 0, 0, 4);
INSERT INTO `user_column` (`user_column_id`, `auto_generated`, `data_type`, `default_value_is_constant`, `has_default_value`, `name`, `native_type_name`, `nullable`, `on_update`, `order_in_table`, `prec`, `scale`, `size`, `cdv`, `hash_position`, `user_table_id`) VALUES (51, 0, 12, 1, 0, 'STORAGE_GROUP', 'varchar', 1, 0, 2, 0, 0, 255, 0, 0, 4);
INSERT INTO `user_column` (`user_column_id`, `auto_generated`, `data_type`, `default_value_is_constant`, `has_default_value`, `name`, `native_type_name`, `nullable`, `on_update`, `order_in_table`, `prec`, `scale`, `size`, `cdv`, `hash_position`, `user_table_id`) VALUES (52, 0, 12, 1, 0, 'SIGNATURE', 'varchar', 0, 0, 3, 0, 0, 255, 0, 0, 4);
INSERT INTO `user_column` (`user_column_id`, `auto_generated`, `data_type`, `default_value_is_constant`, `has_default_value`, `name`, `native_type_name`, `nullable`, `on_update`, `order_in_table`, `prec`, `scale`, `size`, `cdv`, `hash_position`, `user_table_id`) VALUES (53, 0, 12, 1, 0, 'NAME', 'varchar', 0, 0, 1, 0, 0, 255, 0, 0, 5);
INSERT INTO `user_column` (`user_column_id`, `auto_generated`, `data_type`, `default_value_is_constant`, `has_default_value`, `name`, `native_type_name`, `nullable`, `on_update`, `order_in_table`, `prec`, `scale`, `size`, `cdv`, `hash_position`, `user_table_id`) VALUES (54, 0, 12, 1, 0, 'PLUGIN', 'varchar', 0, 0, 2, 0, 0, 255, 0, 0, 5);
INSERT INTO `user_column` (`user_column_id`, `auto_generated`, `data_type`, `default_value_is_constant`, `has_default_value`, `name`, `native_type_name`, `nullable`, `on_update`, `order_in_table`, `prec`, `scale`, `size`, `cdv`, `hash_position`, `user_table_id`) VALUES (55, 0, 12, 1, 0, 'ENABLED', 'varchar', 0, 0, 3, 0, 0, 8, 0, 0, 5);
INSERT INTO `user_column` (`user_column_id`, `auto_generated`, `data_type`, `default_value_is_constant`, `has_default_value`, `name`, `native_type_name`, `nullable`, `on_update`, `order_in_table`, `prec`, `scale`, `size`, `cdv`, `hash_position`, `user_table_id`) VALUES (56, 0, 12, 1, 0, 'NAME', 'varchar', 0, 0, 1, 0, 0, 255, 0, 0, 6);
INSERT INTO `user_column` (`user_column_id`, `auto_generated`, `data_type`, `default_value_is_constant`, `has_default_value`, `name`, `native_type_name`, `nullable`, `on_update`, `order_in_table`, `prec`, `scale`, `size`, `cdv`, `hash_position`, `user_table_id`) VALUES (57, 0, 4, 1, 0, 'LAST_GENERATION', 'int', 0, 0, 2, 0, 0, 0, 0, 0, 6);
INSERT INTO `user_column` (`user_column_id`, `auto_generated`, `data_type`, `default_value_is_constant`, `has_default_value`, `name`, `native_type_name`, `nullable`, `on_update`, `order_in_table`, `prec`, `scale`, `size`, `cdv`, `hash_position`, `user_table_id`) VALUES (58, 0, 12, 1, 0, 'NAME', 'varchar', 0, 0, 1, 0, 0, 255, 0, 0, 7);
INSERT INTO `user_column` (`user_column_id`, `auto_generated`, `data_type`, `default_value_is_constant`, `has_default_value`, `name`, `native_type_name`, `nullable`, `on_update`, `order_in_table`, `prec`, `scale`, `size`, `cdv`, `hash_position`, `user_table_id`) VALUES (59, 0, 12, 1, 0, 'HATYPE', 'varchar', 0, 0, 2, 0, 0, 25, 0, 0, 7);
INSERT INTO `user_column` (`user_column_id`, `auto_generated`, `data_type`, `default_value_is_constant`, `has_default_value`, `name`, `native_type_name`, `nullable`, `on_update`, `order_in_table`, `prec`, `scale`, `size`, `cdv`, `hash_position`, `user_table_id`) VALUES (60, 0, 12, 1, 0, 'MASTERURL', 'varchar', 0, 0, 3, 0, 0, 255, 0, 0, 7);
INSERT INTO `user_column` (`user_column_id`, `auto_generated`, `data_type`, `default_value_is_constant`, `has_default_value`, `name`, `native_type_name`, `nullable`, `on_update`, `order_in_table`, `prec`, `scale`, `size`, `cdv`, `hash_position`, `user_table_id`) VALUES (61, 0, 12, 1, 0, 'NAME', 'varchar', 0, 0, 1, 0, 0, 255, 0, 0, 8);
INSERT INTO `user_column` (`user_column_id`, `auto_generated`, `data_type`, `default_value_is_constant`, `has_default_value`, `name`, `native_type_name`, `nullable`, `on_update`, `order_in_table`, `prec`, `scale`, `size`, `cdv`, `hash_position`, `user_table_id`) VALUES (62, 0, 12, 1, 0, 'DATABASE', 'varchar', 1, 0, 2, 0, 0, 255, 0, 0, 8);
INSERT INTO `user_column` (`user_column_id`, `auto_generated`, `data_type`, `default_value_is_constant`, `has_default_value`, `name`, `native_type_name`, `nullable`, `on_update`, `order_in_table`, `prec`, `scale`, `size`, `cdv`, `hash_position`, `user_table_id`) VALUES (63, 0, 12, 1, 0, 'SUSPENDED', 'varchar', 1, 0, 3, 0, 0, 8, 0, 0, 8);
INSERT INTO `user_column` (`user_column_id`, `auto_generated`, `data_type`, `default_value_is_constant`, `has_default_value`, `name`, `native_type_name`, `nullable`, `on_update`, `order_in_table`, `prec`, `scale`, `size`, `cdv`, `hash_position`, `user_table_id`) VALUES (64, 0, 12, 1, 0, 'DESCRIPTION', 'varchar', 1, 0, 4, 0, 0, 255, 0, 0, 8);
INSERT INTO `user_column` (`user_column_id`, `auto_generated`, `data_type`, `default_value_is_constant`, `has_default_value`, `name`, `native_type_name`, `nullable`, `on_update`, `order_in_table`, `prec`, `scale`, `size`, `cdv`, `hash_position`, `user_table_id`) VALUES (65, 0, 4, 1, 0, 'ID', 'int', 1, 0, 5, 0, 0, 0, 0, 0, 8);
INSERT INTO `user_column` (`user_column_id`, `auto_generated`, `data_type`, `default_value_is_constant`, `has_default_value`, `name`, `native_type_name`, `nullable`, `on_update`, `order_in_table`, `prec`, `scale`, `size`, `cdv`, `hash_position`, `user_table_id`) VALUES (66, 0, 12, 1, 0, 'TABLE_CATALOG', 'varchar', 1, 0, 1, 0, 0, 255, 0, 0, 9);
INSERT INTO `user_column` (`user_column_id`, `auto_generated`, `data_type`, `default_value_is_constant`, `has_default_value`, `name`, `native_type_name`, `nullable`, `on_update`, `order_in_table`, `prec`, `scale`, `size`, `cdv`, `hash_position`, `user_table_id`) VALUES (67, 0, 12, 1, 0, 'TABLE_SCHEMA', 'varchar', 1, 0, 2, 0, 0, 255, 0, 0, 9);
INSERT INTO `user_column` (`user_column_id`, `auto_generated`, `data_type`, `default_value_is_constant`, `has_default_value`, `name`, `native_type_name`, `nullable`, `on_update`, `order_in_table`, `prec`, `scale`, `size`, `cdv`, `hash_position`, `user_table_id`) VALUES (68, 0, 12, 1, 0, 'TABLE_NAME', 'varchar', 1, 0, 3, 0, 0, 255, 0, 0, 9);
INSERT INTO `user_column` (`user_column_id`, `auto_generated`, `data_type`, `default_value_is_constant`, `has_default_value`, `name`, `native_type_name`, `nullable`, `on_update`, `order_in_table`, `prec`, `scale`, `size`, `cdv`, `hash_position`, `user_table_id`) VALUES (69, 0, 12, 1, 0, 'COLUMN_NAME', 'varchar', 0, 0, 4, 0, 0, 255, 0, 0, 9);
INSERT INTO `user_column` (`user_column_id`, `auto_generated`, `data_type`, `default_value_is_constant`, `has_default_value`, `name`, `native_type_name`, `nullable`, `on_update`, `order_in_table`, `prec`, `scale`, `size`, `cdv`, `hash_position`, `user_table_id`) VALUES (70, 0, 4, 1, 0, 'ORDINAL_POSITION', 'int', 0, 0, 5, 0, 0, 10, 0, 0, 9);
INSERT INTO `user_column` (`user_column_id`, `auto_generated`, `data_type`, `default_value_is_constant`, `has_default_value`, `name`, `native_type_name`, `nullable`, `on_update`, `order_in_table`, `prec`, `scale`, `size`, `cdv`, `hash_position`, `user_table_id`) VALUES (71, 0, 12, 1, 0, 'COLUMN_DEFAULT', 'varchar', 0, 0, 6, 0, 0, 255, 0, 0, 9);
INSERT INTO `user_column` (`user_column_id`, `auto_generated`, `data_type`, `default_value_is_constant`, `has_default_value`, `name`, `native_type_name`, `nullable`, `on_update`, `order_in_table`, `prec`, `scale`, `size`, `cdv`, `hash_position`, `user_table_id`) VALUES (72, 0, 12, 1, 0, 'IS_NULLABLE', 'varchar', 0, 0, 7, 0, 0, 8, 0, 0, 9);
INSERT INTO `user_column` (`user_column_id`, `auto_generated`, `data_type`, `default_value_is_constant`, `has_default_value`, `name`, `native_type_name`, `nullable`, `on_update`, `order_in_table`, `prec`, `scale`, `size`, `cdv`, `hash_position`, `user_table_id`) VALUES (73, 0, 12, 1, 0, 'DATA_TYPE', 'varchar', 0, 0, 8, 0, 0, 255, 0, 0, 9);
INSERT INTO `user_column` (`user_column_id`, `auto_generated`, `data_type`, `default_value_is_constant`, `has_default_value`, `name`, `native_type_name`, `nullable`, `on_update`, `order_in_table`, `prec`, `scale`, `size`, `cdv`, `hash_position`, `user_table_id`) VALUES (74, 0, 4, 1, 0, 'CHARACTER_MAXIMUM_LENGTH', 'int', 0, 0, 9, 0, 0, 0, 0, 0, 9);
INSERT INTO `user_column` (`user_column_id`, `auto_generated`, `data_type`, `default_value_is_constant`, `has_default_value`, `name`, `native_type_name`, `nullable`, `on_update`, `order_in_table`, `prec`, `scale`, `size`, `cdv`, `hash_position`, `user_table_id`) VALUES (75, 0, 4, 1, 0, 'NUMERIC_PRECISION', 'int', 0, 0, 10, 0, 0, 0, 0, 0, 9);
INSERT INTO `user_column` (`user_column_id`, `auto_generated`, `data_type`, `default_value_is_constant`, `has_default_value`, `name`, `native_type_name`, `nullable`, `on_update`, `order_in_table`, `prec`, `scale`, `size`, `cdv`, `hash_position`, `user_table_id`) VALUES (76, 0, 4, 1, 0, 'NUMERIC_SCALE', 'int', 0, 0, 11, 0, 0, 0, 0, 0, 9);
INSERT INTO `user_column` (`user_column_id`, `auto_generated`, `data_type`, `default_value_is_constant`, `has_default_value`, `name`, `native_type_name`, `nullable`, `on_update`, `order_in_table`, `prec`, `scale`, `size`, `cdv`, `hash_position`, `user_table_id`) VALUES (77, 0, 12, 1, 0, 'CHARACTER_SET_NAME', 'varchar', 1, 0, 12, 0, 0, 255, 0, 0, 9);
INSERT INTO `user_column` (`user_column_id`, `auto_generated`, `data_type`, `default_value_is_constant`, `has_default_value`, `name`, `native_type_name`, `nullable`, `on_update`, `order_in_table`, `prec`, `scale`, `size`, `cdv`, `hash_position`, `user_table_id`) VALUES (78, 0, 12, 1, 0, 'COLLATION_NAME', 'varchar', 1, 0, 13, 0, 0, 255, 0, 0, 9);
INSERT INTO `user_column` (`user_column_id`, `auto_generated`, `data_type`, `default_value_is_constant`, `has_default_value`, `name`, `native_type_name`, `nullable`, `on_update`, `order_in_table`, `prec`, `scale`, `size`, `cdv`, `hash_position`, `user_table_id`) VALUES (79, 0, -1, 1, 0, 'COLUMN_TYPE', 'mediumtext', 0, 0, 14, 0, 0, 255, 0, 0, 9);
INSERT INTO `user_column` (`user_column_id`, `auto_generated`, `data_type`, `default_value_is_constant`, `has_default_value`, `name`, `native_type_name`, `nullable`, `on_update`, `order_in_table`, `prec`, `scale`, `size`, `cdv`, `hash_position`, `user_table_id`) VALUES (80, 0, 12, 1, 0, 'COLUMN_KEY', 'varchar', 0, 0, 15, 0, 0, 3, 0, 0, 9);
INSERT INTO `user_column` (`user_column_id`, `auto_generated`, `data_type`, `default_value_is_constant`, `has_default_value`, `name`, `native_type_name`, `nullable`, `on_update`, `order_in_table`, `prec`, `scale`, `size`, `cdv`, `hash_position`, `user_table_id`) VALUES (81, 0, 12, 1, 0, 'EXTRA', 'varchar', 0, 0, 16, 0, 0, 255, 0, 0, 9);
INSERT INTO `user_column` (`user_column_id`, `auto_generated`, `data_type`, `default_value_is_constant`, `has_default_value`, `name`, `native_type_name`, `nullable`, `on_update`, `order_in_table`, `prec`, `scale`, `size`, `cdv`, `hash_position`, `user_table_id`) VALUES (82, 0, 12, 1, 0, 'PRIVILEGES', 'varchar', 1, 0, 17, 0, 0, 255, 0, 0, 9);
INSERT INTO `user_column` (`user_column_id`, `auto_generated`, `data_type`, `default_value_is_constant`, `has_default_value`, `name`, `native_type_name`, `nullable`, `on_update`, `order_in_table`, `prec`, `scale`, `size`, `cdv`, `hash_position`, `user_table_id`) VALUES (83, 0, 12, 1, 0, 'IS_AUTOGENERATED', 'varchar', 0, 0, 18, 0, 0, 8, 0, 0, 9);
INSERT INTO `user_column` (`user_column_id`, `auto_generated`, `data_type`, `default_value_is_constant`, `has_default_value`, `name`, `native_type_name`, `nullable`, `on_update`, `order_in_table`, `prec`, `scale`, `size`, `cdv`, `hash_position`, `user_table_id`) VALUES (84, 0, 4, 1, 0, 'JAVA_SQL_TYPE', 'int', 0, 0, 19, 0, 0, 10, 0, 0, 9);
INSERT INTO `user_column` (`user_column_id`, `auto_generated`, `data_type`, `default_value_is_constant`, `has_default_value`, `name`, `native_type_name`, `nullable`, `on_update`, `order_in_table`, `prec`, `scale`, `size`, `cdv`, `hash_position`, `user_table_id`) VALUES (85, 0, 12, 1, 0, 'NATIVE_TYPE_NAME', 'varchar', 0, 0, 20, 0, 0, 255, 0, 0, 9);
INSERT INTO `user_column` (`user_column_id`, `auto_generated`, `data_type`, `default_value_is_constant`, `has_default_value`, `name`, `native_type_name`, `nullable`, `on_update`, `order_in_table`, `prec`, `scale`, `size`, `cdv`, `hash_position`, `user_table_id`) VALUES (86, 0, 12, 1, 0, 'COLUMN_COMMENT', 'varchar', 1, 0, 21, 0, 0, 255, 0, 0, 9);
INSERT INTO `user_column` (`user_column_id`, `auto_generated`, `data_type`, `default_value_is_constant`, `has_default_value`, `name`, `native_type_name`, `nullable`, `on_update`, `order_in_table`, `prec`, `scale`, `size`, `cdv`, `hash_position`, `user_table_id`) VALUES (87, 0, 4, 1, 0, 'ID', 'int', 1, 0, 1, 0, 0, 3, 0, 0, 10);
INSERT INTO `user_column` (`user_column_id`, `auto_generated`, `data_type`, `default_value_is_constant`, `has_default_value`, `name`, `native_type_name`, `nullable`, `on_update`, `order_in_table`, `prec`, `scale`, `size`, `cdv`, `hash_position`, `user_table_id`) VALUES (88, 0, 12, 1, 0, 'STORAGE_GROUP', 'varchar', 0, 0, 2, 0, 0, 255, 0, 0, 10);
INSERT INTO `user_column` (`user_column_id`, `auto_generated`, `data_type`, `default_value_is_constant`, `has_default_value`, `name`, `native_type_name`, `nullable`, `on_update`, `order_in_table`, `prec`, `scale`, `size`, `cdv`, `hash_position`, `user_table_id`) VALUES (89, 0, 4, 1, 0, 'VERSION', 'int', 0, 0, 3, 0, 0, 3, 0, 0, 10);
INSERT INTO `user_column` (`user_column_id`, `auto_generated`, `data_type`, `default_value_is_constant`, `has_default_value`, `name`, `native_type_name`, `nullable`, `on_update`, `order_in_table`, `prec`, `scale`, `size`, `cdv`, `hash_position`, `user_table_id`) VALUES (90, 0, 12, 1, 0, 'LOCKED', 'varchar', 0, 0, 4, 0, 0, 8, 0, 0, 10);
INSERT INTO `user_column` (`user_column_id`, `auto_generated`, `data_type`, `default_value_is_constant`, `has_default_value`, `name`, `native_type_name`, `nullable`, `on_update`, `order_in_table`, `prec`, `scale`, `size`, `cdv`, `hash_position`, `user_table_id`) VALUES (91, 0, 12, 1, 0, 'NAME', 'varchar', 1, 0, 1, 0, 0, 255, 0, 0, 11);
INSERT INTO `user_column` (`user_column_id`, `auto_generated`, `data_type`, `default_value_is_constant`, `has_default_value`, `name`, `native_type_name`, `nullable`, `on_update`, `order_in_table`, `prec`, `scale`, `size`, `cdv`, `hash_position`, `user_table_id`) VALUES (92, 0, 12, 1, 0, 'NAME', 'varchar', 0, 0, 1, 0, 0, 255, 0, 0, 12);
INSERT INTO `user_column` (`user_column_id`, `auto_generated`, `data_type`, `default_value_is_constant`, `has_default_value`, `name`, `native_type_name`, `nullable`, `on_update`, `order_in_table`, `prec`, `scale`, `size`, `cdv`, `hash_position`, `user_table_id`) VALUES (93, 0, 12, 1, 0, 'STORAGE_SITE', 'varchar', 1, 0, 2, 0, 0, 255, 0, 0, 12);
INSERT INTO `user_column` (`user_column_id`, `auto_generated`, `data_type`, `default_value_is_constant`, `has_default_value`, `name`, `native_type_name`, `nullable`, `on_update`, `order_in_table`, `prec`, `scale`, `size`, `cdv`, `hash_position`, `user_table_id`) VALUES (94, 0, 12, 1, 0, 'INSTANCE_URL', 'varchar', 0, 0, 3, 0, 0, 255, 0, 0, 12);
INSERT INTO `user_column` (`user_column_id`, `auto_generated`, `data_type`, `default_value_is_constant`, `has_default_value`, `name`, `native_type_name`, `nullable`, `on_update`, `order_in_table`, `prec`, `scale`, `size`, `cdv`, `hash_position`, `user_table_id`) VALUES (95, 0, 12, 1, 0, 'USER', 'varchar', 0, 0, 4, 0, 0, 255, 0, 0, 12);
INSERT INTO `user_column` (`user_column_id`, `auto_generated`, `data_type`, `default_value_is_constant`, `has_default_value`, `name`, `native_type_name`, `nullable`, `on_update`, `order_in_table`, `prec`, `scale`, `size`, `cdv`, `hash_position`, `user_table_id`) VALUES (96, 0, 12, 1, 0, 'PASSWORD', 'varchar', 0, 0, 5, 0, 0, 255, 0, 0, 12);
INSERT INTO `user_column` (`user_column_id`, `auto_generated`, `data_type`, `default_value_is_constant`, `has_default_value`, `name`, `native_type_name`, `nullable`, `on_update`, `order_in_table`, `prec`, `scale`, `size`, `cdv`, `hash_position`, `user_table_id`) VALUES (97, 0, 12, 1, 0, 'IS_MASTER', 'varchar', 0, 0, 6, 0, 0, 8, 0, 0, 12);
INSERT INTO `user_column` (`user_column_id`, `auto_generated`, `data_type`, `default_value_is_constant`, `has_default_value`, `name`, `native_type_name`, `nullable`, `on_update`, `order_in_table`, `prec`, `scale`, `size`, `cdv`, `hash_position`, `user_table_id`) VALUES (98, 0, 12, 1, 0, 'STATUS', 'varchar', 0, 0, 7, 0, 0, 0, 0, 0, 12);
INSERT INTO `user_column` (`user_column_id`, `auto_generated`, `data_type`, `default_value_is_constant`, `has_default_value`, `name`, `native_type_name`, `nullable`, `on_update`, `order_in_table`, `prec`, `scale`, `size`, `cdv`, `hash_position`, `user_table_id`) VALUES (99, 0, 12, 1, 0, 'NAME', 'varchar', 0, 0, 1, 0, 0, 255, 0, 0, 13);
INSERT INTO `user_column` (`user_column_id`, `auto_generated`, `data_type`, `default_value_is_constant`, `has_default_value`, `name`, `native_type_name`, `nullable`, `on_update`, `order_in_table`, `prec`, `scale`, `size`, `cdv`, `hash_position`, `user_table_id`) VALUES (100, 0, 12, 1, 0, 'PLUGIN', 'varchar', 0, 0, 2, 0, 0, 255, 0, 0, 13);
INSERT INTO `user_column` (`user_column_id`, `auto_generated`, `data_type`, `default_value_is_constant`, `has_default_value`, `name`, `native_type_name`, `nullable`, `on_update`, `order_in_table`, `prec`, `scale`, `size`, `cdv`, `hash_position`, `user_table_id`) VALUES (101, 0, 12, 1, 0, 'AUTO_START', 'varchar', 0, 0, 3, 0, 0, 8, 0, 0, 13);
INSERT INTO `user_column` (`user_column_id`, `auto_generated`, `data_type`, `default_value_is_constant`, `has_default_value`, `name`, `native_type_name`, `nullable`, `on_update`, `order_in_table`, `prec`, `scale`, `size`, `cdv`, `hash_position`, `user_table_id`) VALUES (102, 0, 12, 1, 0, 'CONNECT_USER', 'varchar', 1, 0, 4, 0, 0, 255, 0, 0, 13);
INSERT INTO `user_column` (`user_column_id`, `auto_generated`, `data_type`, `default_value_is_constant`, `has_default_value`, `name`, `native_type_name`, `nullable`, `on_update`, `order_in_table`, `prec`, `scale`, `size`, `cdv`, `hash_position`, `user_table_id`) VALUES (103, 0, 12, 1, 0, 'USES_DATASTORE', 'varchar', 0, 0, 5, 0, 0, 8, 0, 0, 13);
INSERT INTO `user_column` (`user_column_id`, `auto_generated`, `data_type`, `default_value_is_constant`, `has_default_value`, `name`, `native_type_name`, `nullable`, `on_update`, `order_in_table`, `prec`, `scale`, `size`, `cdv`, `hash_position`, `user_table_id`) VALUES (104, 0, 12, 1, 0, 'CONFIG', 'varchar', 1, 0, 6, 0, 0, 255, 0, 0, 13);
INSERT INTO `user_column` (`user_column_id`, `auto_generated`, `data_type`, `default_value_is_constant`, `has_default_value`, `name`, `native_type_name`, `nullable`, `on_update`, `order_in_table`, `prec`, `scale`, `size`, `cdv`, `hash_position`, `user_table_id`) VALUES (105, 0, 12, 1, 0, 'CONTAINER_NAME', 'varchar', 0, 0, 1, 0, 0, 255, 0, 0, 14);
INSERT INTO `user_column` (`user_column_id`, `auto_generated`, `data_type`, `default_value_is_constant`, `has_default_value`, `name`, `native_type_name`, `nullable`, `on_update`, `order_in_table`, `prec`, `scale`, `size`, `cdv`, `hash_position`, `user_table_id`) VALUES (106, 0, 4, 1, 0, 'BASE_TABLE', 'int', 1, 0, 2, 0, 0, 11, 0, 0, 14);
INSERT INTO `user_column` (`user_column_id`, `auto_generated`, `data_type`, `default_value_is_constant`, `has_default_value`, `name`, `native_type_name`, `nullable`, `on_update`, `order_in_table`, `prec`, `scale`, `size`, `cdv`, `hash_position`, `user_table_id`) VALUES (107, 0, 4, 1, 0, 'STORAGE_GROUP', 'int', 0, 0, 3, 0, 0, 11, 0, 0, 14);
INSERT INTO `user_column` (`user_column_id`, `auto_generated`, `data_type`, `default_value_is_constant`, `has_default_value`, `name`, `native_type_name`, `nullable`, `on_update`, `order_in_table`, `prec`, `scale`, `size`, `cdv`, `hash_position`, `user_table_id`) VALUES (108, 0, 12, 1, 0, 'CHARACTER_SET_NAME', 'varchar', 0, 0, 1, 0, 0, 32, 0, 0, 15);
INSERT INTO `user_column` (`user_column_id`, `auto_generated`, `data_type`, `default_value_is_constant`, `has_default_value`, `name`, `native_type_name`, `nullable`, `on_update`, `order_in_table`, `prec`, `scale`, `size`, `cdv`, `hash_position`, `user_table_id`) VALUES (109, 0, 12, 1, 0, 'DESCRIPTION', 'varchar', 0, 0, 2, 0, 0, 60, 0, 0, 15);
INSERT INTO `user_column` (`user_column_id`, `auto_generated`, `data_type`, `default_value_is_constant`, `has_default_value`, `name`, `native_type_name`, `nullable`, `on_update`, `order_in_table`, `prec`, `scale`, `size`, `cdv`, `hash_position`, `user_table_id`) VALUES (110, 0, 4, 1, 0, 'MAXLEN', 'int', 0, 0, 3, 0, 0, 0, 0, 0, 15);
INSERT INTO `user_column` (`user_column_id`, `auto_generated`, `data_type`, `default_value_is_constant`, `has_default_value`, `name`, `native_type_name`, `nullable`, `on_update`, `order_in_table`, `prec`, `scale`, `size`, `cdv`, `hash_position`, `user_table_id`) VALUES (111, 0, 12, 1, 0, 'ENGINE', 'varchar', 0, 0, 1, 0, 0, 64, 0, 0, 16);
INSERT INTO `user_column` (`user_column_id`, `auto_generated`, `data_type`, `default_value_is_constant`, `has_default_value`, `name`, `native_type_name`, `nullable`, `on_update`, `order_in_table`, `prec`, `scale`, `size`, `cdv`, `hash_position`, `user_table_id`) VALUES (112, 0, 12, 1, 0, 'SUPPORT', 'varchar', 0, 0, 2, 0, 0, 8, 0, 0, 16);
INSERT INTO `user_column` (`user_column_id`, `auto_generated`, `data_type`, `default_value_is_constant`, `has_default_value`, `name`, `native_type_name`, `nullable`, `on_update`, `order_in_table`, `prec`, `scale`, `size`, `cdv`, `hash_position`, `user_table_id`) VALUES (113, 0, 12, 1, 0, 'COMMENT', 'varchar', 0, 0, 3, 0, 0, 80, 0, 0, 16);
INSERT INTO `user_column` (`user_column_id`, `auto_generated`, `data_type`, `default_value_is_constant`, `has_default_value`, `name`, `native_type_name`, `nullable`, `on_update`, `order_in_table`, `prec`, `scale`, `size`, `cdv`, `hash_position`, `user_table_id`) VALUES (114, 0, 12, 1, 0, 'TRANSACTIONS', 'varchar', 1, 0, 4, 0, 0, 3, 0, 0, 16);
INSERT INTO `user_column` (`user_column_id`, `auto_generated`, `data_type`, `default_value_is_constant`, `has_default_value`, `name`, `native_type_name`, `nullable`, `on_update`, `order_in_table`, `prec`, `scale`, `size`, `cdv`, `hash_position`, `user_table_id`) VALUES (115, 0, 12, 1, 0, 'XA', 'varchar', 1, 0, 5, 0, 0, 3, 0, 0, 16);
INSERT INTO `user_column` (`user_column_id`, `auto_generated`, `data_type`, `default_value_is_constant`, `has_default_value`, `name`, `native_type_name`, `nullable`, `on_update`, `order_in_table`, `prec`, `scale`, `size`, `cdv`, `hash_position`, `user_table_id`) VALUES (116, 0, 12, 1, 0, 'SAVEPOINTS', 'varchar', 1, 0, 6, 0, 0, 3, 0, 0, 16);
INSERT INTO `user_column` (`user_column_id`, `auto_generated`, `data_type`, `default_value_is_constant`, `has_default_value`, `name`, `native_type_name`, `nullable`, `on_update`, `order_in_table`, `prec`, `scale`, `size`, `cdv`, `hash_position`, `user_table_id`) VALUES (117, 0, 12, 1, 0, 'NAME', 'varchar', 0, 0, 1, 0, 0, 255, 0, 0, 17);
INSERT INTO `user_column` (`user_column_id`, `auto_generated`, `data_type`, `default_value_is_constant`, `has_default_value`, `name`, `native_type_name`, `nullable`, `on_update`, `order_in_table`, `prec`, `scale`, `size`, `cdv`, `hash_position`, `user_table_id`) VALUES (118, 0, 12, 1, 0, 'DBMATCH', 'varchar', 1, 0, 2, 0, 0, 255, 0, 0, 17);
INSERT INTO `user_column` (`user_column_id`, `auto_generated`, `data_type`, `default_value_is_constant`, `has_default_value`, `name`, `native_type_name`, `nullable`, `on_update`, `order_in_table`, `prec`, `scale`, `size`, `cdv`, `hash_position`, `user_table_id`) VALUES (119, 0, 12, 1, 0, 'DEFINITION', 'varchar', 0, 0, 3, 0, 0, 255, 0, 0, 17);
INSERT INTO `user_column` (`user_column_id`, `auto_generated`, `data_type`, `default_value_is_constant`, `has_default_value`, `name`, `native_type_name`, `nullable`, `on_update`, `order_in_table`, `prec`, `scale`, `size`, `cdv`, `hash_position`, `user_table_id`) VALUES (120, 0, 12, 1, 0, 'TEMPLATE_COMMENT', 'varchar', 1, 0, 4, 0, 0, 255, 0, 0, 17);
INSERT INTO `user_column` (`user_column_id`, `auto_generated`, `data_type`, `default_value_is_constant`, `has_default_value`, `name`, `native_type_name`, `nullable`, `on_update`, `order_in_table`, `prec`, `scale`, `size`, `cdv`, `hash_position`, `user_table_id`) VALUES (121, 0, 12, 1, 0, 'NAME', 'varchar', 1, 0, 1, 0, 0, 255, 0, 0, 18);
INSERT INTO `user_column` (`user_column_id`, `auto_generated`, `data_type`, `default_value_is_constant`, `has_default_value`, `name`, `native_type_name`, `nullable`, `on_update`, `order_in_table`, `prec`, `scale`, `size`, `cdv`, `hash_position`, `user_table_id`) VALUES (122, 0, 12, 1, 0, 'IPADDRESS', 'varchar', 1, 0, 2, 0, 0, 255, 0, 0, 18);
INSERT INTO `user_column` (`user_column_id`, `auto_generated`, `data_type`, `default_value_is_constant`, `has_default_value`, `name`, `native_type_name`, `nullable`, `on_update`, `order_in_table`, `prec`, `scale`, `size`, `cdv`, `hash_position`, `user_table_id`) VALUES (123, 0, 12, 1, 0, 'NAME', 'varchar', 0, 0, 1, 0, 0, 255, 0, 0, 19);
INSERT INTO `user_column` (`user_column_id`, `auto_generated`, `data_type`, `default_value_is_constant`, `has_default_value`, `name`, `native_type_name`, `nullable`, `on_update`, `order_in_table`, `prec`, `scale`, `size`, `cdv`, `hash_position`, `user_table_id`) VALUES (124, 0, 12, 1, 0, 'PLAN_SCHEMA', 'varchar', 1, 0, 2, 0, 0, 255, 0, 0, 19);
INSERT INTO `user_column` (`user_column_id`, `auto_generated`, `data_type`, `default_value_is_constant`, `has_default_value`, `name`, `native_type_name`, `nullable`, `on_update`, `order_in_table`, `prec`, `scale`, `size`, `cdv`, `hash_position`, `user_table_id`) VALUES (125, 0, 12, 1, 0, 'IS_ENABLED', 'varchar', 0, 0, 3, 0, 0, 8, 0, 0, 19);
INSERT INTO `user_column` (`user_column_id`, `auto_generated`, `data_type`, `default_value_is_constant`, `has_default_value`, `name`, `native_type_name`, `nullable`, `on_update`, `order_in_table`, `prec`, `scale`, `size`, `cdv`, `hash_position`, `user_table_id`) VALUES (126, 0, 12, 1, 0, 'CACHE_KEY', 'varchar', 0, 0, 4, 0, 0, 255, 0, 0, 19);
INSERT INTO `user_column` (`user_column_id`, `auto_generated`, `data_type`, `default_value_is_constant`, `has_default_value`, `name`, `native_type_name`, `nullable`, `on_update`, `order_in_table`, `prec`, `scale`, `size`, `cdv`, `hash_position`, `user_table_id`) VALUES (127, 0, 12, 1, 0, 'PLAN_COMMENT', 'varchar', 1, 0, 5, 0, 0, 255, 0, 0, 19);
INSERT INTO `user_column` (`user_column_id`, `auto_generated`, `data_type`, `default_value_is_constant`, `has_default_value`, `name`, `native_type_name`, `nullable`, `on_update`, `order_in_table`, `prec`, `scale`, `size`, `cdv`, `hash_position`, `user_table_id`) VALUES (128, 0, 12, 1, 0, 'DEFINITION', 'varchar', 0, 0, 6, 0, 0, 255, 0, 0, 19);
INSERT INTO `user_column` (`user_column_id`, `auto_generated`, `data_type`, `default_value_is_constant`, `has_default_value`, `name`, `native_type_name`, `nullable`, `on_update`, `order_in_table`, `prec`, `scale`, `size`, `cdv`, `hash_position`, `user_table_id`) VALUES (129, 0, 12, 1, 0, 'COLLATION_NAME', 'varchar', 0, 0, 1, 0, 0, 32, 0, 0, 20);
INSERT INTO `user_column` (`user_column_id`, `auto_generated`, `data_type`, `default_value_is_constant`, `has_default_value`, `name`, `native_type_name`, `nullable`, `on_update`, `order_in_table`, `prec`, `scale`, `size`, `cdv`, `hash_position`, `user_table_id`) VALUES (130, 0, 12, 1, 0, 'CHARACTER_SET_NAME', 'varchar', 0, 0, 2, 0, 0, 32, 0, 0, 20);
INSERT INTO `user_column` (`user_column_id`, `auto_generated`, `data_type`, `default_value_is_constant`, `has_default_value`, `name`, `native_type_name`, `nullable`, `on_update`, `order_in_table`, `prec`, `scale`, `size`, `cdv`, `hash_position`, `user_table_id`) VALUES (131, 0, -5, 1, 0, 'ID', 'bigint', 0, 0, 3, 0, 0, 0, 0, 0, 20);
INSERT INTO `user_column` (`user_column_id`, `auto_generated`, `data_type`, `default_value_is_constant`, `has_default_value`, `name`, `native_type_name`, `nullable`, `on_update`, `order_in_table`, `prec`, `scale`, `size`, `cdv`, `hash_position`, `user_table_id`) VALUES (132, 0, 12, 1, 0, 'IS_DEFAULT', 'varchar', 0, 0, 4, 0, 0, 8, 0, 0, 20);
INSERT INTO `user_column` (`user_column_id`, `auto_generated`, `data_type`, `default_value_is_constant`, `has_default_value`, `name`, `native_type_name`, `nullable`, `on_update`, `order_in_table`, `prec`, `scale`, `size`, `cdv`, `hash_position`, `user_table_id`) VALUES (133, 0, 12, 1, 0, 'IS_COMPILED', 'varchar', 0, 0, 5, 0, 0, 8, 0, 0, 20);
INSERT INTO `user_column` (`user_column_id`, `auto_generated`, `data_type`, `default_value_is_constant`, `has_default_value`, `name`, `native_type_name`, `nullable`, `on_update`, `order_in_table`, `prec`, `scale`, `size`, `cdv`, `hash_position`, `user_table_id`) VALUES (134, 0, 4, 1, 0, 'SORTLEN', 'int', 0, 0, 6, 0, 0, 0, 0, 0, 20);
INSERT INTO `user_column` (`user_column_id`, `auto_generated`, `data_type`, `default_value_is_constant`, `has_default_value`, `name`, `native_type_name`, `nullable`, `on_update`, `order_in_table`, `prec`, `scale`, `size`, `cdv`, `hash_position`, `user_table_id`) VALUES (135, 0, 12, 1, 0, 'NAME', 'varchar', 0, 0, 1, 0, 0, 255, 0, 0, 21);
INSERT INTO `user_column` (`user_column_id`, `auto_generated`, `data_type`, `default_value_is_constant`, `has_default_value`, `name`, `native_type_name`, `nullable`, `on_update`, `order_in_table`, `prec`, `scale`, `size`, `cdv`, `hash_position`, `user_table_id`) VALUES (136, 0, 12, 1, 0, 'VALUE', 'varchar', 1, 0, 2, 0, 0, 255, 0, 0, 21);
INSERT INTO `user_column` (`user_column_id`, `auto_generated`, `data_type`, `default_value_is_constant`, `has_default_value`, `name`, `native_type_name`, `nullable`, `on_update`, `order_in_table`, `prec`, `scale`, `size`, `cdv`, `hash_position`, `user_table_id`) VALUES (137, 0, 12, 1, 0, 'TYPE', 'varchar', 0, 0, 3, 0, 0, 255, 0, 0, 21);
INSERT INTO `user_column` (`user_column_id`, `auto_generated`, `data_type`, `default_value_is_constant`, `has_default_value`, `name`, `native_type_name`, `nullable`, `on_update`, `order_in_table`, `prec`, `scale`, `size`, `cdv`, `hash_position`, `user_table_id`) VALUES (138, 0, 12, 1, 0, 'SCOPES', 'varchar', 0, 0, 4, 0, 0, 255, 0, 0, 21);
INSERT INTO `user_column` (`user_column_id`, `auto_generated`, `data_type`, `default_value_is_constant`, `has_default_value`, `name`, `native_type_name`, `nullable`, `on_update`, `order_in_table`, `prec`, `scale`, `size`, `cdv`, `hash_position`, `user_table_id`) VALUES (139, 0, 12, 1, 0, 'OPTIONS', 'varchar', 0, 0, 5, 0, 0, 255, 0, 0, 21);
INSERT INTO `user_column` (`user_column_id`, `auto_generated`, `data_type`, `default_value_is_constant`, `has_default_value`, `name`, `native_type_name`, `nullable`, `on_update`, `order_in_table`, `prec`, `scale`, `size`, `cdv`, `hash_position`, `user_table_id`) VALUES (140, 0, 12, 1, 0, 'DESCRIPTION', 'varchar', 1, 0, 6, 0, 0, 255, 0, 0, 21);
INSERT INTO `user_column` (`user_column_id`, `auto_generated`, `data_type`, `default_value_is_constant`, `has_default_value`, `name`, `native_type_name`, `nullable`, `on_update`, `order_in_table`, `prec`, `scale`, `size`, `cdv`, `hash_position`, `user_table_id`) VALUES (141, 0, 12, 1, 0, 'group', 'varchar', 1, 0, 1, 0, 0, 255, 0, 0, 22);
INSERT INTO `user_column` (`user_column_id`, `auto_generated`, `data_type`, `default_value_is_constant`, `has_default_value`, `name`, `native_type_name`, `nullable`, `on_update`, `order_in_table`, `prec`, `scale`, `size`, `cdv`, `hash_position`, `user_table_id`) VALUES (142, 0, 4, 1, 0, 'version', 'int', 1, 0, 2, 0, 0, 3, 0, 0, 22);
INSERT INTO `user_column` (`user_column_id`, `auto_generated`, `data_type`, `default_value_is_constant`, `has_default_value`, `name`, `native_type_name`, `nullable`, `on_update`, `order_in_table`, `prec`, `scale`, `size`, `cdv`, `hash_position`, `user_table_id`) VALUES (143, 0, 12, 1, 0, 'site', 'varchar', 1, 0, 3, 0, 0, 255, 0, 0, 22);
INSERT INTO `user_column` (`user_column_id`, `auto_generated`, `data_type`, `default_value_is_constant`, `has_default_value`, `name`, `native_type_name`, `nullable`, `on_update`, `order_in_table`, `prec`, `scale`, `size`, `cdv`, `hash_position`, `user_table_id`) VALUES (144, 0, 12, 1, 0, 'VARIABLE_NAME', 'varchar', 1, 0, 1, 0, 0, 255, 0, 0, 23);
INSERT INTO `user_column` (`user_column_id`, `auto_generated`, `data_type`, `default_value_is_constant`, `has_default_value`, `name`, `native_type_name`, `nullable`, `on_update`, `order_in_table`, `prec`, `scale`, `size`, `cdv`, `hash_position`, `user_table_id`) VALUES (145, 0, 12, 1, 0, 'VARIABLE_VALUE', 'varchar', 1, 0, 2, 0, 0, 255, 0, 0, 23);
INSERT INTO `user_column` (`user_column_id`, `auto_generated`, `data_type`, `default_value_is_constant`, `has_default_value`, `name`, `native_type_name`, `nullable`, `on_update`, `order_in_table`, `prec`, `scale`, `size`, `cdv`, `hash_position`, `user_table_id`) VALUES (146, 0, 12, 1, 0, 'VARIABLE_NAME', 'varchar', 1, 0, 1, 0, 0, 255, 0, 0, 24);
INSERT INTO `user_column` (`user_column_id`, `auto_generated`, `data_type`, `default_value_is_constant`, `has_default_value`, `name`, `native_type_name`, `nullable`, `on_update`, `order_in_table`, `prec`, `scale`, `size`, `cdv`, `hash_position`, `user_table_id`) VALUES (147, 0, 12, 1, 0, 'VARIABLE_VALUE', 'varchar', 1, 0, 2, 0, 0, 255, 0, 0, 24);
INSERT INTO `user_column` (`user_column_id`, `auto_generated`, `data_type`, `default_value_is_constant`, `has_default_value`, `name`, `native_type_name`, `nullable`, `on_update`, `order_in_table`, `prec`, `scale`, `size`, `cdv`, `hash_position`, `user_table_id`) VALUES (148, 0, -5, 1, 0, 'FILE_ID', 'bigint', 1, 0, 1, 0, 0, 0, 0, 0, 25);
INSERT INTO `user_column` (`user_column_id`, `auto_generated`, `data_type`, `default_value_is_constant`, `has_default_value`, `name`, `native_type_name`, `nullable`, `on_update`, `order_in_table`, `prec`, `scale`, `size`, `cdv`, `hash_position`, `user_table_id`) VALUES (149, 0, 12, 1, 0, 'FILE_NAME', 'varchar', 1, 0, 2, 0, 0, 64, 0, 0, 25);
INSERT INTO `user_column` (`user_column_id`, `auto_generated`, `data_type`, `default_value_is_constant`, `has_default_value`, `name`, `native_type_name`, `nullable`, `on_update`, `order_in_table`, `prec`, `scale`, `size`, `cdv`, `hash_position`, `user_table_id`) VALUES (150, 0, 12, 1, 0, 'FILE_TYPE', 'varchar', 1, 0, 3, 0, 0, 20, 0, 0, 25);
INSERT INTO `user_column` (`user_column_id`, `auto_generated`, `data_type`, `default_value_is_constant`, `has_default_value`, `name`, `native_type_name`, `nullable`, `on_update`, `order_in_table`, `prec`, `scale`, `size`, `cdv`, `hash_position`, `user_table_id`) VALUES (151, 0, 12, 1, 0, 'TABLESPACE_NAME', 'varchar', 1, 0, 4, 0, 0, 64, 0, 0, 25);
INSERT INTO `user_column` (`user_column_id`, `auto_generated`, `data_type`, `default_value_is_constant`, `has_default_value`, `name`, `native_type_name`, `nullable`, `on_update`, `order_in_table`, `prec`, `scale`, `size`, `cdv`, `hash_position`, `user_table_id`) VALUES (152, 0, 12, 1, 0, 'TABLE_CATALOG', 'varchar', 1, 0, 5, 0, 0, 64, 0, 0, 25);
INSERT INTO `user_column` (`user_column_id`, `auto_generated`, `data_type`, `default_value_is_constant`, `has_default_value`, `name`, `native_type_name`, `nullable`, `on_update`, `order_in_table`, `prec`, `scale`, `size`, `cdv`, `hash_position`, `user_table_id`) VALUES (153, 0, 12, 1, 0, 'TABLE_SCHEMA', 'varchar', 1, 0, 6, 0, 0, 64, 0, 0, 25);
INSERT INTO `user_column` (`user_column_id`, `auto_generated`, `data_type`, `default_value_is_constant`, `has_default_value`, `name`, `native_type_name`, `nullable`, `on_update`, `order_in_table`, `prec`, `scale`, `size`, `cdv`, `hash_position`, `user_table_id`) VALUES (154, 0, 12, 1, 0, 'TABLE_NAME', 'varchar', 1, 0, 7, 0, 0, 64, 0, 0, 25);
INSERT INTO `user_column` (`user_column_id`, `auto_generated`, `data_type`, `default_value_is_constant`, `has_default_value`, `name`, `native_type_name`, `nullable`, `on_update`, `order_in_table`, `prec`, `scale`, `size`, `cdv`, `hash_position`, `user_table_id`) VALUES (155, 0, 12, 1, 0, 'LOGFILE_GROUP_NAME', 'varchar', 1, 0, 8, 0, 0, 64, 0, 0, 25);
INSERT INTO `user_column` (`user_column_id`, `auto_generated`, `data_type`, `default_value_is_constant`, `has_default_value`, `name`, `native_type_name`, `nullable`, `on_update`, `order_in_table`, `prec`, `scale`, `size`, `cdv`, `hash_position`, `user_table_id`) VALUES (156, 0, -5, 1, 0, 'LOGFILE_GROUP_NUMBER', 'bigint', 1, 0, 9, 0, 0, 0, 0, 0, 25);
INSERT INTO `user_column` (`user_column_id`, `auto_generated`, `data_type`, `default_value_is_constant`, `has_default_value`, `name`, `native_type_name`, `nullable`, `on_update`, `order_in_table`, `prec`, `scale`, `size`, `cdv`, `hash_position`, `user_table_id`) VALUES (157, 0, 12, 1, 0, 'ENGINE', 'varchar', 1, 0, 10, 0, 0, 64, 0, 0, 25);
INSERT INTO `user_column` (`user_column_id`, `auto_generated`, `data_type`, `default_value_is_constant`, `has_default_value`, `name`, `native_type_name`, `nullable`, `on_update`, `order_in_table`, `prec`, `scale`, `size`, `cdv`, `hash_position`, `user_table_id`) VALUES (158, 0, 12, 1, 0, 'FULLTEXT_KEYS', 'varchar', 1, 0, 11, 0, 0, 64, 0, 0, 25);
INSERT INTO `user_column` (`user_column_id`, `auto_generated`, `data_type`, `default_value_is_constant`, `has_default_value`, `name`, `native_type_name`, `nullable`, `on_update`, `order_in_table`, `prec`, `scale`, `size`, `cdv`, `hash_position`, `user_table_id`) VALUES (159, 0, -5, 1, 0, 'DELETED_ROWS', 'bigint', 1, 0, 12, 0, 0, 0, 0, 0, 25);
INSERT INTO `user_column` (`user_column_id`, `auto_generated`, `data_type`, `default_value_is_constant`, `has_default_value`, `name`, `native_type_name`, `nullable`, `on_update`, `order_in_table`, `prec`, `scale`, `size`, `cdv`, `hash_position`, `user_table_id`) VALUES (160, 0, -5, 1, 0, 'UPDATE_COUNT', 'bigint', 1, 0, 13, 0, 0, 0, 0, 0, 25);
INSERT INTO `user_column` (`user_column_id`, `auto_generated`, `data_type`, `default_value_is_constant`, `has_default_value`, `name`, `native_type_name`, `nullable`, `on_update`, `order_in_table`, `prec`, `scale`, `size`, `cdv`, `hash_position`, `user_table_id`) VALUES (161, 0, -5, 1, 0, 'FREE_EXTENTS', 'bigint', 1, 0, 14, 0, 0, 0, 0, 0, 25);
INSERT INTO `user_column` (`user_column_id`, `auto_generated`, `data_type`, `default_value_is_constant`, `has_default_value`, `name`, `native_type_name`, `nullable`, `on_update`, `order_in_table`, `prec`, `scale`, `size`, `cdv`, `hash_position`, `user_table_id`) VALUES (162, 0, -5, 1, 0, 'TOTAL_EXTENTS', 'bigint', 1, 0, 15, 0, 0, 0, 0, 0, 25);
INSERT INTO `user_column` (`user_column_id`, `auto_generated`, `data_type`, `default_value_is_constant`, `has_default_value`, `name`, `native_type_name`, `nullable`, `on_update`, `order_in_table`, `prec`, `scale`, `size`, `cdv`, `hash_position`, `user_table_id`) VALUES (163, 0, -5, 1, 0, 'EXTENT_SIZE', 'bigint', 1, 0, 16, 0, 0, 0, 0, 0, 25);
INSERT INTO `user_column` (`user_column_id`, `auto_generated`, `data_type`, `default_value_is_constant`, `has_default_value`, `name`, `native_type_name`, `nullable`, `on_update`, `order_in_table`, `prec`, `scale`, `size`, `cdv`, `hash_position`, `user_table_id`) VALUES (164, 0, -5, 1, 0, 'INITIAL_SIZE', 'bigint', 1, 0, 17, 0, 0, 21, 0, 0, 25);
INSERT INTO `user_column` (`user_column_id`, `auto_generated`, `data_type`, `default_value_is_constant`, `has_default_value`, `name`, `native_type_name`, `nullable`, `on_update`, `order_in_table`, `prec`, `scale`, `size`, `cdv`, `hash_position`, `user_table_id`) VALUES (165, 0, -5, 1, 0, 'MAXIMUM_SIZE', 'bigint', 1, 0, 18, 0, 0, 21, 0, 0, 25);
INSERT INTO `user_column` (`user_column_id`, `auto_generated`, `data_type`, `default_value_is_constant`, `has_default_value`, `name`, `native_type_name`, `nullable`, `on_update`, `order_in_table`, `prec`, `scale`, `size`, `cdv`, `hash_position`, `user_table_id`) VALUES (166, 0, -5, 1, 0, 'AUTOEXTEND_SIZE', 'bigint', 1, 0, 19, 0, 0, 21, 0, 0, 25);
INSERT INTO `user_column` (`user_column_id`, `auto_generated`, `data_type`, `default_value_is_constant`, `has_default_value`, `name`, `native_type_name`, `nullable`, `on_update`, `order_in_table`, `prec`, `scale`, `size`, `cdv`, `hash_position`, `user_table_id`) VALUES (167, 0, 93, 1, 0, 'CREATION_TIME', 'datetime', 1, 0, 20, 0, 0, 0, 0, 0, 25);
INSERT INTO `user_column` (`user_column_id`, `auto_generated`, `data_type`, `default_value_is_constant`, `has_default_value`, `name`, `native_type_name`, `nullable`, `on_update`, `order_in_table`, `prec`, `scale`, `size`, `cdv`, `hash_position`, `user_table_id`) VALUES (168, 0, 93, 1, 0, 'LAST_UPDATE_TIME', 'datetime', 1, 0, 21, 0, 0, 0, 0, 0, 25);
INSERT INTO `user_column` (`user_column_id`, `auto_generated`, `data_type`, `default_value_is_constant`, `has_default_value`, `name`, `native_type_name`, `nullable`, `on_update`, `order_in_table`, `prec`, `scale`, `size`, `cdv`, `hash_position`, `user_table_id`) VALUES (169, 0, 93, 1, 0, 'LAST_ACCESS_TIME', 'datetime', 1, 0, 22, 0, 0, 0, 0, 0, 25);
INSERT INTO `user_column` (`user_column_id`, `auto_generated`, `data_type`, `default_value_is_constant`, `has_default_value`, `name`, `native_type_name`, `nullable`, `on_update`, `order_in_table`, `prec`, `scale`, `size`, `cdv`, `hash_position`, `user_table_id`) VALUES (170, 0, -5, 1, 0, 'RECOVER_TIME', 'bigint', 1, 0, 23, 0, 0, 0, 0, 0, 25);
INSERT INTO `user_column` (`user_column_id`, `auto_generated`, `data_type`, `default_value_is_constant`, `has_default_value`, `name`, `native_type_name`, `nullable`, `on_update`, `order_in_table`, `prec`, `scale`, `size`, `cdv`, `hash_position`, `user_table_id`) VALUES (171, 0, -5, 1, 0, 'TRANSACTION_COUNTER', 'bigint', 1, 0, 24, 0, 0, 0, 0, 0, 25);
INSERT INTO `user_column` (`user_column_id`, `auto_generated`, `data_type`, `default_value_is_constant`, `has_default_value`, `name`, `native_type_name`, `nullable`, `on_update`, `order_in_table`, `prec`, `scale`, `size`, `cdv`, `hash_position`, `user_table_id`) VALUES (172, 0, -5, 1, 0, 'VERSION', 'bigint', 1, 0, 25, 0, 0, 21, 0, 0, 25);
INSERT INTO `user_column` (`user_column_id`, `auto_generated`, `data_type`, `default_value_is_constant`, `has_default_value`, `name`, `native_type_name`, `nullable`, `on_update`, `order_in_table`, `prec`, `scale`, `size`, `cdv`, `hash_position`, `user_table_id`) VALUES (173, 0, 12, 1, 0, 'ROW_FORMAT', 'varchar', 1, 0, 26, 0, 0, 10, 0, 0, 25);
INSERT INTO `user_column` (`user_column_id`, `auto_generated`, `data_type`, `default_value_is_constant`, `has_default_value`, `name`, `native_type_name`, `nullable`, `on_update`, `order_in_table`, `prec`, `scale`, `size`, `cdv`, `hash_position`, `user_table_id`) VALUES (174, 0, -5, 1, 0, 'TABLE_ROWS', 'bigint', 1, 0, 27, 0, 0, 21, 0, 0, 25);
INSERT INTO `user_column` (`user_column_id`, `auto_generated`, `data_type`, `default_value_is_constant`, `has_default_value`, `name`, `native_type_name`, `nullable`, `on_update`, `order_in_table`, `prec`, `scale`, `size`, `cdv`, `hash_position`, `user_table_id`) VALUES (175, 0, -5, 1, 0, 'AVG_ROW_LENGTH', 'bigint', 1, 0, 28, 0, 0, 21, 0, 0, 25);
INSERT INTO `user_column` (`user_column_id`, `auto_generated`, `data_type`, `default_value_is_constant`, `has_default_value`, `name`, `native_type_name`, `nullable`, `on_update`, `order_in_table`, `prec`, `scale`, `size`, `cdv`, `hash_position`, `user_table_id`) VALUES (176, 0, -5, 1, 0, 'DATA_LENGTH', 'bigint', 1, 0, 29, 0, 0, 21, 0, 0, 25);
INSERT INTO `user_column` (`user_column_id`, `auto_generated`, `data_type`, `default_value_is_constant`, `has_default_value`, `name`, `native_type_name`, `nullable`, `on_update`, `order_in_table`, `prec`, `scale`, `size`, `cdv`, `hash_position`, `user_table_id`) VALUES (177, 0, -5, 1, 0, 'MAX_DATA_LENGTH', 'bigint', 1, 0, 30, 0, 0, 21, 0, 0, 25);
INSERT INTO `user_column` (`user_column_id`, `auto_generated`, `data_type`, `default_value_is_constant`, `has_default_value`, `name`, `native_type_name`, `nullable`, `on_update`, `order_in_table`, `prec`, `scale`, `size`, `cdv`, `hash_position`, `user_table_id`) VALUES (178, 0, -5, 1, 0, 'INDEX_LENGTH', 'bigint', 1, 0, 31, 0, 0, 21, 0, 0, 25);
INSERT INTO `user_column` (`user_column_id`, `auto_generated`, `data_type`, `default_value_is_constant`, `has_default_value`, `name`, `native_type_name`, `nullable`, `on_update`, `order_in_table`, `prec`, `scale`, `size`, `cdv`, `hash_position`, `user_table_id`) VALUES (179, 0, -5, 1, 0, 'DATA_FREE', 'bigint', 1, 0, 32, 0, 0, 21, 0, 0, 25);
INSERT INTO `user_column` (`user_column_id`, `auto_generated`, `data_type`, `default_value_is_constant`, `has_default_value`, `name`, `native_type_name`, `nullable`, `on_update`, `order_in_table`, `prec`, `scale`, `size`, `cdv`, `hash_position`, `user_table_id`) VALUES (180, 0, 93, 1, 0, 'CREATE_TIME', 'datetime', 1, 0, 33, 0, 0, 0, 0, 0, 25);
INSERT INTO `user_column` (`user_column_id`, `auto_generated`, `data_type`, `default_value_is_constant`, `has_default_value`, `name`, `native_type_name`, `nullable`, `on_update`, `order_in_table`, `prec`, `scale`, `size`, `cdv`, `hash_position`, `user_table_id`) VALUES (181, 0, 93, 1, 0, 'UPDATE_TIME', 'datetime', 1, 0, 34, 0, 0, 0, 0, 0, 25);
INSERT INTO `user_column` (`user_column_id`, `auto_generated`, `data_type`, `default_value_is_constant`, `has_default_value`, `name`, `native_type_name`, `nullable`, `on_update`, `order_in_table`, `prec`, `scale`, `size`, `cdv`, `hash_position`, `user_table_id`) VALUES (182, 0, 93, 1, 0, 'CHECK_TIME', 'datetime', 1, 0, 35, 0, 0, 0, 0, 0, 25);
INSERT INTO `user_column` (`user_column_id`, `auto_generated`, `data_type`, `default_value_is_constant`, `has_default_value`, `name`, `native_type_name`, `nullable`, `on_update`, `order_in_table`, `prec`, `scale`, `size`, `cdv`, `hash_position`, `user_table_id`) VALUES (183, 0, -5, 1, 0, 'CHECKSUM', 'bigint', 1, 0, 36, 0, 0, 21, 0, 0, 25);
INSERT INTO `user_column` (`user_column_id`, `auto_generated`, `data_type`, `default_value_is_constant`, `has_default_value`, `name`, `native_type_name`, `nullable`, `on_update`, `order_in_table`, `prec`, `scale`, `size`, `cdv`, `hash_position`, `user_table_id`) VALUES (184, 0, 12, 1, 0, 'STATUS', 'varchar', 1, 0, 37, 0, 0, 20, 0, 0, 25);
INSERT INTO `user_column` (`user_column_id`, `auto_generated`, `data_type`, `default_value_is_constant`, `has_default_value`, `name`, `native_type_name`, `nullable`, `on_update`, `order_in_table`, `prec`, `scale`, `size`, `cdv`, `hash_position`, `user_table_id`) VALUES (185, 0, 12, 1, 0, 'EXTRA', 'varchar', 1, 0, 38, 0, 0, 255, 0, 0, 25);
INSERT INTO `user_column` (`user_column_id`, `auto_generated`, `data_type`, `default_value_is_constant`, `has_default_value`, `name`, `native_type_name`, `nullable`, `on_update`, `order_in_table`, `prec`, `scale`, `size`, `cdv`, `hash_position`, `user_table_id`) VALUES (186, 0, 12, 1, 0, 'TABLE_CATALOG', 'varchar', 1, 0, 1, 0, 0, 512, 0, 0, 26);
INSERT INTO `user_column` (`user_column_id`, `auto_generated`, `data_type`, `default_value_is_constant`, `has_default_value`, `name`, `native_type_name`, `nullable`, `on_update`, `order_in_table`, `prec`, `scale`, `size`, `cdv`, `hash_position`, `user_table_id`) VALUES (187, 0, 12, 1, 0, 'TABLE_SCHEMA', 'varchar', 1, 0, 2, 0, 0, 64, 0, 0, 26);
INSERT INTO `user_column` (`user_column_id`, `auto_generated`, `data_type`, `default_value_is_constant`, `has_default_value`, `name`, `native_type_name`, `nullable`, `on_update`, `order_in_table`, `prec`, `scale`, `size`, `cdv`, `hash_position`, `user_table_id`) VALUES (188, 0, 12, 1, 0, 'TABLE_NAME', 'varchar', 1, 0, 3, 0, 0, 64, 0, 0, 26);
INSERT INTO `user_column` (`user_column_id`, `auto_generated`, `data_type`, `default_value_is_constant`, `has_default_value`, `name`, `native_type_name`, `nullable`, `on_update`, `order_in_table`, `prec`, `scale`, `size`, `cdv`, `hash_position`, `user_table_id`) VALUES (189, 0, 12, 1, 0, 'PARTITION_NAME', 'varchar', 1, 0, 4, 0, 0, 64, 0, 0, 26);
INSERT INTO `user_column` (`user_column_id`, `auto_generated`, `data_type`, `default_value_is_constant`, `has_default_value`, `name`, `native_type_name`, `nullable`, `on_update`, `order_in_table`, `prec`, `scale`, `size`, `cdv`, `hash_position`, `user_table_id`) VALUES (190, 0, 12, 1, 0, 'SUBPARTITION_NAME', 'varchar', 1, 0, 5, 0, 0, 64, 0, 0, 26);
INSERT INTO `user_column` (`user_column_id`, `auto_generated`, `data_type`, `default_value_is_constant`, `has_default_value`, `name`, `native_type_name`, `nullable`, `on_update`, `order_in_table`, `prec`, `scale`, `size`, `cdv`, `hash_position`, `user_table_id`) VALUES (191, 0, -5, 1, 0, 'PARTITION_ORDINAL_POSITION', 'bigint', 1, 0, 6, 0, 0, 0, 0, 0, 26);
INSERT INTO `user_column` (`user_column_id`, `auto_generated`, `data_type`, `default_value_is_constant`, `has_default_value`, `name`, `native_type_name`, `nullable`, `on_update`, `order_in_table`, `prec`, `scale`, `size`, `cdv`, `hash_position`, `user_table_id`) VALUES (192, 0, -5, 1, 0, 'SUBPARTITION_ORDINAL_POSITION', 'bigint', 1, 0, 7, 0, 0, 0, 0, 0, 26);
INSERT INTO `user_column` (`user_column_id`, `auto_generated`, `data_type`, `default_value_is_constant`, `has_default_value`, `name`, `native_type_name`, `nullable`, `on_update`, `order_in_table`, `prec`, `scale`, `size`, `cdv`, `hash_position`, `user_table_id`) VALUES (193, 0, 12, 1, 0, 'PARTITION_METHOD', 'varchar', 1, 0, 8, 0, 0, 18, 0, 0, 26);
INSERT INTO `user_column` (`user_column_id`, `auto_generated`, `data_type`, `default_value_is_constant`, `has_default_value`, `name`, `native_type_name`, `nullable`, `on_update`, `order_in_table`, `prec`, `scale`, `size`, `cdv`, `hash_position`, `user_table_id`) VALUES (194, 0, 12, 1, 0, 'SUBPARTITION_METHOD', 'varchar', 1, 0, 9, 0, 0, 12, 0, 0, 26);
INSERT INTO `user_column` (`user_column_id`, `auto_generated`, `data_type`, `default_value_is_constant`, `has_default_value`, `name`, `native_type_name`, `nullable`, `on_update`, `order_in_table`, `prec`, `scale`, `size`, `cdv`, `hash_position`, `user_table_id`) VALUES (195, 0, -1, 1, 0, 'PARTITION_EXPRESSION', 'mediumtext', 1, 0, 10, 0, 0, 196605, 0, 0, 26);
INSERT INTO `user_column` (`user_column_id`, `auto_generated`, `data_type`, `default_value_is_constant`, `has_default_value`, `name`, `native_type_name`, `nullable`, `on_update`, `order_in_table`, `prec`, `scale`, `size`, `cdv`, `hash_position`, `user_table_id`) VALUES (196, 0, -1, 1, 0, 'SUBPARTITION_EXPRESSION', 'mediumtext', 1, 0, 11, 0, 0, 196605, 0, 0, 26);
INSERT INTO `user_column` (`user_column_id`, `auto_generated`, `data_type`, `default_value_is_constant`, `has_default_value`, `name`, `native_type_name`, `nullable`, `on_update`, `order_in_table`, `prec`, `scale`, `size`, `cdv`, `hash_position`, `user_table_id`) VALUES (197, 0, -1, 1, 0, 'PARTITION_DESCRIPTION', 'mediumtext', 1, 0, 12, 0, 0, 196605, 0, 0, 26);
INSERT INTO `user_column` (`user_column_id`, `auto_generated`, `data_type`, `default_value_is_constant`, `has_default_value`, `name`, `native_type_name`, `nullable`, `on_update`, `order_in_table`, `prec`, `scale`, `size`, `cdv`, `hash_position`, `user_table_id`) VALUES (198, 0, -5, 1, 0, 'TABLE_ROWS', 'bigint', 1, 0, 13, 0, 0, 21, 0, 0, 26);
INSERT INTO `user_column` (`user_column_id`, `auto_generated`, `data_type`, `default_value_is_constant`, `has_default_value`, `name`, `native_type_name`, `nullable`, `on_update`, `order_in_table`, `prec`, `scale`, `size`, `cdv`, `hash_position`, `user_table_id`) VALUES (199, 0, -5, 1, 0, 'AVG_ROW_LENGTH', 'bigint', 1, 0, 14, 0, 0, 21, 0, 0, 26);
INSERT INTO `user_column` (`user_column_id`, `auto_generated`, `data_type`, `default_value_is_constant`, `has_default_value`, `name`, `native_type_name`, `nullable`, `on_update`, `order_in_table`, `prec`, `scale`, `size`, `cdv`, `hash_position`, `user_table_id`) VALUES (200, 0, -5, 1, 0, 'DATA_LENGTH', 'bigint', 1, 0, 15, 0, 0, 21, 0, 0, 26);
INSERT INTO `user_column` (`user_column_id`, `auto_generated`, `data_type`, `default_value_is_constant`, `has_default_value`, `name`, `native_type_name`, `nullable`, `on_update`, `order_in_table`, `prec`, `scale`, `size`, `cdv`, `hash_position`, `user_table_id`) VALUES (201, 0, -5, 1, 0, 'MAX_DATA_LENGTH', 'bigint', 1, 0, 16, 0, 0, 21, 0, 0, 26);
INSERT INTO `user_column` (`user_column_id`, `auto_generated`, `data_type`, `default_value_is_constant`, `has_default_value`, `name`, `native_type_name`, `nullable`, `on_update`, `order_in_table`, `prec`, `scale`, `size`, `cdv`, `hash_position`, `user_table_id`) VALUES (202, 0, -5, 1, 0, 'INDEX_LENGTH', 'bigint', 1, 0, 17, 0, 0, 21, 0, 0, 26);
INSERT INTO `user_column` (`user_column_id`, `auto_generated`, `data_type`, `default_value_is_constant`, `has_default_value`, `name`, `native_type_name`, `nullable`, `on_update`, `order_in_table`, `prec`, `scale`, `size`, `cdv`, `hash_position`, `user_table_id`) VALUES (203, 0, -5, 1, 0, 'DATA_FREE', 'bigint', 1, 0, 18, 0, 0, 21, 0, 0, 26);
INSERT INTO `user_column` (`user_column_id`, `auto_generated`, `data_type`, `default_value_is_constant`, `has_default_value`, `name`, `native_type_name`, `nullable`, `on_update`, `order_in_table`, `prec`, `scale`, `size`, `cdv`, `hash_position`, `user_table_id`) VALUES (204, 0, 93, 1, 0, 'CREATE_TIME', 'datetime', 1, 0, 19, 0, 0, 0, 0, 0, 26);
INSERT INTO `user_column` (`user_column_id`, `auto_generated`, `data_type`, `default_value_is_constant`, `has_default_value`, `name`, `native_type_name`, `nullable`, `on_update`, `order_in_table`, `prec`, `scale`, `size`, `cdv`, `hash_position`, `user_table_id`) VALUES (205, 0, 93, 1, 0, 'UPDATE_TIME', 'datetime', 1, 0, 20, 0, 0, 0, 0, 0, 26);
INSERT INTO `user_column` (`user_column_id`, `auto_generated`, `data_type`, `default_value_is_constant`, `has_default_value`, `name`, `native_type_name`, `nullable`, `on_update`, `order_in_table`, `prec`, `scale`, `size`, `cdv`, `hash_position`, `user_table_id`) VALUES (206, 0, 93, 1, 0, 'CHECK_TIME', 'datetime', 1, 0, 21, 0, 0, 0, 0, 0, 26);
INSERT INTO `user_column` (`user_column_id`, `auto_generated`, `data_type`, `default_value_is_constant`, `has_default_value`, `name`, `native_type_name`, `nullable`, `on_update`, `order_in_table`, `prec`, `scale`, `size`, `cdv`, `hash_position`, `user_table_id`) VALUES (207, 0, -5, 1, 0, 'CHECKSUM', 'bigint', 1, 0, 22, 0, 0, 21, 0, 0, 26);
INSERT INTO `user_column` (`user_column_id`, `auto_generated`, `data_type`, `default_value_is_constant`, `has_default_value`, `name`, `native_type_name`, `nullable`, `on_update`, `order_in_table`, `prec`, `scale`, `size`, `cdv`, `hash_position`, `user_table_id`) VALUES (208, 0, 12, 1, 0, 'PARTITION_COMMENT', 'varchar', 1, 0, 23, 0, 0, 80, 0, 0, 26);
INSERT INTO `user_column` (`user_column_id`, `auto_generated`, `data_type`, `default_value_is_constant`, `has_default_value`, `name`, `native_type_name`, `nullable`, `on_update`, `order_in_table`, `prec`, `scale`, `size`, `cdv`, `hash_position`, `user_table_id`) VALUES (209, 0, 12, 1, 0, 'NODEGROUP', 'varchar', 1, 0, 24, 0, 0, 12, 0, 0, 26);
INSERT INTO `user_column` (`user_column_id`, `auto_generated`, `data_type`, `default_value_is_constant`, `has_default_value`, `name`, `native_type_name`, `nullable`, `on_update`, `order_in_table`, `prec`, `scale`, `size`, `cdv`, `hash_position`, `user_table_id`) VALUES (210, 0, 12, 1, 0, 'TABLESPACE_NAME', 'varchar', 1, 0, 25, 0, 0, 64, 0, 0, 26);
INSERT INTO `user_column` (`user_column_id`, `auto_generated`, `data_type`, `default_value_is_constant`, `has_default_value`, `name`, `native_type_name`, `nullable`, `on_update`, `order_in_table`, `prec`, `scale`, `size`, `cdv`, `hash_position`, `user_table_id`) VALUES (211, 0, 12, 1, 0, 'SPECIFIC_NAME', 'varchar', 1, 0, 1, 0, 0, 64, 0, 0, 27);
INSERT INTO `user_column` (`user_column_id`, `auto_generated`, `data_type`, `default_value_is_constant`, `has_default_value`, `name`, `native_type_name`, `nullable`, `on_update`, `order_in_table`, `prec`, `scale`, `size`, `cdv`, `hash_position`, `user_table_id`) VALUES (212, 0, 12, 1, 0, 'ROUTINE_CATALOG', 'varchar', 1, 0, 2, 0, 0, 512, 0, 0, 27);
INSERT INTO `user_column` (`user_column_id`, `auto_generated`, `data_type`, `default_value_is_constant`, `has_default_value`, `name`, `native_type_name`, `nullable`, `on_update`, `order_in_table`, `prec`, `scale`, `size`, `cdv`, `hash_position`, `user_table_id`) VALUES (213, 0, 12, 1, 0, 'ROUTINE_SCHEMA', 'varchar', 1, 0, 3, 0, 0, 64, 0, 0, 27);
INSERT INTO `user_column` (`user_column_id`, `auto_generated`, `data_type`, `default_value_is_constant`, `has_default_value`, `name`, `native_type_name`, `nullable`, `on_update`, `order_in_table`, `prec`, `scale`, `size`, `cdv`, `hash_position`, `user_table_id`) VALUES (214, 0, 12, 1, 0, 'ROUTINE_NAME', 'varchar', 1, 0, 4, 0, 0, 64, 0, 0, 27);
INSERT INTO `user_column` (`user_column_id`, `auto_generated`, `data_type`, `default_value_is_constant`, `has_default_value`, `name`, `native_type_name`, `nullable`, `on_update`, `order_in_table`, `prec`, `scale`, `size`, `cdv`, `hash_position`, `user_table_id`) VALUES (215, 0, 12, 1, 0, 'ROUTINE_TYPE', 'varchar', 1, 0, 5, 0, 0, 9, 0, 0, 27);
INSERT INTO `user_column` (`user_column_id`, `auto_generated`, `data_type`, `default_value_is_constant`, `has_default_value`, `name`, `native_type_name`, `nullable`, `on_update`, `order_in_table`, `prec`, `scale`, `size`, `cdv`, `hash_position`, `user_table_id`) VALUES (216, 0, 12, 1, 0, 'DATA_TYPE', 'varchar', 1, 0, 6, 0, 0, 64, 0, 0, 27);
INSERT INTO `user_column` (`user_column_id`, `auto_generated`, `data_type`, `default_value_is_constant`, `has_default_value`, `name`, `native_type_name`, `nullable`, `on_update`, `order_in_table`, `prec`, `scale`, `size`, `cdv`, `hash_position`, `user_table_id`) VALUES (217, 0, 4, 1, 0, 'CHARACTER_MAXIMUM_LENGTH', 'int', 1, 0, 7, 0, 0, 21, 0, 0, 27);
INSERT INTO `user_column` (`user_column_id`, `auto_generated`, `data_type`, `default_value_is_constant`, `has_default_value`, `name`, `native_type_name`, `nullable`, `on_update`, `order_in_table`, `prec`, `scale`, `size`, `cdv`, `hash_position`, `user_table_id`) VALUES (218, 0, 4, 1, 0, 'CHARACTER_OCTET_LENGTH', 'int', 1, 0, 8, 0, 0, 21, 0, 0, 27);
INSERT INTO `user_column` (`user_column_id`, `auto_generated`, `data_type`, `default_value_is_constant`, `has_default_value`, `name`, `native_type_name`, `nullable`, `on_update`, `order_in_table`, `prec`, `scale`, `size`, `cdv`, `hash_position`, `user_table_id`) VALUES (219, 0, 4, 1, 0, 'NUMERIC_PRECISION', 'int', 1, 0, 9, 0, 0, 21, 0, 0, 27);
INSERT INTO `user_column` (`user_column_id`, `auto_generated`, `data_type`, `default_value_is_constant`, `has_default_value`, `name`, `native_type_name`, `nullable`, `on_update`, `order_in_table`, `prec`, `scale`, `size`, `cdv`, `hash_position`, `user_table_id`) VALUES (220, 0, 4, 1, 0, 'NUMERIC_SCALE', 'int', 1, 0, 10, 0, 0, 21, 0, 0, 27);
INSERT INTO `user_column` (`user_column_id`, `auto_generated`, `data_type`, `default_value_is_constant`, `has_default_value`, `name`, `native_type_name`, `nullable`, `on_update`, `order_in_table`, `prec`, `scale`, `size`, `cdv`, `hash_position`, `user_table_id`) VALUES (221, 0, 12, 1, 0, 'CHARACTER_SET_NAME', 'varchar', 1, 0, 11, 0, 0, 64, 0, 0, 27);
INSERT INTO `user_column` (`user_column_id`, `auto_generated`, `data_type`, `default_value_is_constant`, `has_default_value`, `name`, `native_type_name`, `nullable`, `on_update`, `order_in_table`, `prec`, `scale`, `size`, `cdv`, `hash_position`, `user_table_id`) VALUES (222, 0, 12, 1, 0, 'COLLATION_NAME', 'varchar', 1, 0, 12, 0, 0, 64, 0, 0, 27);
INSERT INTO `user_column` (`user_column_id`, `auto_generated`, `data_type`, `default_value_is_constant`, `has_default_value`, `name`, `native_type_name`, `nullable`, `on_update`, `order_in_table`, `prec`, `scale`, `size`, `cdv`, `hash_position`, `user_table_id`) VALUES (223, 0, -1, 1, 0, 'DTD_IDENTIFIER', 'mediumtext', 1, 0, 13, 0, 0, 196605, 0, 0, 27);
INSERT INTO `user_column` (`user_column_id`, `auto_generated`, `data_type`, `default_value_is_constant`, `has_default_value`, `name`, `native_type_name`, `nullable`, `on_update`, `order_in_table`, `prec`, `scale`, `size`, `cdv`, `hash_position`, `user_table_id`) VALUES (224, 0, 12, 1, 0, 'ROUTINE_BODY', 'varchar', 1, 0, 14, 0, 0, 8, 0, 0, 27);
INSERT INTO `user_column` (`user_column_id`, `auto_generated`, `data_type`, `default_value_is_constant`, `has_default_value`, `name`, `native_type_name`, `nullable`, `on_update`, `order_in_table`, `prec`, `scale`, `size`, `cdv`, `hash_position`, `user_table_id`) VALUES (225, 0, -1, 1, 0, 'ROUTINE_DEFINITION', 'mediumtext', 1, 0, 15, 0, 0, 196605, 0, 0, 27);
INSERT INTO `user_column` (`user_column_id`, `auto_generated`, `data_type`, `default_value_is_constant`, `has_default_value`, `name`, `native_type_name`, `nullable`, `on_update`, `order_in_table`, `prec`, `scale`, `size`, `cdv`, `hash_position`, `user_table_id`) VALUES (226, 0, 12, 1, 0, 'EXTERNAL_NAME', 'varchar', 1, 0, 16, 0, 0, 64, 0, 0, 27);
INSERT INTO `user_column` (`user_column_id`, `auto_generated`, `data_type`, `default_value_is_constant`, `has_default_value`, `name`, `native_type_name`, `nullable`, `on_update`, `order_in_table`, `prec`, `scale`, `size`, `cdv`, `hash_position`, `user_table_id`) VALUES (227, 0, 12, 1, 0, 'EXTERNAL_LANGUAGE', 'varchar', 1, 0, 17, 0, 0, 64, 0, 0, 27);
INSERT INTO `user_column` (`user_column_id`, `auto_generated`, `data_type`, `default_value_is_constant`, `has_default_value`, `name`, `native_type_name`, `nullable`, `on_update`, `order_in_table`, `prec`, `scale`, `size`, `cdv`, `hash_position`, `user_table_id`) VALUES (228, 0, 12, 1, 0, 'PARAMETER_STYLE', 'varchar', 1, 0, 18, 0, 0, 8, 0, 0, 27);
INSERT INTO `user_column` (`user_column_id`, `auto_generated`, `data_type`, `default_value_is_constant`, `has_default_value`, `name`, `native_type_name`, `nullable`, `on_update`, `order_in_table`, `prec`, `scale`, `size`, `cdv`, `hash_position`, `user_table_id`) VALUES (229, 0, 12, 1, 0, 'IS_DETERMINISTIC', 'varchar', 1, 0, 19, 0, 0, 3, 0, 0, 27);
INSERT INTO `user_column` (`user_column_id`, `auto_generated`, `data_type`, `default_value_is_constant`, `has_default_value`, `name`, `native_type_name`, `nullable`, `on_update`, `order_in_table`, `prec`, `scale`, `size`, `cdv`, `hash_position`, `user_table_id`) VALUES (230, 0, 12, 1, 0, 'SQL_DATA_ACCESS', 'varchar', 1, 0, 20, 0, 0, 64, 0, 0, 27);
INSERT INTO `user_column` (`user_column_id`, `auto_generated`, `data_type`, `default_value_is_constant`, `has_default_value`, `name`, `native_type_name`, `nullable`, `on_update`, `order_in_table`, `prec`, `scale`, `size`, `cdv`, `hash_position`, `user_table_id`) VALUES (231, 0, 12, 1, 0, 'SQL_PATH', 'varchar', 1, 0, 21, 0, 0, 64, 0, 0, 27);
INSERT INTO `user_column` (`user_column_id`, `auto_generated`, `data_type`, `default_value_is_constant`, `has_default_value`, `name`, `native_type_name`, `nullable`, `on_update`, `order_in_table`, `prec`, `scale`, `size`, `cdv`, `hash_position`, `user_table_id`) VALUES (232, 0, 12, 1, 0, 'SECURITY_TYPE', 'varchar', 1, 0, 22, 0, 0, 7, 0, 0, 27);
INSERT INTO `user_column` (`user_column_id`, `auto_generated`, `data_type`, `default_value_is_constant`, `has_default_value`, `name`, `native_type_name`, `nullable`, `on_update`, `order_in_table`, `prec`, `scale`, `size`, `cdv`, `hash_position`, `user_table_id`) VALUES (233, 0, 93, 1, 0, 'CREATED', 'datetime', 1, 0, 23, 0, 0, 0, 0, 0, 27);
INSERT INTO `user_column` (`user_column_id`, `auto_generated`, `data_type`, `default_value_is_constant`, `has_default_value`, `name`, `native_type_name`, `nullable`, `on_update`, `order_in_table`, `prec`, `scale`, `size`, `cdv`, `hash_position`, `user_table_id`) VALUES (234, 0, 93, 1, 0, 'LAST_ALTERED', 'datetime', 1, 0, 24, 0, 0, 0, 0, 0, 27);
INSERT INTO `user_column` (`user_column_id`, `auto_generated`, `data_type`, `default_value_is_constant`, `has_default_value`, `name`, `native_type_name`, `nullable`, `on_update`, `order_in_table`, `prec`, `scale`, `size`, `cdv`, `hash_position`, `user_table_id`) VALUES (235, 0, 12, 1, 0, 'SQL_MODE', 'varchar', 1, 0, 25, 0, 0, 8192, 0, 0, 27);
INSERT INTO `user_column` (`user_column_id`, `auto_generated`, `data_type`, `default_value_is_constant`, `has_default_value`, `name`, `native_type_name`, `nullable`, `on_update`, `order_in_table`, `prec`, `scale`, `size`, `cdv`, `hash_position`, `user_table_id`) VALUES (236, 0, -1, 1, 0, 'ROUTINE_COMMENT', 'mediumtext', 1, 0, 26, 0, 0, 196605, 0, 0, 27);
INSERT INTO `user_column` (`user_column_id`, `auto_generated`, `data_type`, `default_value_is_constant`, `has_default_value`, `name`, `native_type_name`, `nullable`, `on_update`, `order_in_table`, `prec`, `scale`, `size`, `cdv`, `hash_position`, `user_table_id`) VALUES (237, 0, 12, 1, 0, 'DEFINER', 'varchar', 1, 0, 27, 0, 0, 77, 0, 0, 27);
INSERT INTO `user_column` (`user_column_id`, `auto_generated`, `data_type`, `default_value_is_constant`, `has_default_value`, `name`, `native_type_name`, `nullable`, `on_update`, `order_in_table`, `prec`, `scale`, `size`, `cdv`, `hash_position`, `user_table_id`) VALUES (238, 0, 12, 1, 0, 'CHARACTER_SET_CLIENT', 'varchar', 1, 0, 28, 0, 0, 32, 0, 0, 27);
INSERT INTO `user_column` (`user_column_id`, `auto_generated`, `data_type`, `default_value_is_constant`, `has_default_value`, `name`, `native_type_name`, `nullable`, `on_update`, `order_in_table`, `prec`, `scale`, `size`, `cdv`, `hash_position`, `user_table_id`) VALUES (239, 0, 12, 1, 0, 'COLLATION_CONNECTION', 'varchar', 1, 0, 29, 0, 0, 32, 0, 0, 27);
INSERT INTO `user_column` (`user_column_id`, `auto_generated`, `data_type`, `default_value_is_constant`, `has_default_value`, `name`, `native_type_name`, `nullable`, `on_update`, `order_in_table`, `prec`, `scale`, `size`, `cdv`, `hash_position`, `user_table_id`) VALUES (240, 0, 12, 1, 0, 'DATABASE_COLLATION', 'varchar', 1, 0, 30, 0, 0, 32, 0, 0, 27);
INSERT INTO `user_column` (`user_column_id`, `auto_generated`, `data_type`, `default_value_is_constant`, `has_default_value`, `name`, `native_type_name`, `nullable`, `on_update`, `order_in_table`, `prec`, `scale`, `size`, `cdv`, `hash_position`, `user_table_id`) VALUES (241, 0, 12, 1, 0, 'EVENT_CATALOG', 'varchar', 1, 0, 1, 0, 0, 64, 0, 0, 28);
INSERT INTO `user_column` (`user_column_id`, `auto_generated`, `data_type`, `default_value_is_constant`, `has_default_value`, `name`, `native_type_name`, `nullable`, `on_update`, `order_in_table`, `prec`, `scale`, `size`, `cdv`, `hash_position`, `user_table_id`) VALUES (242, 0, 12, 1, 0, 'EVENT_SCHEMA', 'varchar', 1, 0, 2, 0, 0, 64, 0, 0, 28);
INSERT INTO `user_column` (`user_column_id`, `auto_generated`, `data_type`, `default_value_is_constant`, `has_default_value`, `name`, `native_type_name`, `nullable`, `on_update`, `order_in_table`, `prec`, `scale`, `size`, `cdv`, `hash_position`, `user_table_id`) VALUES (243, 0, 12, 1, 0, 'EVENT_NAME', 'varchar', 1, 0, 3, 0, 0, 64, 0, 0, 28);
INSERT INTO `user_column` (`user_column_id`, `auto_generated`, `data_type`, `default_value_is_constant`, `has_default_value`, `name`, `native_type_name`, `nullable`, `on_update`, `order_in_table`, `prec`, `scale`, `size`, `cdv`, `hash_position`, `user_table_id`) VALUES (244, 0, 12, 1, 0, 'DEFINER', 'varchar', 1, 0, 4, 0, 0, 77, 0, 0, 28);
INSERT INTO `user_column` (`user_column_id`, `auto_generated`, `data_type`, `default_value_is_constant`, `has_default_value`, `name`, `native_type_name`, `nullable`, `on_update`, `order_in_table`, `prec`, `scale`, `size`, `cdv`, `hash_position`, `user_table_id`) VALUES (245, 0, 12, 1, 0, 'TIME_ZONE', 'varchar', 1, 0, 5, 0, 0, 64, 0, 0, 28);
INSERT INTO `user_column` (`user_column_id`, `auto_generated`, `data_type`, `default_value_is_constant`, `has_default_value`, `name`, `native_type_name`, `nullable`, `on_update`, `order_in_table`, `prec`, `scale`, `size`, `cdv`, `hash_position`, `user_table_id`) VALUES (246, 0, 12, 1, 0, 'EVENT_BODY', 'varchar', 1, 0, 6, 0, 0, 8, 0, 0, 28);
INSERT INTO `user_column` (`user_column_id`, `auto_generated`, `data_type`, `default_value_is_constant`, `has_default_value`, `name`, `native_type_name`, `nullable`, `on_update`, `order_in_table`, `prec`, `scale`, `size`, `cdv`, `hash_position`, `user_table_id`) VALUES (247, 0, -1, 1, 0, 'EVENT_DEFINITION', 'mediumtext', 1, 0, 7, 0, 0, 196605, 0, 0, 28);
INSERT INTO `user_column` (`user_column_id`, `auto_generated`, `data_type`, `default_value_is_constant`, `has_default_value`, `name`, `native_type_name`, `nullable`, `on_update`, `order_in_table`, `prec`, `scale`, `size`, `cdv`, `hash_position`, `user_table_id`) VALUES (248, 0, 12, 1, 0, 'EVENT_TYPE', 'varchar', 1, 0, 8, 0, 0, 9, 0, 0, 28);
INSERT INTO `user_column` (`user_column_id`, `auto_generated`, `data_type`, `default_value_is_constant`, `has_default_value`, `name`, `native_type_name`, `nullable`, `on_update`, `order_in_table`, `prec`, `scale`, `size`, `cdv`, `hash_position`, `user_table_id`) VALUES (249, 0, 93, 1, 0, 'EXECUTE_AT', 'datetime', 1, 0, 9, 0, 0, 0, 0, 0, 28);
INSERT INTO `user_column` (`user_column_id`, `auto_generated`, `data_type`, `default_value_is_constant`, `has_default_value`, `name`, `native_type_name`, `nullable`, `on_update`, `order_in_table`, `prec`, `scale`, `size`, `cdv`, `hash_position`, `user_table_id`) VALUES (250, 0, 12, 1, 0, 'INTERVAL_VALUE', 'varchar', 1, 0, 10, 0, 0, 256, 0, 0, 28);
INSERT INTO `user_column` (`user_column_id`, `auto_generated`, `data_type`, `default_value_is_constant`, `has_default_value`, `name`, `native_type_name`, `nullable`, `on_update`, `order_in_table`, `prec`, `scale`, `size`, `cdv`, `hash_position`, `user_table_id`) VALUES (251, 0, 12, 1, 0, 'INTERVAL_FIELD', 'varchar', 1, 0, 11, 0, 0, 18, 0, 0, 28);
INSERT INTO `user_column` (`user_column_id`, `auto_generated`, `data_type`, `default_value_is_constant`, `has_default_value`, `name`, `native_type_name`, `nullable`, `on_update`, `order_in_table`, `prec`, `scale`, `size`, `cdv`, `hash_position`, `user_table_id`) VALUES (252, 0, 12, 1, 0, 'SQL_MODE', 'varchar', 1, 0, 12, 0, 0, 8192, 0, 0, 28);
INSERT INTO `user_column` (`user_column_id`, `auto_generated`, `data_type`, `default_value_is_constant`, `has_default_value`, `name`, `native_type_name`, `nullable`, `on_update`, `order_in_table`, `prec`, `scale`, `size`, `cdv`, `hash_position`, `user_table_id`) VALUES (253, 0, 93, 1, 0, 'STARTS', 'datetime', 1, 0, 13, 0, 0, 0, 0, 0, 28);
INSERT INTO `user_column` (`user_column_id`, `auto_generated`, `data_type`, `default_value_is_constant`, `has_default_value`, `name`, `native_type_name`, `nullable`, `on_update`, `order_in_table`, `prec`, `scale`, `size`, `cdv`, `hash_position`, `user_table_id`) VALUES (254, 0, 93, 1, 0, 'ENDS', 'datetime', 1, 0, 14, 0, 0, 0, 0, 0, 28);
INSERT INTO `user_column` (`user_column_id`, `auto_generated`, `data_type`, `default_value_is_constant`, `has_default_value`, `name`, `native_type_name`, `nullable`, `on_update`, `order_in_table`, `prec`, `scale`, `size`, `cdv`, `hash_position`, `user_table_id`) VALUES (255, 0, 12, 1, 0, 'STATUS', 'varchar', 1, 0, 15, 0, 0, 18, 0, 0, 28);
INSERT INTO `user_column` (`user_column_id`, `auto_generated`, `data_type`, `default_value_is_constant`, `has_default_value`, `name`, `native_type_name`, `nullable`, `on_update`, `order_in_table`, `prec`, `scale`, `size`, `cdv`, `hash_position`, `user_table_id`) VALUES (256, 0, 12, 1, 0, 'ON_COMPLETION', 'varchar', 1, 0, 16, 0, 0, 12, 0, 0, 28);
INSERT INTO `user_column` (`user_column_id`, `auto_generated`, `data_type`, `default_value_is_constant`, `has_default_value`, `name`, `native_type_name`, `nullable`, `on_update`, `order_in_table`, `prec`, `scale`, `size`, `cdv`, `hash_position`, `user_table_id`) VALUES (257, 0, 93, 1, 0, 'CREATED', 'datetime', 1, 0, 17, 0, 0, 0, 0, 0, 28);
INSERT INTO `user_column` (`user_column_id`, `auto_generated`, `data_type`, `default_value_is_constant`, `has_default_value`, `name`, `native_type_name`, `nullable`, `on_update`, `order_in_table`, `prec`, `scale`, `size`, `cdv`, `hash_position`, `user_table_id`) VALUES (258, 0, 93, 1, 0, 'LAST_ALTERED', 'datetime', 1, 0, 18, 0, 0, 0, 0, 0, 28);
INSERT INTO `user_column` (`user_column_id`, `auto_generated`, `data_type`, `default_value_is_constant`, `has_default_value`, `name`, `native_type_name`, `nullable`, `on_update`, `order_in_table`, `prec`, `scale`, `size`, `cdv`, `hash_position`, `user_table_id`) VALUES (259, 0, 93, 1, 0, 'LAST_EXECUTED', 'datetime', 1, 0, 19, 0, 0, 0, 0, 0, 28);
INSERT INTO `user_column` (`user_column_id`, `auto_generated`, `data_type`, `default_value_is_constant`, `has_default_value`, `name`, `native_type_name`, `nullable`, `on_update`, `order_in_table`, `prec`, `scale`, `size`, `cdv`, `hash_position`, `user_table_id`) VALUES (260, 0, 12, 1, 0, 'EVENT_COMMENT', 'varchar', 1, 0, 20, 0, 0, 64, 0, 0, 28);
INSERT INTO `user_column` (`user_column_id`, `auto_generated`, `data_type`, `default_value_is_constant`, `has_default_value`, `name`, `native_type_name`, `nullable`, `on_update`, `order_in_table`, `prec`, `scale`, `size`, `cdv`, `hash_position`, `user_table_id`) VALUES (261, 0, -5, 1, 0, 'ORIGINATOR', 'bigint', 1, 0, 21, 0, 0, 10, 0, 0, 28);
INSERT INTO `user_column` (`user_column_id`, `auto_generated`, `data_type`, `default_value_is_constant`, `has_default_value`, `name`, `native_type_name`, `nullable`, `on_update`, `order_in_table`, `prec`, `scale`, `size`, `cdv`, `hash_position`, `user_table_id`) VALUES (262, 0, 12, 1, 0, 'CHARACTER_SET_CLIENT', 'varchar', 1, 0, 22, 0, 0, 32, 0, 0, 28);
INSERT INTO `user_column` (`user_column_id`, `auto_generated`, `data_type`, `default_value_is_constant`, `has_default_value`, `name`, `native_type_name`, `nullable`, `on_update`, `order_in_table`, `prec`, `scale`, `size`, `cdv`, `hash_position`, `user_table_id`) VALUES (263, 0, 12, 1, 0, 'COLLATION_CONNECTION', 'varchar', 1, 0, 23, 0, 0, 32, 0, 0, 28);
INSERT INTO `user_column` (`user_column_id`, `auto_generated`, `data_type`, `default_value_is_constant`, `has_default_value`, `name`, `native_type_name`, `nullable`, `on_update`, `order_in_table`, `prec`, `scale`, `size`, `cdv`, `hash_position`, `user_table_id`) VALUES (264, 0, 12, 1, 0, 'DATABASE_COLLATION', 'varchar', 1, 0, 24, 0, 0, 32, 0, 0, 28);
INSERT INTO `user_column` (`user_column_id`, `auto_generated`, `data_type`, `default_value_is_constant`, `has_default_value`, `name`, `native_type_name`, `nullable`, `on_update`, `order_in_table`, `prec`, `scale`, `size`, `cdv`, `hash_position`, `user_table_id`) VALUES (265, 0, 12, 1, 0, 'CONSTRAINT_CATALOG', 'varchar', 1, 0, 1, 0, 0, 255, 0, 0, 29);
INSERT INTO `user_column` (`user_column_id`, `auto_generated`, `data_type`, `default_value_is_constant`, `has_default_value`, `name`, `native_type_name`, `nullable`, `on_update`, `order_in_table`, `prec`, `scale`, `size`, `cdv`, `hash_position`, `user_table_id`) VALUES (266, 0, 12, 1, 0, 'CONSTRAINT_SCHEMA', 'varchar', 1, 0, 2, 0, 0, 255, 0, 0, 29);
INSERT INTO `user_column` (`user_column_id`, `auto_generated`, `data_type`, `default_value_is_constant`, `has_default_value`, `name`, `native_type_name`, `nullable`, `on_update`, `order_in_table`, `prec`, `scale`, `size`, `cdv`, `hash_position`, `user_table_id`) VALUES (267, 0, 12, 1, 0, 'UNIQUE_CONSTRAINT_CATALOG', 'varchar', 1, 0, 3, 0, 0, 255, 0, 0, 29);
INSERT INTO `user_column` (`user_column_id`, `auto_generated`, `data_type`, `default_value_is_constant`, `has_default_value`, `name`, `native_type_name`, `nullable`, `on_update`, `order_in_table`, `prec`, `scale`, `size`, `cdv`, `hash_position`, `user_table_id`) VALUES (268, 0, 12, 1, 0, 'UNIQUE_CONSTRAINT_SCHEMA', 'varchar', 1, 0, 4, 0, 0, 255, 0, 0, 29);
INSERT INTO `user_column` (`user_column_id`, `auto_generated`, `data_type`, `default_value_is_constant`, `has_default_value`, `name`, `native_type_name`, `nullable`, `on_update`, `order_in_table`, `prec`, `scale`, `size`, `cdv`, `hash_position`, `user_table_id`) VALUES (269, 0, 12, 1, 0, 'UPDATE_RULE', 'varchar', 1, 0, 5, 0, 0, 255, 0, 0, 29);
INSERT INTO `user_column` (`user_column_id`, `auto_generated`, `data_type`, `default_value_is_constant`, `has_default_value`, `name`, `native_type_name`, `nullable`, `on_update`, `order_in_table`, `prec`, `scale`, `size`, `cdv`, `hash_position`, `user_table_id`) VALUES (270, 0, 12, 1, 0, 'DELETE_RULE', 'varchar', 1, 0, 6, 0, 0, 255, 0, 0, 29);
INSERT INTO `user_column` (`user_column_id`, `auto_generated`, `data_type`, `default_value_is_constant`, `has_default_value`, `name`, `native_type_name`, `nullable`, `on_update`, `order_in_table`, `prec`, `scale`, `size`, `cdv`, `hash_position`, `user_table_id`) VALUES (271, 0, 12, 1, 0, 'TABLE_NAME', 'varchar', 0, 0, 7, 0, 0, 255, 0, 0, 29);
INSERT INTO `user_column` (`user_column_id`, `auto_generated`, `data_type`, `default_value_is_constant`, `has_default_value`, `name`, `native_type_name`, `nullable`, `on_update`, `order_in_table`, `prec`, `scale`, `size`, `cdv`, `hash_position`, `user_table_id`) VALUES (272, 0, 12, 1, 0, 'REFERENCED_TABLE_NAME', 'varchar', 1, 0, 8, 0, 0, 255, 0, 0, 29);
INSERT INTO `user_column` (`user_column_id`, `auto_generated`, `data_type`, `default_value_is_constant`, `has_default_value`, `name`, `native_type_name`, `nullable`, `on_update`, `order_in_table`, `prec`, `scale`, `size`, `cdv`, `hash_position`, `user_table_id`) VALUES (273, 0, 12, 1, 0, 'CONSTRAINT_CATALOG', 'varchar', 1, 0, 1, 0, 0, 255, 0, 0, 30);
INSERT INTO `user_column` (`user_column_id`, `auto_generated`, `data_type`, `default_value_is_constant`, `has_default_value`, `name`, `native_type_name`, `nullable`, `on_update`, `order_in_table`, `prec`, `scale`, `size`, `cdv`, `hash_position`, `user_table_id`) VALUES (274, 0, 12, 1, 0, 'TABLE_CATALOG', 'varchar', 1, 0, 2, 0, 0, 255, 0, 0, 30);
INSERT INTO `user_column` (`user_column_id`, `auto_generated`, `data_type`, `default_value_is_constant`, `has_default_value`, `name`, `native_type_name`, `nullable`, `on_update`, `order_in_table`, `prec`, `scale`, `size`, `cdv`, `hash_position`, `user_table_id`) VALUES (275, 0, 12, 1, 0, 'TABLE_SCHEMA', 'varchar', 1, 0, 3, 0, 0, 255, 0, 0, 30);
INSERT INTO `user_column` (`user_column_id`, `auto_generated`, `data_type`, `default_value_is_constant`, `has_default_value`, `name`, `native_type_name`, `nullable`, `on_update`, `order_in_table`, `prec`, `scale`, `size`, `cdv`, `hash_position`, `user_table_id`) VALUES (276, 0, 12, 1, 0, 'TABLE_NAME', 'varchar', 1, 0, 4, 0, 0, 255, 0, 0, 30);
INSERT INTO `user_column` (`user_column_id`, `auto_generated`, `data_type`, `default_value_is_constant`, `has_default_value`, `name`, `native_type_name`, `nullable`, `on_update`, `order_in_table`, `prec`, `scale`, `size`, `cdv`, `hash_position`, `user_table_id`) VALUES (277, 0, 12, 1, 0, 'COLUMN_NAME', 'varchar', 1, 0, 5, 0, 0, 255, 0, 0, 30);
INSERT INTO `user_column` (`user_column_id`, `auto_generated`, `data_type`, `default_value_is_constant`, `has_default_value`, `name`, `native_type_name`, `nullable`, `on_update`, `order_in_table`, `prec`, `scale`, `size`, `cdv`, `hash_position`, `user_table_id`) VALUES (278, 0, 4, 1, 0, 'ORDINAL_POSITION', 'int', 0, 0, 6, 0, 0, 0, 0, 0, 30);
INSERT INTO `user_column` (`user_column_id`, `auto_generated`, `data_type`, `default_value_is_constant`, `has_default_value`, `name`, `native_type_name`, `nullable`, `on_update`, `order_in_table`, `prec`, `scale`, `size`, `cdv`, `hash_position`, `user_table_id`) VALUES (279, 0, 12, 1, 0, 'REFERENCED_TABLE_SCHEMA', 'varchar', 1, 0, 7, 0, 0, 255, 0, 0, 30);
INSERT INTO `user_column` (`user_column_id`, `auto_generated`, `data_type`, `default_value_is_constant`, `has_default_value`, `name`, `native_type_name`, `nullable`, `on_update`, `order_in_table`, `prec`, `scale`, `size`, `cdv`, `hash_position`, `user_table_id`) VALUES (280, 0, 12, 1, 0, 'REFERENCED_TABLE_NAME', 'varchar', 1, 0, 8, 0, 0, 255, 0, 0, 30);
INSERT INTO `user_column` (`user_column_id`, `auto_generated`, `data_type`, `default_value_is_constant`, `has_default_value`, `name`, `native_type_name`, `nullable`, `on_update`, `order_in_table`, `prec`, `scale`, `size`, `cdv`, `hash_position`, `user_table_id`) VALUES (281, 0, 12, 1, 0, 'REFERENCED_COLUMN_NAME', 'varchar', 1, 0, 9, 0, 0, 255, 0, 0, 30);
INSERT INTO `user_column` (`user_column_id`, `auto_generated`, `data_type`, `default_value_is_constant`, `has_default_value`, `name`, `native_type_name`, `nullable`, `on_update`, `order_in_table`, `prec`, `scale`, `size`, `cdv`, `hash_position`, `user_table_id`) VALUES (282, 0, 12, 1, 0, 'CONSTRAINT_CATALOG', 'varchar', 1, 0, 1, 0, 0, 255, 0, 0, 31);
INSERT INTO `user_column` (`user_column_id`, `auto_generated`, `data_type`, `default_value_is_constant`, `has_default_value`, `name`, `native_type_name`, `nullable`, `on_update`, `order_in_table`, `prec`, `scale`, `size`, `cdv`, `hash_position`, `user_table_id`) VALUES (283, 0, 12, 1, 0, 'CONSTRAINT_SCHEMA', 'varchar', 1, 0, 2, 0, 0, 255, 0, 0, 31);
INSERT INTO `user_column` (`user_column_id`, `auto_generated`, `data_type`, `default_value_is_constant`, `has_default_value`, `name`, `native_type_name`, `nullable`, `on_update`, `order_in_table`, `prec`, `scale`, `size`, `cdv`, `hash_position`, `user_table_id`) VALUES (284, 0, 12, 1, 0, 'CONSTRAINT_NAME', 'varchar', 1, 0, 3, 0, 0, 255, 0, 0, 31);
INSERT INTO `user_column` (`user_column_id`, `auto_generated`, `data_type`, `default_value_is_constant`, `has_default_value`, `name`, `native_type_name`, `nullable`, `on_update`, `order_in_table`, `prec`, `scale`, `size`, `cdv`, `hash_position`, `user_table_id`) VALUES (285, 0, 12, 1, 0, 'TABLE_SCHEMA', 'varchar', 1, 0, 4, 0, 0, 255, 0, 0, 31);
INSERT INTO `user_column` (`user_column_id`, `auto_generated`, `data_type`, `default_value_is_constant`, `has_default_value`, `name`, `native_type_name`, `nullable`, `on_update`, `order_in_table`, `prec`, `scale`, `size`, `cdv`, `hash_position`, `user_table_id`) VALUES (286, 0, 12, 1, 0, 'TABLE_NAME', 'varchar', 0, 0, 5, 0, 0, 255, 0, 0, 31);
INSERT INTO `user_column` (`user_column_id`, `auto_generated`, `data_type`, `default_value_is_constant`, `has_default_value`, `name`, `native_type_name`, `nullable`, `on_update`, `order_in_table`, `prec`, `scale`, `size`, `cdv`, `hash_position`, `user_table_id`) VALUES (287, 0, 12, 1, 0, 'CONSTRAINT_TYPE', 'varchar', 1, 0, 6, 0, 0, 255, 0, 0, 31);
INSERT INTO `user_column` (`user_column_id`, `auto_generated`, `data_type`, `default_value_is_constant`, `has_default_value`, `name`, `native_type_name`, `nullable`, `on_update`, `order_in_table`, `prec`, `scale`, `size`, `cdv`, `hash_position`, `user_table_id`) VALUES (288, 0, 12, 1, 0, 'CATALOG_NAME', 'varchar', 1, 0, 1, 0, 0, 255, 0, 0, 32);
INSERT INTO `user_column` (`user_column_id`, `auto_generated`, `data_type`, `default_value_is_constant`, `has_default_value`, `name`, `native_type_name`, `nullable`, `on_update`, `order_in_table`, `prec`, `scale`, `size`, `cdv`, `hash_position`, `user_table_id`) VALUES (289, 0, 12, 1, 0, 'SCHEMA_NAME', 'varchar', 0, 0, 2, 0, 0, 255, 0, 0, 32);
INSERT INTO `user_column` (`user_column_id`, `auto_generated`, `data_type`, `default_value_is_constant`, `has_default_value`, `name`, `native_type_name`, `nullable`, `on_update`, `order_in_table`, `prec`, `scale`, `size`, `cdv`, `hash_position`, `user_table_id`) VALUES (290, 0, 12, 1, 0, 'DEFAULT_PERSISTENT_GROUP', 'varchar', 1, 0, 3, 0, 0, 255, 0, 0, 32);
INSERT INTO `user_column` (`user_column_id`, `auto_generated`, `data_type`, `default_value_is_constant`, `has_default_value`, `name`, `native_type_name`, `nullable`, `on_update`, `order_in_table`, `prec`, `scale`, `size`, `cdv`, `hash_position`, `user_table_id`) VALUES (291, 0, 12, 1, 0, 'TEMPLATE', 'varchar', 1, 0, 4, 0, 0, 255, 0, 0, 32);
INSERT INTO `user_column` (`user_column_id`, `auto_generated`, `data_type`, `default_value_is_constant`, `has_default_value`, `name`, `native_type_name`, `nullable`, `on_update`, `order_in_table`, `prec`, `scale`, `size`, `cdv`, `hash_position`, `user_table_id`) VALUES (292, 0, 12, 1, 0, 'TEMPLATE_MODE', 'varchar', 1, 0, 5, 0, 0, 16, 0, 0, 32);
INSERT INTO `user_column` (`user_column_id`, `auto_generated`, `data_type`, `default_value_is_constant`, `has_default_value`, `name`, `native_type_name`, `nullable`, `on_update`, `order_in_table`, `prec`, `scale`, `size`, `cdv`, `hash_position`, `user_table_id`) VALUES (293, 0, 12, 1, 0, 'MULTITENANT', 'varchar', 0, 0, 6, 0, 0, 255, 0, 0, 32);
INSERT INTO `user_column` (`user_column_id`, `auto_generated`, `data_type`, `default_value_is_constant`, `has_default_value`, `name`, `native_type_name`, `nullable`, `on_update`, `order_in_table`, `prec`, `scale`, `size`, `cdv`, `hash_position`, `user_table_id`) VALUES (294, 0, 12, 1, 0, 'FKMODE', 'varchar', 0, 0, 7, 0, 0, 255, 0, 0, 32);
INSERT INTO `user_column` (`user_column_id`, `auto_generated`, `data_type`, `default_value_is_constant`, `has_default_value`, `name`, `native_type_name`, `nullable`, `on_update`, `order_in_table`, `prec`, `scale`, `size`, `cdv`, `hash_position`, `user_table_id`) VALUES (295, 0, 12, 1, 0, 'DEFAULT_CHARACTER_SET_NAME', 'varchar', 1, 0, 8, 0, 0, 32, 0, 0, 32);
INSERT INTO `user_column` (`user_column_id`, `auto_generated`, `data_type`, `default_value_is_constant`, `has_default_value`, `name`, `native_type_name`, `nullable`, `on_update`, `order_in_table`, `prec`, `scale`, `size`, `cdv`, `hash_position`, `user_table_id`) VALUES (296, 0, 12, 1, 0, 'DEFAULT_COLLATION_NAME', 'varchar', 1, 0, 9, 0, 0, 32, 0, 0, 32);
INSERT INTO `user_column` (`user_column_id`, `auto_generated`, `data_type`, `default_value_is_constant`, `has_default_value`, `name`, `native_type_name`, `nullable`, `on_update`, `order_in_table`, `prec`, `scale`, `size`, `cdv`, `hash_position`, `user_table_id`) VALUES (297, 0, 12, 1, 0, 'DATABASE_NAME', 'varchar', 1, 0, 1, 0, 0, 255, 0, 0, 33);
INSERT INTO `user_column` (`user_column_id`, `auto_generated`, `data_type`, `default_value_is_constant`, `has_default_value`, `name`, `native_type_name`, `nullable`, `on_update`, `order_in_table`, `prec`, `scale`, `size`, `cdv`, `hash_position`, `user_table_id`) VALUES (298, 0, 12, 1, 0, 'TABLE_NAME', 'varchar', 1, 0, 2, 0, 0, 255, 0, 0, 33);
INSERT INTO `user_column` (`user_column_id`, `auto_generated`, `data_type`, `default_value_is_constant`, `has_default_value`, `name`, `native_type_name`, `nullable`, `on_update`, `order_in_table`, `prec`, `scale`, `size`, `cdv`, `hash_position`, `user_table_id`) VALUES (299, 0, 12, 1, 0, 'COLUMN_NAME', 'varchar', 1, 0, 3, 0, 0, 255, 0, 0, 33);
INSERT INTO `user_column` (`user_column_id`, `auto_generated`, `data_type`, `default_value_is_constant`, `has_default_value`, `name`, `native_type_name`, `nullable`, `on_update`, `order_in_table`, `prec`, `scale`, `size`, `cdv`, `hash_position`, `user_table_id`) VALUES (300, 0, 4, 1, 0, 'VECTOR_POSITION', 'int', 1, 0, 4, 0, 0, 0, 0, 0, 33);
INSERT INTO `user_column` (`user_column_id`, `auto_generated`, `data_type`, `default_value_is_constant`, `has_default_value`, `name`, `native_type_name`, `nullable`, `on_update`, `order_in_table`, `prec`, `scale`, `size`, `cdv`, `hash_position`, `user_table_id`) VALUES (301, 0, 12, 1, 0, 'MODEL_TYPE', 'varchar', 1, 0, 5, 0, 0, 255, 0, 0, 33);
INSERT INTO `user_column` (`user_column_id`, `auto_generated`, `data_type`, `default_value_is_constant`, `has_default_value`, `name`, `native_type_name`, `nullable`, `on_update`, `order_in_table`, `prec`, `scale`, `size`, `cdv`, `hash_position`, `user_table_id`) VALUES (302, 0, 12, 1, 0, 'MODEL_NAME', 'varchar', 1, 0, 6, 0, 0, 255, 0, 0, 33);
INSERT INTO `user_column` (`user_column_id`, `auto_generated`, `data_type`, `default_value_is_constant`, `has_default_value`, `name`, `native_type_name`, `nullable`, `on_update`, `order_in_table`, `prec`, `scale`, `size`, `cdv`, `hash_position`, `user_table_id`) VALUES (303, 0, 12, 1, 0, 'PLUGIN_NAME', 'varchar', 1, 0, 1, 0, 0, 64, 0, 0, 34);
INSERT INTO `user_column` (`user_column_id`, `auto_generated`, `data_type`, `default_value_is_constant`, `has_default_value`, `name`, `native_type_name`, `nullable`, `on_update`, `order_in_table`, `prec`, `scale`, `size`, `cdv`, `hash_position`, `user_table_id`) VALUES (304, 0, 12, 1, 0, 'PLUGIN_VERSION', 'varchar', 1, 0, 2, 0, 0, 20, 0, 0, 34);
INSERT INTO `user_column` (`user_column_id`, `auto_generated`, `data_type`, `default_value_is_constant`, `has_default_value`, `name`, `native_type_name`, `nullable`, `on_update`, `order_in_table`, `prec`, `scale`, `size`, `cdv`, `hash_position`, `user_table_id`) VALUES (305, 0, 12, 1, 0, 'PLUGIN_STATUS', 'varchar', 1, 0, 3, 0, 0, 10, 0, 0, 34);
INSERT INTO `user_column` (`user_column_id`, `auto_generated`, `data_type`, `default_value_is_constant`, `has_default_value`, `name`, `native_type_name`, `nullable`, `on_update`, `order_in_table`, `prec`, `scale`, `size`, `cdv`, `hash_position`, `user_table_id`) VALUES (306, 0, 12, 1, 0, 'PLUGIN_TYPE', 'varchar', 1, 0, 4, 0, 0, 80, 0, 0, 34);
INSERT INTO `user_column` (`user_column_id`, `auto_generated`, `data_type`, `default_value_is_constant`, `has_default_value`, `name`, `native_type_name`, `nullable`, `on_update`, `order_in_table`, `prec`, `scale`, `size`, `cdv`, `hash_position`, `user_table_id`) VALUES (307, 0, 12, 1, 0, 'PLUGIN_TYPE_VERSION', 'varchar', 1, 0, 5, 0, 0, 20, 0, 0, 34);
INSERT INTO `user_column` (`user_column_id`, `auto_generated`, `data_type`, `default_value_is_constant`, `has_default_value`, `name`, `native_type_name`, `nullable`, `on_update`, `order_in_table`, `prec`, `scale`, `size`, `cdv`, `hash_position`, `user_table_id`) VALUES (308, 0, 12, 1, 0, 'PLUGIN_LIBRARY', 'varchar', 1, 0, 6, 0, 0, 64, 0, 0, 34);
INSERT INTO `user_column` (`user_column_id`, `auto_generated`, `data_type`, `default_value_is_constant`, `has_default_value`, `name`, `native_type_name`, `nullable`, `on_update`, `order_in_table`, `prec`, `scale`, `size`, `cdv`, `hash_position`, `user_table_id`) VALUES (309, 0, 12, 1, 0, 'PLUGIN_LIBRARY_VERSION', 'varchar', 1, 0, 7, 0, 0, 20, 0, 0, 34);
INSERT INTO `user_column` (`user_column_id`, `auto_generated`, `data_type`, `default_value_is_constant`, `has_default_value`, `name`, `native_type_name`, `nullable`, `on_update`, `order_in_table`, `prec`, `scale`, `size`, `cdv`, `hash_position`, `user_table_id`) VALUES (310, 0, 12, 1, 0, 'PLUGIN_AUTHOR', 'varchar', 1, 0, 8, 0, 0, 64, 0, 0, 34);
INSERT INTO `user_column` (`user_column_id`, `auto_generated`, `data_type`, `default_value_is_constant`, `has_default_value`, `name`, `native_type_name`, `nullable`, `on_update`, `order_in_table`, `prec`, `scale`, `size`, `cdv`, `hash_position`, `user_table_id`) VALUES (311, 0, -1, 1, 0, 'PLUGIN_DESCRIPTION', 'mediumtext', 1, 0, 9, 0, 0, 196605, 0, 0, 34);
INSERT INTO `user_column` (`user_column_id`, `auto_generated`, `data_type`, `default_value_is_constant`, `has_default_value`, `name`, `native_type_name`, `nullable`, `on_update`, `order_in_table`, `prec`, `scale`, `size`, `cdv`, `hash_position`, `user_table_id`) VALUES (312, 0, 12, 1, 0, 'PLUGIN_LICENSE', 'varchar', 1, 0, 10, 0, 0, 80, 0, 0, 34);
INSERT INTO `user_column` (`user_column_id`, `auto_generated`, `data_type`, `default_value_is_constant`, `has_default_value`, `name`, `native_type_name`, `nullable`, `on_update`, `order_in_table`, `prec`, `scale`, `size`, `cdv`, `hash_position`, `user_table_id`) VALUES (313, 0, 12, 1, 0, 'LOAD_OPTION', 'varchar', 1, 0, 11, 0, 0, 64, 0, 0, 34);
INSERT INTO `user_column` (`user_column_id`, `auto_generated`, `data_type`, `default_value_is_constant`, `has_default_value`, `name`, `native_type_name`, `nullable`, `on_update`, `order_in_table`, `prec`, `scale`, `size`, `cdv`, `hash_position`, `user_table_id`) VALUES (314, 0, 12, 1, 0, 'TABLE_NAME', 'varchar', 1, 0, 1, 0, 0, 255, 0, 0, 35);
INSERT INTO `user_column` (`user_column_id`, `auto_generated`, `data_type`, `default_value_is_constant`, `has_default_value`, `name`, `native_type_name`, `nullable`, `on_update`, `order_in_table`, `prec`, `scale`, `size`, `cdv`, `hash_position`, `user_table_id`) VALUES (315, 0, 12, 1, 0, 'TABLE_SCHEMA', 'varchar', 1, 0, 2, 0, 0, 255, 0, 0, 35);
INSERT INTO `user_column` (`user_column_id`, `auto_generated`, `data_type`, `default_value_is_constant`, `has_default_value`, `name`, `native_type_name`, `nullable`, `on_update`, `order_in_table`, `prec`, `scale`, `size`, `cdv`, `hash_position`, `user_table_id`) VALUES (316, 0, 12, 1, 0, 'TABLE_STATE', 'varchar', 1, 0, 3, 0, 0, 255, 0, 0, 35);
INSERT INTO `user_column` (`user_column_id`, `auto_generated`, `data_type`, `default_value_is_constant`, `has_default_value`, `name`, `native_type_name`, `nullable`, `on_update`, `order_in_table`, `prec`, `scale`, `size`, `cdv`, `hash_position`, `user_table_id`) VALUES (317, 0, 12, 1, 0, 'TENANT_NAME', 'varchar', 1, 0, 4, 0, 0, 255, 0, 0, 35);
INSERT INTO `user_column` (`user_column_id`, `auto_generated`, `data_type`, `default_value_is_constant`, `has_default_value`, `name`, `native_type_name`, `nullable`, `on_update`, `order_in_table`, `prec`, `scale`, `size`, `cdv`, `hash_position`, `user_table_id`) VALUES (318, 0, 12, 1, 0, 'SCOPE_NAME', 'varchar', 1, 0, 5, 0, 0, 255, 0, 0, 35);
INSERT INTO `user_column` (`user_column_id`, `auto_generated`, `data_type`, `default_value_is_constant`, `has_default_value`, `name`, `native_type_name`, `nullable`, `on_update`, `order_in_table`, `prec`, `scale`, `size`, `cdv`, `hash_position`, `user_table_id`) VALUES (319, 0, 12, 1, 0, 'TABLE_CATALOG', 'varchar', 1, 0, 1, 0, 0, 512, 0, 0, 36);
INSERT INTO `user_column` (`user_column_id`, `auto_generated`, `data_type`, `default_value_is_constant`, `has_default_value`, `name`, `native_type_name`, `nullable`, `on_update`, `order_in_table`, `prec`, `scale`, `size`, `cdv`, `hash_position`, `user_table_id`) VALUES (320, 0, 12, 1, 0, 'TABLE_SCHEMA', 'varchar', 1, 0, 2, 0, 0, 255, 0, 0, 36);
INSERT INTO `user_column` (`user_column_id`, `auto_generated`, `data_type`, `default_value_is_constant`, `has_default_value`, `name`, `native_type_name`, `nullable`, `on_update`, `order_in_table`, `prec`, `scale`, `size`, `cdv`, `hash_position`, `user_table_id`) VALUES (321, 0, 12, 1, 0, 'TABLE_NAME', 'varchar', 1, 0, 3, 0, 0, 255, 0, 0, 36);
INSERT INTO `user_column` (`user_column_id`, `auto_generated`, `data_type`, `default_value_is_constant`, `has_default_value`, `name`, `native_type_name`, `nullable`, `on_update`, `order_in_table`, `prec`, `scale`, `size`, `cdv`, `hash_position`, `user_table_id`) VALUES (322, 0, 12, 1, 0, 'VIEW_DEFINITION', 'varchar', 0, 0, 4, 0, 0, 255, 0, 0, 36);
INSERT INTO `user_column` (`user_column_id`, `auto_generated`, `data_type`, `default_value_is_constant`, `has_default_value`, `name`, `native_type_name`, `nullable`, `on_update`, `order_in_table`, `prec`, `scale`, `size`, `cdv`, `hash_position`, `user_table_id`) VALUES (323, 0, 12, 1, 0, 'CHECK_OPTION', 'varchar', 0, 0, 5, 0, 0, 255, 0, 0, 36);
INSERT INTO `user_column` (`user_column_id`, `auto_generated`, `data_type`, `default_value_is_constant`, `has_default_value`, `name`, `native_type_name`, `nullable`, `on_update`, `order_in_table`, `prec`, `scale`, `size`, `cdv`, `hash_position`, `user_table_id`) VALUES (324, 0, 12, 1, 0, 'IS_UPDATABLE', 'varchar', 1, 0, 6, 0, 0, 3, 0, 0, 36);
INSERT INTO `user_column` (`user_column_id`, `auto_generated`, `data_type`, `default_value_is_constant`, `has_default_value`, `name`, `native_type_name`, `nullable`, `on_update`, `order_in_table`, `prec`, `scale`, `size`, `cdv`, `hash_position`, `user_table_id`) VALUES (325, 0, 12, 1, 0, 'DEFINER', 'varchar', 1, 0, 7, 0, 0, 255, 0, 0, 36);
INSERT INTO `user_column` (`user_column_id`, `auto_generated`, `data_type`, `default_value_is_constant`, `has_default_value`, `name`, `native_type_name`, `nullable`, `on_update`, `order_in_table`, `prec`, `scale`, `size`, `cdv`, `hash_position`, `user_table_id`) VALUES (326, 0, 12, 1, 0, 'SECURITY_TYPE', 'varchar', 0, 0, 8, 0, 0, 255, 0, 0, 36);
INSERT INTO `user_column` (`user_column_id`, `auto_generated`, `data_type`, `default_value_is_constant`, `has_default_value`, `name`, `native_type_name`, `nullable`, `on_update`, `order_in_table`, `prec`, `scale`, `size`, `cdv`, `hash_position`, `user_table_id`) VALUES (327, 0, 12, 1, 0, 'CHARACTER_SET_CLIENT', 'varchar', 0, 0, 9, 0, 0, 32, 0, 0, 36);
INSERT INTO `user_column` (`user_column_id`, `auto_generated`, `data_type`, `default_value_is_constant`, `has_default_value`, `name`, `native_type_name`, `nullable`, `on_update`, `order_in_table`, `prec`, `scale`, `size`, `cdv`, `hash_position`, `user_table_id`) VALUES (328, 0, 12, 1, 0, 'COLLATION_CONNECTION', 'varchar', 0, 0, 10, 0, 0, 32, 0, 0, 36);
INSERT INTO `user_column` (`user_column_id`, `auto_generated`, `data_type`, `default_value_is_constant`, `has_default_value`, `name`, `native_type_name`, `nullable`, `on_update`, `order_in_table`, `prec`, `scale`, `size`, `cdv`, `hash_position`, `user_table_id`) VALUES (329, 0, 12, 1, 0, 'MODE', 'varchar', 0, 0, 11, 0, 0, 255, 0, 0, 36);
INSERT INTO `user_column` (`user_column_id`, `auto_generated`, `data_type`, `default_value_is_constant`, `has_default_value`, `name`, `native_type_name`, `nullable`, `on_update`, `order_in_table`, `prec`, `scale`, `size`, `cdv`, `hash_position`, `user_table_id`) VALUES (330, 0, 4, 1, 0, 'SESSION_ID', 'int', 0, 0, 1, 0, 0, 0, 0, 0, 37);
INSERT INTO `user_column` (`user_column_id`, `auto_generated`, `data_type`, `default_value_is_constant`, `has_default_value`, `name`, `native_type_name`, `nullable`, `on_update`, `order_in_table`, `prec`, `scale`, `size`, `cdv`, `hash_position`, `user_table_id`) VALUES (331, 0, 12, 1, 0, 'TABLE_SCHEMA', 'varchar', 0, 0, 2, 0, 0, 255, 0, 0, 37);
INSERT INTO `user_column` (`user_column_id`, `auto_generated`, `data_type`, `default_value_is_constant`, `has_default_value`, `name`, `native_type_name`, `nullable`, `on_update`, `order_in_table`, `prec`, `scale`, `size`, `cdv`, `hash_position`, `user_table_id`) VALUES (332, 0, 12, 1, 0, 'TABLE_NAME', 'varchar', 0, 0, 3, 0, 0, 255, 0, 0, 37);
INSERT INTO `user_column` (`user_column_id`, `auto_generated`, `data_type`, `default_value_is_constant`, `has_default_value`, `name`, `native_type_name`, `nullable`, `on_update`, `order_in_table`, `prec`, `scale`, `size`, `cdv`, `hash_position`, `user_table_id`) VALUES (333, 0, 12, 1, 0, 'ENGINE', 'varchar', 0, 0, 4, 0, 0, 255, 0, 0, 37);
INSERT INTO `user_column` (`user_column_id`, `auto_generated`, `data_type`, `default_value_is_constant`, `has_default_value`, `name`, `native_type_name`, `nullable`, `on_update`, `order_in_table`, `prec`, `scale`, `size`, `cdv`, `hash_position`, `user_table_id`) VALUES (334, 0, 12, 1, 0, 'SERVER_NAME', 'varchar', 0, 0, 1, 0, 0, 255, 0, 0, 38);
INSERT INTO `user_column` (`user_column_id`, `auto_generated`, `data_type`, `default_value_is_constant`, `has_default_value`, `name`, `native_type_name`, `nullable`, `on_update`, `order_in_table`, `prec`, `scale`, `size`, `cdv`, `hash_position`, `user_table_id`) VALUES (335, 0, 4, 1, 0, 'SESSION_ID', 'int', 0, 0, 2, 0, 0, 0, 0, 0, 38);
INSERT INTO `user_column` (`user_column_id`, `auto_generated`, `data_type`, `default_value_is_constant`, `has_default_value`, `name`, `native_type_name`, `nullable`, `on_update`, `order_in_table`, `prec`, `scale`, `size`, `cdv`, `hash_position`, `user_table_id`) VALUES (336, 0, 12, 1, 0, 'TABLE_SCHEMA', 'varchar', 0, 0, 3, 0, 0, 255, 0, 0, 38);
INSERT INTO `user_column` (`user_column_id`, `auto_generated`, `data_type`, `default_value_is_constant`, `has_default_value`, `name`, `native_type_name`, `nullable`, `on_update`, `order_in_table`, `prec`, `scale`, `size`, `cdv`, `hash_position`, `user_table_id`) VALUES (337, 0, 12, 1, 0, 'TABLE_NAME', 'varchar', 0, 0, 4, 0, 0, 255, 0, 0, 38);
INSERT INTO `user_column` (`user_column_id`, `auto_generated`, `data_type`, `default_value_is_constant`, `has_default_value`, `name`, `native_type_name`, `nullable`, `on_update`, `order_in_table`, `prec`, `scale`, `size`, `cdv`, `hash_position`, `user_table_id`) VALUES (338, 0, 12, 1, 0, 'ENGINE', 'varchar', 0, 0, 5, 0, 0, 255, 0, 0, 38);
INSERT INTO `user_column` (`user_column_id`, `auto_generated`, `data_type`, `default_value_is_constant`, `has_default_value`, `name`, `native_type_name`, `nullable`, `on_update`, `order_in_table`, `prec`, `scale`, `size`, `cdv`, `hash_position`, `user_table_id`) VALUES (339, 0, 12, 1, 0, 'Host', 'varchar', 1, 0, 1, 0, 0, 255, 0, 0, 39);
INSERT INTO `user_column` (`user_column_id`, `auto_generated`, `data_type`, `default_value_is_constant`, `has_default_value`, `name`, `native_type_name`, `nullable`, `on_update`, `order_in_table`, `prec`, `scale`, `size`, `cdv`, `hash_position`, `user_table_id`) VALUES (340, 0, 12, 1, 0, 'User', 'varchar', 1, 0, 2, 0, 0, 255, 0, 0, 39);
INSERT INTO `user_column` (`user_column_id`, `auto_generated`, `data_type`, `default_value_is_constant`, `has_default_value`, `name`, `native_type_name`, `nullable`, `on_update`, `order_in_table`, `prec`, `scale`, `size`, `cdv`, `hash_position`, `user_table_id`) VALUES (341, 0, 12, 1, 0, 'Password', 'varchar', 1, 0, 3, 0, 0, 255, 0, 0, 39);
INSERT INTO `user_column` (`user_column_id`, `auto_generated`, `data_type`, `default_value_is_constant`, `has_default_value`, `name`, `native_type_name`, `nullable`, `on_update`, `order_in_table`, `prec`, `scale`, `size`, `cdv`, `hash_position`, `user_table_id`) VALUES (342, 0, 12, 1, 0, 'Grant_priv', 'varchar', 1, 0, 4, 0, 0, 8, 0, 0, 39);
INSERT INTO `user_column` (`user_column_id`, `auto_generated`, `data_type`, `default_value_is_constant`, `has_default_value`, `name`, `native_type_name`, `nullable`, `on_update`, `order_in_table`, `prec`, `scale`, `size`, `cdv`, `hash_position`, `user_table_id`) VALUES (343, 0, 12, 1, 0, 'Host', 'varchar', 1, 0, 1, 0, 0, 255, 0, 0, 40);
INSERT INTO `user_column` (`user_column_id`, `auto_generated`, `data_type`, `default_value_is_constant`, `has_default_value`, `name`, `native_type_name`, `nullable`, `on_update`, `order_in_table`, `prec`, `scale`, `size`, `cdv`, `hash_position`, `user_table_id`) VALUES (344, 0, 12, 1, 0, 'Db', 'varchar', 1, 0, 2, 0, 0, 255, 0, 0, 40);
INSERT INTO `user_column` (`user_column_id`, `auto_generated`, `data_type`, `default_value_is_constant`, `has_default_value`, `name`, `native_type_name`, `nullable`, `on_update`, `order_in_table`, `prec`, `scale`, `size`, `cdv`, `hash_position`, `user_table_id`) VALUES (345, 0, 12, 1, 0, 'User', 'varchar', 1, 0, 3, 0, 0, 255, 0, 0, 40);
