---
-- #%L
-- Tesora Inc.
-- Database Virtualization Engine
-- %%
-- Copyright (C) 2011 - 2014 Tesora Inc.
-- %%
-- This program is free software: you can redistribute it and/or modify
-- it under the terms of the GNU Affero General Public License, version 3,
-- as published by the Free Software Foundation.
-- 
-- This program is distributed in the hope that it will be useful,
-- but WITHOUT ANY WARRANTY; without even the implied warranty of
-- MERCHANTABILITY or FITNESS FOR A PARTICULAR PURPOSE. See the
-- GNU Affero General Public License for more details.
-- 
-- You should have received a copy of the GNU Affero General Public License
-- along with this program. If not, see <http://www.gnu.org/licenses/>.
-- #L%
---
INSERT INTO `user_database` (`user_database_id`, `default_character_set_name`, `default_collation_name`, `multitenant_mode`, `name`, `default_group_id`, `fk_mode`) VALUES (1, 'utf8', 'utf8_general_ci', 'off', 'INFORMATION_SCHEMA', 1001, 'strict');
INSERT INTO `user_database` (`user_database_id`, `default_character_set_name`, `default_collation_name`, `multitenant_mode`, `name`, `default_group_id`, `fk_mode`) VALUES (2, 'utf8', 'utf8_general_ci', 'off', 'mysql', 1001, 'strict');
INSERT INTO `user_table` (`table_id`, `name`, `distribution_model_id`, `persistent_group_id`, `user_database_id`, `engine`, `table_type`) VALUES (3, 'CHARACTER_SETS', 2002, 1001, 1, 'MEMORY', 'SYSTEM VIEW');
INSERT INTO `user_table` (`table_id`, `name`, `distribution_model_id`, `persistent_group_id`, `user_database_id`, `engine`, `table_type`) VALUES (4, 'COLLATIONS', 2002, 1001, 1, 'MEMORY', 'SYSTEM VIEW');
INSERT INTO `user_table` (`table_id`, `name`, `distribution_model_id`, `persistent_group_id`, `user_database_id`, `engine`, `table_type`) VALUES (5, 'COLUMNS', 2002, 1001, 1, 'MEMORY', 'SYSTEM VIEW');
INSERT INTO `user_table` (`table_id`, `name`, `distribution_model_id`, `persistent_group_id`, `user_database_id`, `engine`, `table_type`) VALUES (6, 'CONTAINER', 2002, 1001, 1, 'MEMORY', 'SYSTEM VIEW');
INSERT INTO `user_table` (`table_id`, `name`, `distribution_model_id`, `persistent_group_id`, `user_database_id`, `engine`, `table_type`) VALUES (7, 'DISTRIBUTIONS', 2002, 1001, 1, 'MEMORY', 'SYSTEM VIEW');
INSERT INTO `user_table` (`table_id`, `name`, `distribution_model_id`, `persistent_group_id`, `user_database_id`, `engine`, `table_type`) VALUES (8, 'DISTRIBUTION_MODEL', 2002, 1001, 1, 'MEMORY', 'SYSTEM VIEW');
INSERT INTO `user_table` (`table_id`, `name`, `distribution_model_id`, `persistent_group_id`, `user_database_id`, `engine`, `table_type`) VALUES (9, 'ENGINES', 2002, 1001, 1, 'MEMORY', 'SYSTEM VIEW');
INSERT INTO `user_table` (`table_id`, `name`, `distribution_model_id`, `persistent_group_id`, `user_database_id`, `engine`, `table_type`) VALUES (10, 'EVENTS', 2002, 1001, 1, 'MEMORY', 'SYSTEM VIEW');
INSERT INTO `user_table` (`table_id`, `name`, `distribution_model_id`, `persistent_group_id`, `user_database_id`, `engine`, `table_type`) VALUES (11, 'EXTERNAL_SERVICE', 2002, 1001, 1, 'MEMORY', 'SYSTEM VIEW');
INSERT INTO `user_table` (`table_id`, `name`, `distribution_model_id`, `persistent_group_id`, `user_database_id`, `engine`, `table_type`) VALUES (12, 'FILES', 2002, 1001, 1, 'MEMORY', 'SYSTEM VIEW');
INSERT INTO `user_table` (`table_id`, `name`, `distribution_model_id`, `persistent_group_id`, `user_database_id`, `engine`, `table_type`) VALUES (13, 'GENERATION_SITE', 2002, 1001, 1, 'MEMORY', 'SYSTEM VIEW');
INSERT INTO `user_table` (`table_id`, `name`, `distribution_model_id`, `persistent_group_id`, `user_database_id`, `engine`, `table_type`) VALUES (14, 'GLOBAL_TEMPORARY_TABLES', 2002, 1001, 1, 'MEMORY', 'SYSTEM VIEW');
INSERT INTO `user_table` (`table_id`, `name`, `distribution_model_id`, `persistent_group_id`, `user_database_id`, `engine`, `table_type`) VALUES (15, 'GLOBAL_VARIABLES', 2002, 1001, 1, 'MEMORY', 'SYSTEM VIEW');
INSERT INTO `user_table` (`table_id`, `name`, `distribution_model_id`, `persistent_group_id`, `user_database_id`, `engine`, `table_type`) VALUES (16, 'GROUP_PROVIDER', 2002, 1001, 1, 'MEMORY', 'SYSTEM VIEW');
INSERT INTO `user_table` (`table_id`, `name`, `distribution_model_id`, `persistent_group_id`, `user_database_id`, `engine`, `table_type`) VALUES (17, 'KEY_COLUMN_USAGE', 2002, 1001, 1, 'MEMORY', 'SYSTEM VIEW');
INSERT INTO `user_table` (`table_id`, `name`, `distribution_model_id`, `persistent_group_id`, `user_database_id`, `engine`, `table_type`) VALUES (18, 'PARTITIONS', 2002, 1001, 1, 'MEMORY', 'SYSTEM VIEW');
INSERT INTO `user_table` (`table_id`, `name`, `distribution_model_id`, `persistent_group_id`, `user_database_id`, `engine`, `table_type`) VALUES (19, 'PLUGINS', 2002, 1001, 1, 'MEMORY', 'SYSTEM VIEW');
INSERT INTO `user_table` (`table_id`, `name`, `distribution_model_id`, `persistent_group_id`, `user_database_id`, `engine`, `table_type`) VALUES (20, 'RANGE_DISTRIBUTION', 2002, 1001, 1, 'MEMORY', 'SYSTEM VIEW');
INSERT INTO `user_table` (`table_id`, `name`, `distribution_model_id`, `persistent_group_id`, `user_database_id`, `engine`, `table_type`) VALUES (21, 'RAWPLANS', 2002, 1001, 1, 'MEMORY', 'SYSTEM VIEW');
INSERT INTO `user_table` (`table_id`, `name`, `distribution_model_id`, `persistent_group_id`, `user_database_id`, `engine`, `table_type`) VALUES (22, 'REFERENTIAL_CONSTRAINTS', 2002, 1001, 1, 'MEMORY', 'SYSTEM VIEW');
INSERT INTO `user_table` (`table_id`, `name`, `distribution_model_id`, `persistent_group_id`, `user_database_id`, `engine`, `table_type`) VALUES (23, 'ROUTINES', 2002, 1001, 1, 'MEMORY', 'SYSTEM VIEW');
INSERT INTO `user_table` (`table_id`, `name`, `distribution_model_id`, `persistent_group_id`, `user_database_id`, `engine`, `table_type`) VALUES (24, 'SCHEMATA', 2002, 1001, 1, 'MEMORY', 'SYSTEM VIEW');
INSERT INTO `user_table` (`table_id`, `name`, `distribution_model_id`, `persistent_group_id`, `user_database_id`, `engine`, `table_type`) VALUES (25, 'SCOPES', 2002, 1001, 1, 'MEMORY', 'SYSTEM VIEW');
INSERT INTO `user_table` (`table_id`, `name`, `distribution_model_id`, `persistent_group_id`, `user_database_id`, `engine`, `table_type`) VALUES (26, 'SERVER', 2002, 1001, 1, 'MEMORY', 'SYSTEM VIEW');
INSERT INTO `user_table` (`table_id`, `name`, `distribution_model_id`, `persistent_group_id`, `user_database_id`, `engine`, `table_type`) VALUES (27, 'SESSION_VARIABLES', 2002, 1001, 1, 'MEMORY', 'SYSTEM VIEW');
INSERT INTO `user_table` (`table_id`, `name`, `distribution_model_id`, `persistent_group_id`, `user_database_id`, `engine`, `table_type`) VALUES (28, 'SITE_INSTANCE', 2002, 1001, 1, 'MEMORY', 'SYSTEM VIEW');
INSERT INTO `user_table` (`table_id`, `name`, `distribution_model_id`, `persistent_group_id`, `user_database_id`, `engine`, `table_type`) VALUES (29, 'STORAGE_GENERATION', 2002, 1001, 1, 'MEMORY', 'SYSTEM VIEW');
INSERT INTO `user_table` (`table_id`, `name`, `distribution_model_id`, `persistent_group_id`, `user_database_id`, `engine`, `table_type`) VALUES (30, 'STORAGE_GROUP', 2002, 1001, 1, 'MEMORY', 'SYSTEM VIEW');
INSERT INTO `user_table` (`table_id`, `name`, `distribution_model_id`, `persistent_group_id`, `user_database_id`, `engine`, `table_type`) VALUES (31, 'STORAGE_SITE', 2002, 1001, 1, 'MEMORY', 'SYSTEM VIEW');
INSERT INTO `user_table` (`table_id`, `name`, `distribution_model_id`, `persistent_group_id`, `user_database_id`, `engine`, `table_type`) VALUES (32, 'TABLES', 2002, 1001, 1, 'MEMORY', 'SYSTEM VIEW');
INSERT INTO `user_table` (`table_id`, `name`, `distribution_model_id`, `persistent_group_id`, `user_database_id`, `engine`, `table_type`) VALUES (33, 'TABLE_CONSTRAINTS', 2002, 1001, 1, 'MEMORY', 'SYSTEM VIEW');
INSERT INTO `user_table` (`table_id`, `name`, `distribution_model_id`, `persistent_group_id`, `user_database_id`, `engine`, `table_type`) VALUES (34, 'TEMPLATES', 2002, 1001, 1, 'MEMORY', 'SYSTEM VIEW');
INSERT INTO `user_table` (`table_id`, `name`, `distribution_model_id`, `persistent_group_id`, `user_database_id`, `engine`, `table_type`) VALUES (35, 'TEMPORARY_TABLES', 2002, 1001, 1, 'MEMORY', 'SYSTEM VIEW');
INSERT INTO `user_table` (`table_id`, `name`, `distribution_model_id`, `persistent_group_id`, `user_database_id`, `engine`, `table_type`) VALUES (36, 'TENANT', 2002, 1001, 1, 'MEMORY', 'SYSTEM VIEW');
INSERT INTO `user_table` (`table_id`, `name`, `distribution_model_id`, `persistent_group_id`, `user_database_id`, `engine`, `table_type`) VALUES (37, 'TRIGGERS', 2002, 1001, 1, 'MEMORY', 'SYSTEM VIEW');
INSERT INTO `user_table` (`table_id`, `name`, `distribution_model_id`, `persistent_group_id`, `user_database_id`, `engine`, `table_type`) VALUES (38, 'VARIABLE_DEFINITIONS', 2002, 1001, 1, 'MEMORY', 'SYSTEM VIEW');
INSERT INTO `user_table` (`table_id`, `name`, `distribution_model_id`, `persistent_group_id`, `user_database_id`, `engine`, `table_type`) VALUES (39, 'VIEWS', 2002, 1001, 1, 'MEMORY', 'SYSTEM VIEW');
INSERT INTO `user_table` (`table_id`, `name`, `distribution_model_id`, `persistent_group_id`, `user_database_id`, `engine`, `table_type`) VALUES (40, 'db', 2002, 1001, 2, 'MEMORY', 'SYSTEM VIEW');
INSERT INTO `user_table` (`table_id`, `name`, `distribution_model_id`, `persistent_group_id`, `user_database_id`, `engine`, `table_type`) VALUES (41, 'user', 2002, 1001, 2, 'MEMORY', 'SYSTEM VIEW');
INSERT INTO `user_column` (`user_column_id`, `data_type`, `name`, `native_type_name`, `order_in_table`, `prec`, `scale`, `size`, `cdv`, `hash_position`, `user_table_id`, `flags`) VALUES (42, 12, 'CHARACTER_SET_NAME', 'varchar', 0, 0, 0, 32, 0, 0, 3, 128);
INSERT INTO `user_column` (`user_column_id`, `data_type`, `name`, `native_type_name`, `order_in_table`, `prec`, `scale`, `size`, `cdv`, `hash_position`, `user_table_id`, `flags`) VALUES (43, 12, 'DESCRIPTION', 'varchar', 0, 0, 0, 60, 0, 0, 3, 128);
INSERT INTO `user_column` (`user_column_id`, `data_type`, `name`, `native_type_name`, `order_in_table`, `prec`, `scale`, `size`, `cdv`, `hash_position`, `user_table_id`, `flags`) VALUES (44, 4, 'MAXLEN', 'int', 0, 0, 0, 11, 0, 0, 3, 128);
INSERT INTO `user_column` (`user_column_id`, `data_type`, `name`, `native_type_name`, `order_in_table`, `prec`, `scale`, `size`, `cdv`, `hash_position`, `user_table_id`, `flags`) VALUES (45, 12, 'COLLATION_NAME', 'varchar', 0, 0, 0, 32, 0, 0, 4, 128);
INSERT INTO `user_column` (`user_column_id`, `data_type`, `name`, `native_type_name`, `order_in_table`, `prec`, `scale`, `size`, `cdv`, `hash_position`, `user_table_id`, `flags`) VALUES (46, 12, 'CHARACTER_SET_NAME', 'varchar', 0, 0, 0, 32, 0, 0, 4, 128);
INSERT INTO `user_column` (`user_column_id`, `data_type`, `name`, `native_type_name`, `order_in_table`, `prec`, `scale`, `size`, `cdv`, `hash_position`, `user_table_id`, `flags`) VALUES (47, -5, 'ID', 'bigint', 0, 0, 0, 11, 0, 0, 4, 128);
INSERT INTO `user_column` (`user_column_id`, `data_type`, `name`, `native_type_name`, `order_in_table`, `prec`, `scale`, `size`, `cdv`, `hash_position`, `user_table_id`, `flags`) VALUES (48, 12, 'IS_DEFAULT', 'varchar', 0, 0, 0, 3, 0, 0, 4, 128);
INSERT INTO `user_column` (`user_column_id`, `data_type`, `name`, `native_type_name`, `order_in_table`, `prec`, `scale`, `size`, `cdv`, `hash_position`, `user_table_id`, `flags`) VALUES (49, 12, 'IS_COMPILED', 'varchar', 0, 0, 0, 3, 0, 0, 4, 128);
INSERT INTO `user_column` (`user_column_id`, `data_type`, `name`, `native_type_name`, `order_in_table`, `prec`, `scale`, `size`, `cdv`, `hash_position`, `user_table_id`, `flags`) VALUES (50, -5, 'SORTLEN', 'bigint', 0, 0, 0, 3, 0, 0, 4, 128);
INSERT INTO `user_column` (`user_column_id`, `data_type`, `name`, `native_type_name`, `order_in_table`, `prec`, `scale`, `size`, `cdv`, `hash_position`, `user_table_id`, `flags`) VALUES (51, 12, 'TABLE_CATALOG', 'varchar', 0, 0, 0, 512, 0, 0, 5, 128);
INSERT INTO `user_column` (`user_column_id`, `data_type`, `name`, `native_type_name`, `order_in_table`, `prec`, `scale`, `size`, `cdv`, `hash_position`, `user_table_id`, `flags`) VALUES (52, 12, 'TABLE_SCHEMA', 'varchar', 0, 0, 0, 64, 0, 0, 5, 128);
INSERT INTO `user_column` (`user_column_id`, `data_type`, `name`, `native_type_name`, `order_in_table`, `prec`, `scale`, `size`, `cdv`, `hash_position`, `user_table_id`, `flags`) VALUES (53, 12, 'TABLE_NAME', 'varchar', 0, 0, 0, 64, 0, 0, 5, 128);
INSERT INTO `user_column` (`user_column_id`, `data_type`, `name`, `native_type_name`, `order_in_table`, `prec`, `scale`, `size`, `cdv`, `hash_position`, `user_table_id`, `flags`) VALUES (54, 12, 'COLUMN_NAME', 'varchar', 0, 0, 0, 64, 0, 0, 5, 128);
INSERT INTO `user_column` (`user_column_id`, `data_type`, `name`, `native_type_name`, `order_in_table`, `prec`, `scale`, `size`, `cdv`, `hash_position`, `user_table_id`, `flags`) VALUES (55, -5, 'ORDINAL_POSITION', 'bigint', 0, 0, 0, 21, 0, 0, 5, 640);
INSERT INTO `user_column` (`user_column_id`, `data_type`, `name`, `native_type_name`, `order_in_table`, `prec`, `scale`, `size`, `cdv`, `hash_position`, `user_table_id`, `flags`) VALUES (56, -1, 'COLUMN_DEFAULT', 'longtext', 0, 0, 0, 0, 0, 0, 5, 128);
INSERT INTO `user_column` (`user_column_id`, `data_type`, `name`, `native_type_name`, `order_in_table`, `prec`, `scale`, `size`, `cdv`, `hash_position`, `user_table_id`, `flags`) VALUES (57, 12, 'IS_NULLABLE', 'varchar', 0, 0, 0, 3, 0, 0, 5, 128);
INSERT INTO `user_column` (`user_column_id`, `data_type`, `name`, `native_type_name`, `order_in_table`, `prec`, `scale`, `size`, `cdv`, `hash_position`, `user_table_id`, `flags`) VALUES (58, 12, 'DATA_TYPE', 'varchar', 0, 0, 0, 64, 0, 0, 5, 128);
INSERT INTO `user_column` (`user_column_id`, `data_type`, `name`, `native_type_name`, `order_in_table`, `prec`, `scale`, `size`, `cdv`, `hash_position`, `user_table_id`, `flags`) VALUES (59, -5, 'CHARACTER_MAXIMUM_LENGTH', 'bigint', 0, 0, 0, 21, 0, 0, 5, 640);
INSERT INTO `user_column` (`user_column_id`, `data_type`, `name`, `native_type_name`, `order_in_table`, `prec`, `scale`, `size`, `cdv`, `hash_position`, `user_table_id`, `flags`) VALUES (60, -5, 'NUMERIC_PRECISION', 'bigint', 0, 0, 0, 21, 0, 0, 5, 640);
INSERT INTO `user_column` (`user_column_id`, `data_type`, `name`, `native_type_name`, `order_in_table`, `prec`, `scale`, `size`, `cdv`, `hash_position`, `user_table_id`, `flags`) VALUES (61, -5, 'NUMERIC_SCALE', 'bigint', 0, 0, 0, 21, 0, 0, 5, 640);
INSERT INTO `user_column` (`user_column_id`, `data_type`, `name`, `native_type_name`, `order_in_table`, `prec`, `scale`, `size`, `cdv`, `hash_position`, `user_table_id`, `flags`) VALUES (62, 12, 'CHARACTER_SET_NAME', 'varchar', 0, 0, 0, 32, 0, 0, 5, 128);
INSERT INTO `user_column` (`user_column_id`, `data_type`, `name`, `native_type_name`, `order_in_table`, `prec`, `scale`, `size`, `cdv`, `hash_position`, `user_table_id`, `flags`) VALUES (63, 12, 'COLLATION_NAME', 'varchar', 0, 0, 0, 32, 0, 0, 5, 128);
INSERT INTO `user_column` (`user_column_id`, `data_type`, `name`, `native_type_name`, `order_in_table`, `prec`, `scale`, `size`, `cdv`, `hash_position`, `user_table_id`, `flags`) VALUES (64, -1, 'COLUMN_TYPE', 'longtext', 0, 0, 0, 0, 0, 0, 5, 128);
INSERT INTO `user_column` (`user_column_id`, `data_type`, `name`, `native_type_name`, `order_in_table`, `prec`, `scale`, `size`, `cdv`, `hash_position`, `user_table_id`, `flags`) VALUES (65, 12, 'COLUMN_KEY', 'varchar', 0, 0, 0, 3, 0, 0, 5, 128);
INSERT INTO `user_column` (`user_column_id`, `data_type`, `name`, `native_type_name`, `order_in_table`, `prec`, `scale`, `size`, `cdv`, `hash_position`, `user_table_id`, `flags`) VALUES (66, 12, 'EXTRA', 'varchar', 0, 0, 0, 27, 0, 0, 5, 128);
INSERT INTO `user_column` (`user_column_id`, `data_type`, `name`, `native_type_name`, `order_in_table`, `prec`, `scale`, `size`, `cdv`, `hash_position`, `user_table_id`, `flags`) VALUES (67, 12, 'PRIVILEGES', 'varchar', 0, 0, 0, 80, 0, 0, 5, 128);
INSERT INTO `user_column` (`user_column_id`, `data_type`, `name`, `native_type_name`, `order_in_table`, `prec`, `scale`, `size`, `cdv`, `hash_position`, `user_table_id`, `flags`) VALUES (68, 12, 'COLUMN_COMMENT', 'varchar', 0, 0, 0, 1024, 0, 0, 5, 128);
INSERT INTO `user_column` (`user_column_id`, `data_type`, `name`, `native_type_name`, `order_in_table`, `prec`, `scale`, `size`, `cdv`, `hash_position`, `user_table_id`, `flags`) VALUES (69, 12, 'CONTAINER_NAME', 'varchar', 0, 0, 0, 255, 0, 0, 6, 129);
INSERT INTO `user_column` (`user_column_id`, `data_type`, `name`, `native_type_name`, `order_in_table`, `prec`, `scale`, `size`, `cdv`, `hash_position`, `user_table_id`, `flags`) VALUES (70, 12, 'BASE_TABLE', 'varchar', 0, 0, 0, 255, 0, 0, 6, 128);
INSERT INTO `user_column` (`user_column_id`, `data_type`, `name`, `native_type_name`, `order_in_table`, `prec`, `scale`, `size`, `cdv`, `hash_position`, `user_table_id`, `flags`) VALUES (71, 12, 'STORAGE_GROUP', 'varchar', 0, 0, 0, 255, 0, 0, 6, 129);
INSERT INTO `user_column` (`user_column_id`, `data_type`, `name`, `native_type_name`, `order_in_table`, `prec`, `scale`, `size`, `cdv`, `hash_position`, `user_table_id`, `flags`) VALUES (72, 12, 'DATABASE_NAME', 'varchar', 0, 0, 0, 255, 0, 0, 7, 128);
INSERT INTO `user_column` (`user_column_id`, `data_type`, `name`, `native_type_name`, `order_in_table`, `prec`, `scale`, `size`, `cdv`, `hash_position`, `user_table_id`, `flags`) VALUES (73, 12, 'TABLE_NAME', 'varchar', 0, 0, 0, 255, 0, 0, 7, 128);
INSERT INTO `user_column` (`user_column_id`, `data_type`, `name`, `native_type_name`, `order_in_table`, `prec`, `scale`, `size`, `cdv`, `hash_position`, `user_table_id`, `flags`) VALUES (74, 12, 'COLUMN_NAME', 'varchar', 0, 0, 0, 255, 0, 0, 7, 128);
INSERT INTO `user_column` (`user_column_id`, `data_type`, `name`, `native_type_name`, `order_in_table`, `prec`, `scale`, `size`, `cdv`, `hash_position`, `user_table_id`, `flags`) VALUES (75, 4, 'VECTOR_POSITION', 'int', 0, 0, 0, 11, 0, 0, 7, 128);
INSERT INTO `user_column` (`user_column_id`, `data_type`, `name`, `native_type_name`, `order_in_table`, `prec`, `scale`, `size`, `cdv`, `hash_position`, `user_table_id`, `flags`) VALUES (76, 12, 'MODEL_TYPE', 'varchar', 0, 0, 0, 255, 0, 0, 7, 128);
INSERT INTO `user_column` (`user_column_id`, `data_type`, `name`, `native_type_name`, `order_in_table`, `prec`, `scale`, `size`, `cdv`, `hash_position`, `user_table_id`, `flags`) VALUES (77, 12, 'MODEL_NAME', 'varchar', 0, 0, 0, 255, 0, 0, 7, 128);
INSERT INTO `user_column` (`user_column_id`, `data_type`, `name`, `native_type_name`, `order_in_table`, `prec`, `scale`, `size`, `cdv`, `hash_position`, `user_table_id`, `flags`) VALUES (78, 12, 'NAME', 'varchar', 0, 0, 0, 255, 0, 0, 8, 128);
INSERT INTO `user_column` (`user_column_id`, `data_type`, `name`, `native_type_name`, `order_in_table`, `prec`, `scale`, `size`, `cdv`, `hash_position`, `user_table_id`, `flags`) VALUES (79, 12, 'ENGINE', 'varchar', 0, 0, 0, 64, 0, 0, 9, 128);
INSERT INTO `user_column` (`user_column_id`, `data_type`, `name`, `native_type_name`, `order_in_table`, `prec`, `scale`, `size`, `cdv`, `hash_position`, `user_table_id`, `flags`) VALUES (80, 12, 'SUPPORT', 'varchar', 0, 0, 0, 8, 0, 0, 9, 128);
INSERT INTO `user_column` (`user_column_id`, `data_type`, `name`, `native_type_name`, `order_in_table`, `prec`, `scale`, `size`, `cdv`, `hash_position`, `user_table_id`, `flags`) VALUES (81, 12, 'COMMENT', 'varchar', 0, 0, 0, 80, 0, 0, 9, 128);
INSERT INTO `user_column` (`user_column_id`, `data_type`, `name`, `native_type_name`, `order_in_table`, `prec`, `scale`, `size`, `cdv`, `hash_position`, `user_table_id`, `flags`) VALUES (82, 12, 'TRANSACTIONS', 'varchar', 0, 0, 0, 3, 0, 0, 9, 128);
INSERT INTO `user_column` (`user_column_id`, `data_type`, `name`, `native_type_name`, `order_in_table`, `prec`, `scale`, `size`, `cdv`, `hash_position`, `user_table_id`, `flags`) VALUES (83, 12, 'XA', 'varchar', 0, 0, 0, 3, 0, 0, 9, 128);
INSERT INTO `user_column` (`user_column_id`, `data_type`, `name`, `native_type_name`, `order_in_table`, `prec`, `scale`, `size`, `cdv`, `hash_position`, `user_table_id`, `flags`) VALUES (84, 12, 'SAVEPOINTS', 'varchar', 0, 0, 0, 3, 0, 0, 9, 128);
INSERT INTO `user_column` (`user_column_id`, `data_type`, `name`, `native_type_name`, `order_in_table`, `prec`, `scale`, `size`, `cdv`, `hash_position`, `user_table_id`, `flags`) VALUES (85, 12, 'EVENT_CATALOG', 'varchar', 0, 0, 0, 64, 0, 0, 10, 128);
INSERT INTO `user_column` (`user_column_id`, `data_type`, `name`, `native_type_name`, `order_in_table`, `prec`, `scale`, `size`, `cdv`, `hash_position`, `user_table_id`, `flags`) VALUES (86, 12, 'EVENT_SCHEMA', 'varchar', 0, 0, 0, 64, 0, 0, 10, 128);
INSERT INTO `user_column` (`user_column_id`, `data_type`, `name`, `native_type_name`, `order_in_table`, `prec`, `scale`, `size`, `cdv`, `hash_position`, `user_table_id`, `flags`) VALUES (87, 12, 'EVENT_NAME', 'varchar', 0, 0, 0, 64, 0, 0, 10, 128);
INSERT INTO `user_column` (`user_column_id`, `data_type`, `name`, `native_type_name`, `order_in_table`, `prec`, `scale`, `size`, `cdv`, `hash_position`, `user_table_id`, `flags`) VALUES (88, 12, 'DEFINER', 'varchar', 0, 0, 0, 77, 0, 0, 10, 128);
INSERT INTO `user_column` (`user_column_id`, `data_type`, `name`, `native_type_name`, `order_in_table`, `prec`, `scale`, `size`, `cdv`, `hash_position`, `user_table_id`, `flags`) VALUES (89, 12, 'TIME_ZONE', 'varchar', 0, 0, 0, 64, 0, 0, 10, 128);
INSERT INTO `user_column` (`user_column_id`, `data_type`, `name`, `native_type_name`, `order_in_table`, `prec`, `scale`, `size`, `cdv`, `hash_position`, `user_table_id`, `flags`) VALUES (90, 12, 'EVENT_BODY', 'varchar', 0, 0, 0, 8, 0, 0, 10, 128);
INSERT INTO `user_column` (`user_column_id`, `data_type`, `name`, `native_type_name`, `order_in_table`, `prec`, `scale`, `size`, `cdv`, `hash_position`, `user_table_id`, `flags`) VALUES (91, -1, 'EVENT_DEFINITION', 'longtext', 0, 0, 0, 0, 0, 0, 10, 128);
INSERT INTO `user_column` (`user_column_id`, `data_type`, `name`, `native_type_name`, `order_in_table`, `prec`, `scale`, `size`, `cdv`, `hash_position`, `user_table_id`, `flags`) VALUES (92, 12, 'EVENT_TYPE', 'varchar', 0, 0, 0, 9, 0, 0, 10, 128);
INSERT INTO `user_column` (`user_column_id`, `data_type`, `name`, `native_type_name`, `order_in_table`, `prec`, `scale`, `size`, `cdv`, `hash_position`, `user_table_id`, `flags`) VALUES (93, 93, 'EXECUTE_AT', 'datetime', 0, 0, 0, 0, 0, 0, 10, 0);
INSERT INTO `user_column` (`user_column_id`, `data_type`, `name`, `native_type_name`, `order_in_table`, `prec`, `scale`, `size`, `cdv`, `hash_position`, `user_table_id`, `flags`) VALUES (94, 12, 'INTERVAL_VALUE', 'varchar', 0, 0, 0, 256, 0, 0, 10, 128);
INSERT INTO `user_column` (`user_column_id`, `data_type`, `name`, `native_type_name`, `order_in_table`, `prec`, `scale`, `size`, `cdv`, `hash_position`, `user_table_id`, `flags`) VALUES (95, 12, 'INTERVAL_FIELD', 'varchar', 0, 0, 0, 18, 0, 0, 10, 128);
INSERT INTO `user_column` (`user_column_id`, `data_type`, `name`, `native_type_name`, `order_in_table`, `prec`, `scale`, `size`, `cdv`, `hash_position`, `user_table_id`, `flags`) VALUES (96, 12, 'SQL_MODE', 'varchar', 0, 0, 0, 8192, 0, 0, 10, 128);
INSERT INTO `user_column` (`user_column_id`, `data_type`, `name`, `native_type_name`, `order_in_table`, `prec`, `scale`, `size`, `cdv`, `hash_position`, `user_table_id`, `flags`) VALUES (97, 93, 'STARTS', 'datetime', 0, 0, 0, 0, 0, 0, 10, 0);
INSERT INTO `user_column` (`user_column_id`, `data_type`, `name`, `native_type_name`, `order_in_table`, `prec`, `scale`, `size`, `cdv`, `hash_position`, `user_table_id`, `flags`) VALUES (98, 93, 'ENDS', 'datetime', 0, 0, 0, 0, 0, 0, 10, 0);
INSERT INTO `user_column` (`user_column_id`, `data_type`, `name`, `native_type_name`, `order_in_table`, `prec`, `scale`, `size`, `cdv`, `hash_position`, `user_table_id`, `flags`) VALUES (99, 12, 'STATUS', 'varchar', 0, 0, 0, 18, 0, 0, 10, 128);
INSERT INTO `user_column` (`user_column_id`, `data_type`, `name`, `native_type_name`, `order_in_table`, `prec`, `scale`, `size`, `cdv`, `hash_position`, `user_table_id`, `flags`) VALUES (100, 12, 'ON_COMPLETION', 'varchar', 0, 0, 0, 12, 0, 0, 10, 128);
INSERT INTO `user_column` (`user_column_id`, `data_type`, `name`, `native_type_name`, `order_in_table`, `prec`, `scale`, `size`, `cdv`, `hash_position`, `user_table_id`, `flags`) VALUES (101, 93, 'CREATED', 'datetime', 0, 0, 0, 0, 0, 0, 10, 0);
INSERT INTO `user_column` (`user_column_id`, `data_type`, `name`, `native_type_name`, `order_in_table`, `prec`, `scale`, `size`, `cdv`, `hash_position`, `user_table_id`, `flags`) VALUES (102, 93, 'LAST_ALTERED', 'datetime', 0, 0, 0, 0, 0, 0, 10, 0);
INSERT INTO `user_column` (`user_column_id`, `data_type`, `name`, `native_type_name`, `order_in_table`, `prec`, `scale`, `size`, `cdv`, `hash_position`, `user_table_id`, `flags`) VALUES (103, 93, 'LAST_EXECUTED', 'datetime', 0, 0, 0, 0, 0, 0, 10, 0);
INSERT INTO `user_column` (`user_column_id`, `data_type`, `name`, `native_type_name`, `order_in_table`, `prec`, `scale`, `size`, `cdv`, `hash_position`, `user_table_id`, `flags`) VALUES (104, 12, 'EVENT_COMMENT', 'varchar', 0, 0, 0, 64, 0, 0, 10, 128);
INSERT INTO `user_column` (`user_column_id`, `data_type`, `name`, `native_type_name`, `order_in_table`, `prec`, `scale`, `size`, `cdv`, `hash_position`, `user_table_id`, `flags`) VALUES (105, -5, 'ORIGINATOR', 'bigint', 0, 0, 0, 10, 0, 0, 10, 128);
INSERT INTO `user_column` (`user_column_id`, `data_type`, `name`, `native_type_name`, `order_in_table`, `prec`, `scale`, `size`, `cdv`, `hash_position`, `user_table_id`, `flags`) VALUES (106, 12, 'CHARACTER_SET_CLIENT', 'varchar', 0, 0, 0, 32, 0, 0, 10, 128);
INSERT INTO `user_column` (`user_column_id`, `data_type`, `name`, `native_type_name`, `order_in_table`, `prec`, `scale`, `size`, `cdv`, `hash_position`, `user_table_id`, `flags`) VALUES (107, 12, 'COLLATION_CONNECTION', 'varchar', 0, 0, 0, 32, 0, 0, 10, 128);
INSERT INTO `user_column` (`user_column_id`, `data_type`, `name`, `native_type_name`, `order_in_table`, `prec`, `scale`, `size`, `cdv`, `hash_position`, `user_table_id`, `flags`) VALUES (108, 12, 'DATABASE_COLLATION', 'varchar', 0, 0, 0, 32, 0, 0, 10, 128);
INSERT INTO `user_column` (`user_column_id`, `data_type`, `name`, `native_type_name`, `order_in_table`, `prec`, `scale`, `size`, `cdv`, `hash_position`, `user_table_id`, `flags`) VALUES (109, 12, 'NAME', 'varchar', 0, 0, 0, 255, 0, 0, 11, 128);
INSERT INTO `user_column` (`user_column_id`, `data_type`, `name`, `native_type_name`, `order_in_table`, `prec`, `scale`, `size`, `cdv`, `hash_position`, `user_table_id`, `flags`) VALUES (110, 12, 'PLUGIN', 'varchar', 0, 0, 0, 255, 0, 0, 11, 128);
INSERT INTO `user_column` (`user_column_id`, `data_type`, `name`, `native_type_name`, `order_in_table`, `prec`, `scale`, `size`, `cdv`, `hash_position`, `user_table_id`, `flags`) VALUES (111, 12, 'AUTO_START', 'varchar', 0, 0, 0, 3, 0, 0, 11, 128);
INSERT INTO `user_column` (`user_column_id`, `data_type`, `name`, `native_type_name`, `order_in_table`, `prec`, `scale`, `size`, `cdv`, `hash_position`, `user_table_id`, `flags`) VALUES (112, 12, 'CONNECT_USER', 'varchar', 0, 0, 0, 255, 0, 0, 11, 128);
INSERT INTO `user_column` (`user_column_id`, `data_type`, `name`, `native_type_name`, `order_in_table`, `prec`, `scale`, `size`, `cdv`, `hash_position`, `user_table_id`, `flags`) VALUES (113, 12, 'USES_DATASTORE', 'varchar', 0, 0, 0, 3, 0, 0, 11, 128);
INSERT INTO `user_column` (`user_column_id`, `data_type`, `name`, `native_type_name`, `order_in_table`, `prec`, `scale`, `size`, `cdv`, `hash_position`, `user_table_id`, `flags`) VALUES (114, -1, 'CONFIG', 'longtext', 0, 0, 0, 0, 0, 0, 11, 128);
INSERT INTO `user_column` (`user_column_id`, `data_type`, `name`, `native_type_name`, `order_in_table`, `prec`, `scale`, `size`, `cdv`, `hash_position`, `user_table_id`, `flags`) VALUES (115, -5, 'FILE_ID', 'bigint', 0, 0, 0, 4, 0, 0, 12, 128);
INSERT INTO `user_column` (`user_column_id`, `data_type`, `name`, `native_type_name`, `order_in_table`, `prec`, `scale`, `size`, `cdv`, `hash_position`, `user_table_id`, `flags`) VALUES (116, 12, 'FILE_NAME', 'varchar', 0, 0, 0, 64, 0, 0, 12, 128);
INSERT INTO `user_column` (`user_column_id`, `data_type`, `name`, `native_type_name`, `order_in_table`, `prec`, `scale`, `size`, `cdv`, `hash_position`, `user_table_id`, `flags`) VALUES (117, 12, 'FILE_TYPE', 'varchar', 0, 0, 0, 20, 0, 0, 12, 128);
INSERT INTO `user_column` (`user_column_id`, `data_type`, `name`, `native_type_name`, `order_in_table`, `prec`, `scale`, `size`, `cdv`, `hash_position`, `user_table_id`, `flags`) VALUES (118, 12, 'TABLESPACE_NAME', 'varchar', 0, 0, 0, 64, 0, 0, 12, 128);
INSERT INTO `user_column` (`user_column_id`, `data_type`, `name`, `native_type_name`, `order_in_table`, `prec`, `scale`, `size`, `cdv`, `hash_position`, `user_table_id`, `flags`) VALUES (119, 12, 'TABLE_CATALOG', 'varchar', 0, 0, 0, 64, 0, 0, 12, 128);
INSERT INTO `user_column` (`user_column_id`, `data_type`, `name`, `native_type_name`, `order_in_table`, `prec`, `scale`, `size`, `cdv`, `hash_position`, `user_table_id`, `flags`) VALUES (120, 12, 'TABLE_SCHEMA', 'varchar', 0, 0, 0, 64, 0, 0, 12, 128);
INSERT INTO `user_column` (`user_column_id`, `data_type`, `name`, `native_type_name`, `order_in_table`, `prec`, `scale`, `size`, `cdv`, `hash_position`, `user_table_id`, `flags`) VALUES (121, 12, 'TABLE_NAME', 'varchar', 0, 0, 0, 64, 0, 0, 12, 128);
INSERT INTO `user_column` (`user_column_id`, `data_type`, `name`, `native_type_name`, `order_in_table`, `prec`, `scale`, `size`, `cdv`, `hash_position`, `user_table_id`, `flags`) VALUES (122, 12, 'LOGFILE_GROUP_NAME', 'varchar', 0, 0, 0, 64, 0, 0, 12, 128);
INSERT INTO `user_column` (`user_column_id`, `data_type`, `name`, `native_type_name`, `order_in_table`, `prec`, `scale`, `size`, `cdv`, `hash_position`, `user_table_id`, `flags`) VALUES (123, -5, 'LOGFILE_GROUP_NUMBER', 'bigint', 0, 0, 0, 4, 0, 0, 12, 128);
INSERT INTO `user_column` (`user_column_id`, `data_type`, `name`, `native_type_name`, `order_in_table`, `prec`, `scale`, `size`, `cdv`, `hash_position`, `user_table_id`, `flags`) VALUES (124, 12, 'ENGINE', 'varchar', 0, 0, 0, 64, 0, 0, 12, 128);
INSERT INTO `user_column` (`user_column_id`, `data_type`, `name`, `native_type_name`, `order_in_table`, `prec`, `scale`, `size`, `cdv`, `hash_position`, `user_table_id`, `flags`) VALUES (125, 12, 'FULLTEXT_KEYS', 'varchar', 0, 0, 0, 64, 0, 0, 12, 128);
INSERT INTO `user_column` (`user_column_id`, `data_type`, `name`, `native_type_name`, `order_in_table`, `prec`, `scale`, `size`, `cdv`, `hash_position`, `user_table_id`, `flags`) VALUES (126, -5, 'DELETED_ROWS', 'bigint', 0, 0, 0, 4, 0, 0, 12, 128);
INSERT INTO `user_column` (`user_column_id`, `data_type`, `name`, `native_type_name`, `order_in_table`, `prec`, `scale`, `size`, `cdv`, `hash_position`, `user_table_id`, `flags`) VALUES (127, -5, 'UPDATE_COUNT', 'bigint', 0, 0, 0, 4, 0, 0, 12, 128);
INSERT INTO `user_column` (`user_column_id`, `data_type`, `name`, `native_type_name`, `order_in_table`, `prec`, `scale`, `size`, `cdv`, `hash_position`, `user_table_id`, `flags`) VALUES (128, -5, 'FREE_EXTENTS', 'bigint', 0, 0, 0, 4, 0, 0, 12, 128);
INSERT INTO `user_column` (`user_column_id`, `data_type`, `name`, `native_type_name`, `order_in_table`, `prec`, `scale`, `size`, `cdv`, `hash_position`, `user_table_id`, `flags`) VALUES (129, -5, 'TOTAL_EXTENTS', 'bigint', 0, 0, 0, 4, 0, 0, 12, 128);
INSERT INTO `user_column` (`user_column_id`, `data_type`, `name`, `native_type_name`, `order_in_table`, `prec`, `scale`, `size`, `cdv`, `hash_position`, `user_table_id`, `flags`) VALUES (130, -5, 'EXTENT_SIZE', 'bigint', 0, 0, 0, 4, 0, 0, 12, 128);
INSERT INTO `user_column` (`user_column_id`, `data_type`, `name`, `native_type_name`, `order_in_table`, `prec`, `scale`, `size`, `cdv`, `hash_position`, `user_table_id`, `flags`) VALUES (131, -5, 'INITIAL_SIZE', 'bigint', 0, 0, 0, 21, 0, 0, 12, 128);
INSERT INTO `user_column` (`user_column_id`, `data_type`, `name`, `native_type_name`, `order_in_table`, `prec`, `scale`, `size`, `cdv`, `hash_position`, `user_table_id`, `flags`) VALUES (132, -5, 'MAXIMUM_SIZE', 'bigint', 0, 0, 0, 21, 0, 0, 12, 128);
INSERT INTO `user_column` (`user_column_id`, `data_type`, `name`, `native_type_name`, `order_in_table`, `prec`, `scale`, `size`, `cdv`, `hash_position`, `user_table_id`, `flags`) VALUES (133, -5, 'AUTOEXTEND_SIZE', 'bigint', 0, 0, 0, 21, 0, 0, 12, 128);
INSERT INTO `user_column` (`user_column_id`, `data_type`, `name`, `native_type_name`, `order_in_table`, `prec`, `scale`, `size`, `cdv`, `hash_position`, `user_table_id`, `flags`) VALUES (134, 93, 'CREATION_TIME', 'datetime', 0, 0, 0, 0, 0, 0, 12, 0);
INSERT INTO `user_column` (`user_column_id`, `data_type`, `name`, `native_type_name`, `order_in_table`, `prec`, `scale`, `size`, `cdv`, `hash_position`, `user_table_id`, `flags`) VALUES (135, 93, 'LAST_UPDATE_TIME', 'datetime', 0, 0, 0, 0, 0, 0, 12, 0);
INSERT INTO `user_column` (`user_column_id`, `data_type`, `name`, `native_type_name`, `order_in_table`, `prec`, `scale`, `size`, `cdv`, `hash_position`, `user_table_id`, `flags`) VALUES (136, 93, 'LAST_ACCESS_TIME', 'datetime', 0, 0, 0, 0, 0, 0, 12, 0);
INSERT INTO `user_column` (`user_column_id`, `data_type`, `name`, `native_type_name`, `order_in_table`, `prec`, `scale`, `size`, `cdv`, `hash_position`, `user_table_id`, `flags`) VALUES (137, -5, 'RECOVER_TIME', 'bigint', 0, 0, 0, 4, 0, 0, 12, 128);
INSERT INTO `user_column` (`user_column_id`, `data_type`, `name`, `native_type_name`, `order_in_table`, `prec`, `scale`, `size`, `cdv`, `hash_position`, `user_table_id`, `flags`) VALUES (138, -5, 'TRANSACTION_COUNTER', 'bigint', 0, 0, 0, 4, 0, 0, 12, 128);
INSERT INTO `user_column` (`user_column_id`, `data_type`, `name`, `native_type_name`, `order_in_table`, `prec`, `scale`, `size`, `cdv`, `hash_position`, `user_table_id`, `flags`) VALUES (139, -5, 'VERSION', 'bigint', 0, 0, 0, 21, 0, 0, 12, 128);
INSERT INTO `user_column` (`user_column_id`, `data_type`, `name`, `native_type_name`, `order_in_table`, `prec`, `scale`, `size`, `cdv`, `hash_position`, `user_table_id`, `flags`) VALUES (140, 12, 'ROW_FORMAT', 'varchar', 0, 0, 0, 10, 0, 0, 12, 128);
INSERT INTO `user_column` (`user_column_id`, `data_type`, `name`, `native_type_name`, `order_in_table`, `prec`, `scale`, `size`, `cdv`, `hash_position`, `user_table_id`, `flags`) VALUES (141, -5, 'TABLE_ROWS', 'bigint', 0, 0, 0, 21, 0, 0, 12, 128);
INSERT INTO `user_column` (`user_column_id`, `data_type`, `name`, `native_type_name`, `order_in_table`, `prec`, `scale`, `size`, `cdv`, `hash_position`, `user_table_id`, `flags`) VALUES (142, -5, 'AVG_ROW_LENGTH', 'bigint', 0, 0, 0, 21, 0, 0, 12, 128);
INSERT INTO `user_column` (`user_column_id`, `data_type`, `name`, `native_type_name`, `order_in_table`, `prec`, `scale`, `size`, `cdv`, `hash_position`, `user_table_id`, `flags`) VALUES (143, -5, 'DATA_LENGTH', 'bigint', 0, 0, 0, 21, 0, 0, 12, 128);
INSERT INTO `user_column` (`user_column_id`, `data_type`, `name`, `native_type_name`, `order_in_table`, `prec`, `scale`, `size`, `cdv`, `hash_position`, `user_table_id`, `flags`) VALUES (144, -5, 'MAX_DATA_LENGTH', 'bigint', 0, 0, 0, 21, 0, 0, 12, 128);
INSERT INTO `user_column` (`user_column_id`, `data_type`, `name`, `native_type_name`, `order_in_table`, `prec`, `scale`, `size`, `cdv`, `hash_position`, `user_table_id`, `flags`) VALUES (145, -5, 'INDEX_LENGTH', 'bigint', 0, 0, 0, 21, 0, 0, 12, 128);
INSERT INTO `user_column` (`user_column_id`, `data_type`, `name`, `native_type_name`, `order_in_table`, `prec`, `scale`, `size`, `cdv`, `hash_position`, `user_table_id`, `flags`) VALUES (146, -5, 'DATA_FREE', 'bigint', 0, 0, 0, 21, 0, 0, 12, 128);
INSERT INTO `user_column` (`user_column_id`, `data_type`, `name`, `native_type_name`, `order_in_table`, `prec`, `scale`, `size`, `cdv`, `hash_position`, `user_table_id`, `flags`) VALUES (147, 93, 'CREATE_TIME', 'datetime', 0, 0, 0, 0, 0, 0, 12, 0);
INSERT INTO `user_column` (`user_column_id`, `data_type`, `name`, `native_type_name`, `order_in_table`, `prec`, `scale`, `size`, `cdv`, `hash_position`, `user_table_id`, `flags`) VALUES (148, 93, 'UPDATE_TIME', 'datetime', 0, 0, 0, 0, 0, 0, 12, 0);
INSERT INTO `user_column` (`user_column_id`, `data_type`, `name`, `native_type_name`, `order_in_table`, `prec`, `scale`, `size`, `cdv`, `hash_position`, `user_table_id`, `flags`) VALUES (149, 93, 'CHECK_TIME', 'datetime', 0, 0, 0, 0, 0, 0, 12, 0);
INSERT INTO `user_column` (`user_column_id`, `data_type`, `name`, `native_type_name`, `order_in_table`, `prec`, `scale`, `size`, `cdv`, `hash_position`, `user_table_id`, `flags`) VALUES (150, -5, 'CHECKSUM', 'bigint', 0, 0, 0, 21, 0, 0, 12, 128);
INSERT INTO `user_column` (`user_column_id`, `data_type`, `name`, `native_type_name`, `order_in_table`, `prec`, `scale`, `size`, `cdv`, `hash_position`, `user_table_id`, `flags`) VALUES (151, 12, 'STATUS', 'varchar', 0, 0, 0, 20, 0, 0, 12, 128);
INSERT INTO `user_column` (`user_column_id`, `data_type`, `name`, `native_type_name`, `order_in_table`, `prec`, `scale`, `size`, `cdv`, `hash_position`, `user_table_id`, `flags`) VALUES (152, 12, 'EXTRA', 'varchar', 0, 0, 0, 255, 0, 0, 12, 128);
INSERT INTO `user_column` (`user_column_id`, `data_type`, `name`, `native_type_name`, `order_in_table`, `prec`, `scale`, `size`, `cdv`, `hash_position`, `user_table_id`, `flags`) VALUES (153, 12, 'group', 'varchar', 0, 0, 0, 512, 0, 0, 13, 128);
INSERT INTO `user_column` (`user_column_id`, `data_type`, `name`, `native_type_name`, `order_in_table`, `prec`, `scale`, `size`, `cdv`, `hash_position`, `user_table_id`, `flags`) VALUES (154, 4, 'version', 'int', 0, 0, 0, 11, 0, 0, 13, 128);
INSERT INTO `user_column` (`user_column_id`, `data_type`, `name`, `native_type_name`, `order_in_table`, `prec`, `scale`, `size`, `cdv`, `hash_position`, `user_table_id`, `flags`) VALUES (155, 12, 'site', 'varchar', 0, 0, 0, 512, 0, 0, 13, 128);
INSERT INTO `user_column` (`user_column_id`, `data_type`, `name`, `native_type_name`, `order_in_table`, `prec`, `scale`, `size`, `cdv`, `hash_position`, `user_table_id`, `flags`) VALUES (156, 12, 'SERVER_NAME', 'varchar', 0, 0, 0, 255, 0, 0, 14, 128);
INSERT INTO `user_column` (`user_column_id`, `data_type`, `name`, `native_type_name`, `order_in_table`, `prec`, `scale`, `size`, `cdv`, `hash_position`, `user_table_id`, `flags`) VALUES (157, 4, 'SESSION_ID', 'int', 0, 0, 0, 11, 0, 0, 14, 128);
INSERT INTO `user_column` (`user_column_id`, `data_type`, `name`, `native_type_name`, `order_in_table`, `prec`, `scale`, `size`, `cdv`, `hash_position`, `user_table_id`, `flags`) VALUES (158, 12, 'TABLE_SCHEMA', 'varchar', 0, 0, 0, 255, 0, 0, 14, 128);
INSERT INTO `user_column` (`user_column_id`, `data_type`, `name`, `native_type_name`, `order_in_table`, `prec`, `scale`, `size`, `cdv`, `hash_position`, `user_table_id`, `flags`) VALUES (159, 12, 'TABLE_NAME', 'varchar', 0, 0, 0, 255, 0, 0, 14, 128);
INSERT INTO `user_column` (`user_column_id`, `data_type`, `name`, `native_type_name`, `order_in_table`, `prec`, `scale`, `size`, `cdv`, `hash_position`, `user_table_id`, `flags`) VALUES (160, 12, 'ENGINE', 'varchar', 0, 0, 0, 255, 0, 0, 14, 128);
INSERT INTO `user_column` (`user_column_id`, `data_type`, `name`, `native_type_name`, `order_in_table`, `prec`, `scale`, `size`, `cdv`, `hash_position`, `user_table_id`, `flags`) VALUES (161, 12, 'VARIABLE_NAME', 'varchar', 0, 0, 0, 64, 0, 0, 15, 128);
INSERT INTO `user_column` (`user_column_id`, `data_type`, `name`, `native_type_name`, `order_in_table`, `prec`, `scale`, `size`, `cdv`, `hash_position`, `user_table_id`, `flags`) VALUES (162, 12, 'VARIABLE_VALUE', 'varchar', 0, 0, 0, 1024, 0, 0, 15, 128);
INSERT INTO `user_column` (`user_column_id`, `data_type`, `name`, `native_type_name`, `order_in_table`, `prec`, `scale`, `size`, `cdv`, `hash_position`, `user_table_id`, `flags`) VALUES (163, 12, 'NAME', 'varchar', 0, 0, 0, 255, 0, 0, 16, 128);
INSERT INTO `user_column` (`user_column_id`, `data_type`, `name`, `native_type_name`, `order_in_table`, `prec`, `scale`, `size`, `cdv`, `hash_position`, `user_table_id`, `flags`) VALUES (164, 12, 'PLUGIN', 'varchar', 0, 0, 0, 255, 0, 0, 16, 128);
INSERT INTO `user_column` (`user_column_id`, `data_type`, `name`, `native_type_name`, `order_in_table`, `prec`, `scale`, `size`, `cdv`, `hash_position`, `user_table_id`, `flags`) VALUES (165, 12, 'ENABLED', 'varchar', 0, 0, 0, 3, 0, 0, 16, 128);
INSERT INTO `user_column` (`user_column_id`, `data_type`, `name`, `native_type_name`, `order_in_table`, `prec`, `scale`, `size`, `cdv`, `hash_position`, `user_table_id`, `flags`) VALUES (166, 12, 'CONSTRAINT_CATALOG', 'varchar', 0, 0, 0, 512, 0, 0, 17, 128);
INSERT INTO `user_column` (`user_column_id`, `data_type`, `name`, `native_type_name`, `order_in_table`, `prec`, `scale`, `size`, `cdv`, `hash_position`, `user_table_id`, `flags`) VALUES (167, 12, 'TABLE_CATALOG', 'varchar', 0, 0, 0, 512, 0, 0, 17, 128);
INSERT INTO `user_column` (`user_column_id`, `data_type`, `name`, `native_type_name`, `order_in_table`, `prec`, `scale`, `size`, `cdv`, `hash_position`, `user_table_id`, `flags`) VALUES (168, 12, 'TABLE_SCHEMA', 'varchar', 0, 0, 0, 64, 0, 0, 17, 128);
INSERT INTO `user_column` (`user_column_id`, `data_type`, `name`, `native_type_name`, `order_in_table`, `prec`, `scale`, `size`, `cdv`, `hash_position`, `user_table_id`, `flags`) VALUES (169, 12, 'TABLE_NAME', 'varchar', 0, 0, 0, 64, 0, 0, 17, 128);
INSERT INTO `user_column` (`user_column_id`, `data_type`, `name`, `native_type_name`, `order_in_table`, `prec`, `scale`, `size`, `cdv`, `hash_position`, `user_table_id`, `flags`) VALUES (170, 12, 'COLUMN_NAME', 'varchar', 0, 0, 0, 64, 0, 0, 17, 128);
INSERT INTO `user_column` (`user_column_id`, `data_type`, `name`, `native_type_name`, `order_in_table`, `prec`, `scale`, `size`, `cdv`, `hash_position`, `user_table_id`, `flags`) VALUES (171, -5, 'ORDINAL_POSITION', 'bigint', 0, 0, 0, 10, 0, 0, 17, 128);
INSERT INTO `user_column` (`user_column_id`, `data_type`, `name`, `native_type_name`, `order_in_table`, `prec`, `scale`, `size`, `cdv`, `hash_position`, `user_table_id`, `flags`) VALUES (172, 12, 'REFERENCED_TABLE_SCHEMA', 'varchar', 0, 0, 0, 64, 0, 0, 17, 128);
INSERT INTO `user_column` (`user_column_id`, `data_type`, `name`, `native_type_name`, `order_in_table`, `prec`, `scale`, `size`, `cdv`, `hash_position`, `user_table_id`, `flags`) VALUES (173, 12, 'REFERENCED_TABLE_NAME', 'varchar', 0, 0, 0, 64, 0, 0, 17, 128);
INSERT INTO `user_column` (`user_column_id`, `data_type`, `name`, `native_type_name`, `order_in_table`, `prec`, `scale`, `size`, `cdv`, `hash_position`, `user_table_id`, `flags`) VALUES (174, 12, 'REFERENCED_COLUMN_NAME', 'varchar', 0, 0, 0, 64, 0, 0, 17, 128);
INSERT INTO `user_column` (`user_column_id`, `data_type`, `name`, `native_type_name`, `order_in_table`, `prec`, `scale`, `size`, `cdv`, `hash_position`, `user_table_id`, `flags`) VALUES (175, 12, 'TABLE_CATALOG', 'varchar', 0, 0, 0, 512, 0, 0, 18, 128);
INSERT INTO `user_column` (`user_column_id`, `data_type`, `name`, `native_type_name`, `order_in_table`, `prec`, `scale`, `size`, `cdv`, `hash_position`, `user_table_id`, `flags`) VALUES (176, 12, 'TABLE_SCHEMA', 'varchar', 0, 0, 0, 64, 0, 0, 18, 128);
INSERT INTO `user_column` (`user_column_id`, `data_type`, `name`, `native_type_name`, `order_in_table`, `prec`, `scale`, `size`, `cdv`, `hash_position`, `user_table_id`, `flags`) VALUES (177, 12, 'TABLE_NAME', 'varchar', 0, 0, 0, 64, 0, 0, 18, 128);
INSERT INTO `user_column` (`user_column_id`, `data_type`, `name`, `native_type_name`, `order_in_table`, `prec`, `scale`, `size`, `cdv`, `hash_position`, `user_table_id`, `flags`) VALUES (178, 12, 'PARTITION_NAME', 'varchar', 0, 0, 0, 64, 0, 0, 18, 128);
INSERT INTO `user_column` (`user_column_id`, `data_type`, `name`, `native_type_name`, `order_in_table`, `prec`, `scale`, `size`, `cdv`, `hash_position`, `user_table_id`, `flags`) VALUES (179, 12, 'SUBPARTITION_NAME', 'varchar', 0, 0, 0, 64, 0, 0, 18, 128);
INSERT INTO `user_column` (`user_column_id`, `data_type`, `name`, `native_type_name`, `order_in_table`, `prec`, `scale`, `size`, `cdv`, `hash_position`, `user_table_id`, `flags`) VALUES (180, -5, 'PARTITION_ORDINAL_POSITION', 'bigint', 0, 0, 0, 21, 0, 0, 18, 128);
INSERT INTO `user_column` (`user_column_id`, `data_type`, `name`, `native_type_name`, `order_in_table`, `prec`, `scale`, `size`, `cdv`, `hash_position`, `user_table_id`, `flags`) VALUES (181, -5, 'SUBPARTITION_ORDINAL_POSITION', 'bigint', 0, 0, 0, 21, 0, 0, 18, 128);
INSERT INTO `user_column` (`user_column_id`, `data_type`, `name`, `native_type_name`, `order_in_table`, `prec`, `scale`, `size`, `cdv`, `hash_position`, `user_table_id`, `flags`) VALUES (182, 12, 'PARTITION_METHOD', 'varchar', 0, 0, 0, 18, 0, 0, 18, 128);
INSERT INTO `user_column` (`user_column_id`, `data_type`, `name`, `native_type_name`, `order_in_table`, `prec`, `scale`, `size`, `cdv`, `hash_position`, `user_table_id`, `flags`) VALUES (183, 12, 'SUBPARTITION_METHOD', 'varchar', 0, 0, 0, 12, 0, 0, 18, 128);
INSERT INTO `user_column` (`user_column_id`, `data_type`, `name`, `native_type_name`, `order_in_table`, `prec`, `scale`, `size`, `cdv`, `hash_position`, `user_table_id`, `flags`) VALUES (184, -1, 'PARTITION_EXPRESSION', 'longtext', 0, 0, 0, 0, 0, 0, 18, 128);
INSERT INTO `user_column` (`user_column_id`, `data_type`, `name`, `native_type_name`, `order_in_table`, `prec`, `scale`, `size`, `cdv`, `hash_position`, `user_table_id`, `flags`) VALUES (185, -1, 'SUBPARTITION_EXPRESSION', 'longtext', 0, 0, 0, 0, 0, 0, 18, 128);
INSERT INTO `user_column` (`user_column_id`, `data_type`, `name`, `native_type_name`, `order_in_table`, `prec`, `scale`, `size`, `cdv`, `hash_position`, `user_table_id`, `flags`) VALUES (186, -1, 'PARTITION_DESCRIPTION', 'longtext', 0, 0, 0, 0, 0, 0, 18, 128);
INSERT INTO `user_column` (`user_column_id`, `data_type`, `name`, `native_type_name`, `order_in_table`, `prec`, `scale`, `size`, `cdv`, `hash_position`, `user_table_id`, `flags`) VALUES (187, -5, 'TABLE_ROWS', 'bigint', 0, 0, 0, 21, 0, 0, 18, 128);
INSERT INTO `user_column` (`user_column_id`, `data_type`, `name`, `native_type_name`, `order_in_table`, `prec`, `scale`, `size`, `cdv`, `hash_position`, `user_table_id`, `flags`) VALUES (188, -5, 'AVG_ROW_LENGTH', 'bigint', 0, 0, 0, 21, 0, 0, 18, 128);
INSERT INTO `user_column` (`user_column_id`, `data_type`, `name`, `native_type_name`, `order_in_table`, `prec`, `scale`, `size`, `cdv`, `hash_position`, `user_table_id`, `flags`) VALUES (189, -5, 'DATA_LENGTH', 'bigint', 0, 0, 0, 21, 0, 0, 18, 128);
INSERT INTO `user_column` (`user_column_id`, `data_type`, `name`, `native_type_name`, `order_in_table`, `prec`, `scale`, `size`, `cdv`, `hash_position`, `user_table_id`, `flags`) VALUES (190, -5, 'MAX_DATA_LENGTH', 'bigint', 0, 0, 0, 21, 0, 0, 18, 128);
INSERT INTO `user_column` (`user_column_id`, `data_type`, `name`, `native_type_name`, `order_in_table`, `prec`, `scale`, `size`, `cdv`, `hash_position`, `user_table_id`, `flags`) VALUES (191, -5, 'INDEX_LENGTH', 'bigint', 0, 0, 0, 21, 0, 0, 18, 128);
INSERT INTO `user_column` (`user_column_id`, `data_type`, `name`, `native_type_name`, `order_in_table`, `prec`, `scale`, `size`, `cdv`, `hash_position`, `user_table_id`, `flags`) VALUES (192, -5, 'DATA_FREE', 'bigint', 0, 0, 0, 21, 0, 0, 18, 128);
INSERT INTO `user_column` (`user_column_id`, `data_type`, `name`, `native_type_name`, `order_in_table`, `prec`, `scale`, `size`, `cdv`, `hash_position`, `user_table_id`, `flags`) VALUES (193, 93, 'CREATE_TIME', 'datetime', 0, 0, 0, 0, 0, 0, 18, 0);
INSERT INTO `user_column` (`user_column_id`, `data_type`, `name`, `native_type_name`, `order_in_table`, `prec`, `scale`, `size`, `cdv`, `hash_position`, `user_table_id`, `flags`) VALUES (194, 93, 'UPDATE_TIME', 'datetime', 0, 0, 0, 0, 0, 0, 18, 0);
INSERT INTO `user_column` (`user_column_id`, `data_type`, `name`, `native_type_name`, `order_in_table`, `prec`, `scale`, `size`, `cdv`, `hash_position`, `user_table_id`, `flags`) VALUES (195, 93, 'CHECK_TIME', 'datetime', 0, 0, 0, 0, 0, 0, 18, 0);
INSERT INTO `user_column` (`user_column_id`, `data_type`, `name`, `native_type_name`, `order_in_table`, `prec`, `scale`, `size`, `cdv`, `hash_position`, `user_table_id`, `flags`) VALUES (196, -5, 'CHECKSUM', 'bigint', 0, 0, 0, 21, 0, 0, 18, 128);
INSERT INTO `user_column` (`user_column_id`, `data_type`, `name`, `native_type_name`, `order_in_table`, `prec`, `scale`, `size`, `cdv`, `hash_position`, `user_table_id`, `flags`) VALUES (197, 12, 'PARTITION_COMMENT', 'varchar', 0, 0, 0, 80, 0, 0, 18, 128);
INSERT INTO `user_column` (`user_column_id`, `data_type`, `name`, `native_type_name`, `order_in_table`, `prec`, `scale`, `size`, `cdv`, `hash_position`, `user_table_id`, `flags`) VALUES (198, 12, 'NODEGROUP', 'varchar', 0, 0, 0, 12, 0, 0, 18, 128);
INSERT INTO `user_column` (`user_column_id`, `data_type`, `name`, `native_type_name`, `order_in_table`, `prec`, `scale`, `size`, `cdv`, `hash_position`, `user_table_id`, `flags`) VALUES (199, 12, 'TABLESPACE_NAME', 'varchar', 0, 0, 0, 64, 0, 0, 18, 128);
INSERT INTO `user_column` (`user_column_id`, `data_type`, `name`, `native_type_name`, `order_in_table`, `prec`, `scale`, `size`, `cdv`, `hash_position`, `user_table_id`, `flags`) VALUES (200, 12, 'PLUGIN_NAME', 'varchar', 0, 0, 0, 64, 0, 0, 19, 128);
INSERT INTO `user_column` (`user_column_id`, `data_type`, `name`, `native_type_name`, `order_in_table`, `prec`, `scale`, `size`, `cdv`, `hash_position`, `user_table_id`, `flags`) VALUES (201, 12, 'PLUGIN_VERSION', 'varchar', 0, 0, 0, 20, 0, 0, 19, 128);
INSERT INTO `user_column` (`user_column_id`, `data_type`, `name`, `native_type_name`, `order_in_table`, `prec`, `scale`, `size`, `cdv`, `hash_position`, `user_table_id`, `flags`) VALUES (202, 12, 'PLUGIN_STATUS', 'varchar', 0, 0, 0, 10, 0, 0, 19, 128);
INSERT INTO `user_column` (`user_column_id`, `data_type`, `name`, `native_type_name`, `order_in_table`, `prec`, `scale`, `size`, `cdv`, `hash_position`, `user_table_id`, `flags`) VALUES (203, 12, 'PLUGIN_TYPE', 'varchar', 0, 0, 0, 80, 0, 0, 19, 128);
INSERT INTO `user_column` (`user_column_id`, `data_type`, `name`, `native_type_name`, `order_in_table`, `prec`, `scale`, `size`, `cdv`, `hash_position`, `user_table_id`, `flags`) VALUES (204, 12, 'PLUGIN_TYPE_VERSION', 'varchar', 0, 0, 0, 20, 0, 0, 19, 128);
INSERT INTO `user_column` (`user_column_id`, `data_type`, `name`, `native_type_name`, `order_in_table`, `prec`, `scale`, `size`, `cdv`, `hash_position`, `user_table_id`, `flags`) VALUES (205, 12, 'PLUGIN_LIBRARY', 'varchar', 0, 0, 0, 64, 0, 0, 19, 128);
INSERT INTO `user_column` (`user_column_id`, `data_type`, `name`, `native_type_name`, `order_in_table`, `prec`, `scale`, `size`, `cdv`, `hash_position`, `user_table_id`, `flags`) VALUES (206, 12, 'PLUGIN_LIBRARY_VERSION', 'varchar', 0, 0, 0, 20, 0, 0, 19, 128);
INSERT INTO `user_column` (`user_column_id`, `data_type`, `name`, `native_type_name`, `order_in_table`, `prec`, `scale`, `size`, `cdv`, `hash_position`, `user_table_id`, `flags`) VALUES (207, 12, 'PLUGIN_AUTHOR', 'varchar', 0, 0, 0, 64, 0, 0, 19, 128);
INSERT INTO `user_column` (`user_column_id`, `data_type`, `name`, `native_type_name`, `order_in_table`, `prec`, `scale`, `size`, `cdv`, `hash_position`, `user_table_id`, `flags`) VALUES (208, -1, 'PLUGIN_DESCRIPTION', 'longtext', 0, 0, 0, 0, 0, 0, 19, 128);
INSERT INTO `user_column` (`user_column_id`, `data_type`, `name`, `native_type_name`, `order_in_table`, `prec`, `scale`, `size`, `cdv`, `hash_position`, `user_table_id`, `flags`) VALUES (209, 12, 'PLUGIN_LICENSE', 'varchar', 0, 0, 0, 80, 0, 0, 19, 128);
INSERT INTO `user_column` (`user_column_id`, `data_type`, `name`, `native_type_name`, `order_in_table`, `prec`, `scale`, `size`, `cdv`, `hash_position`, `user_table_id`, `flags`) VALUES (210, 12, 'LOAD_OPTION', 'varchar', 0, 0, 0, 64, 0, 0, 19, 128);
INSERT INTO `user_column` (`user_column_id`, `data_type`, `name`, `native_type_name`, `order_in_table`, `prec`, `scale`, `size`, `cdv`, `hash_position`, `user_table_id`, `flags`) VALUES (211, 12, 'NAME', 'varchar', 0, 0, 0, 255, 0, 0, 20, 128);
INSERT INTO `user_column` (`user_column_id`, `data_type`, `name`, `native_type_name`, `order_in_table`, `prec`, `scale`, `size`, `cdv`, `hash_position`, `user_table_id`, `flags`) VALUES (212, 12, 'STORAGE_GROUP', 'varchar', 0, 0, 0, 255, 0, 0, 20, 128);
INSERT INTO `user_column` (`user_column_id`, `data_type`, `name`, `native_type_name`, `order_in_table`, `prec`, `scale`, `size`, `cdv`, `hash_position`, `user_table_id`, `flags`) VALUES (213, 12, 'SIGNATURE', 'varchar', 0, 0, 0, 255, 0, 0, 20, 128);
INSERT INTO `user_column` (`user_column_id`, `data_type`, `name`, `native_type_name`, `order_in_table`, `prec`, `scale`, `size`, `cdv`, `hash_position`, `user_table_id`, `flags`) VALUES (214, 12, 'NAME', 'varchar', 0, 0, 0, 255, 0, 0, 21, 128);
INSERT INTO `user_column` (`user_column_id`, `data_type`, `name`, `native_type_name`, `order_in_table`, `prec`, `scale`, `size`, `cdv`, `hash_position`, `user_table_id`, `flags`) VALUES (215, 12, 'PLAN_SCHEMA', 'varchar', 0, 0, 0, 255, 0, 0, 21, 128);
INSERT INTO `user_column` (`user_column_id`, `data_type`, `name`, `native_type_name`, `order_in_table`, `prec`, `scale`, `size`, `cdv`, `hash_position`, `user_table_id`, `flags`) VALUES (216, 12, 'IS_ENABLED', 'varchar', 0, 0, 0, 3, 0, 0, 21, 128);
INSERT INTO `user_column` (`user_column_id`, `data_type`, `name`, `native_type_name`, `order_in_table`, `prec`, `scale`, `size`, `cdv`, `hash_position`, `user_table_id`, `flags`) VALUES (217, -1, 'CACHE_KEY', 'longtext', 0, 0, 0, 0, 0, 0, 21, 128);
INSERT INTO `user_column` (`user_column_id`, `data_type`, `name`, `native_type_name`, `order_in_table`, `prec`, `scale`, `size`, `cdv`, `hash_position`, `user_table_id`, `flags`) VALUES (218, 12, 'PLAN_COMMENT', 'varchar', 0, 0, 0, 255, 0, 0, 21, 128);
INSERT INTO `user_column` (`user_column_id`, `data_type`, `name`, `native_type_name`, `order_in_table`, `prec`, `scale`, `size`, `cdv`, `hash_position`, `user_table_id`, `flags`) VALUES (219, -1, 'DEFINITION', 'longtext', 0, 0, 0, 0, 0, 0, 21, 128);
INSERT INTO `user_column` (`user_column_id`, `data_type`, `name`, `native_type_name`, `order_in_table`, `prec`, `scale`, `size`, `cdv`, `hash_position`, `user_table_id`, `flags`) VALUES (220, 12, 'CONSTRAINT_CATALOG', 'varchar', 0, 0, 0, 512, 0, 0, 22, 128);
INSERT INTO `user_column` (`user_column_id`, `data_type`, `name`, `native_type_name`, `order_in_table`, `prec`, `scale`, `size`, `cdv`, `hash_position`, `user_table_id`, `flags`) VALUES (221, 12, 'CONSTRAINT_SCHEMA', 'varchar', 0, 0, 0, 64, 0, 0, 22, 128);
INSERT INTO `user_column` (`user_column_id`, `data_type`, `name`, `native_type_name`, `order_in_table`, `prec`, `scale`, `size`, `cdv`, `hash_position`, `user_table_id`, `flags`) VALUES (222, 12, 'CONSTRAINT_NAME', 'varchar', 0, 0, 0, 64, 0, 0, 22, 128);
INSERT INTO `user_column` (`user_column_id`, `data_type`, `name`, `native_type_name`, `order_in_table`, `prec`, `scale`, `size`, `cdv`, `hash_position`, `user_table_id`, `flags`) VALUES (223, 12, 'UNIQUE_CONSTRAINT_CATALOG', 'varchar', 0, 0, 0, 512, 0, 0, 22, 128);
INSERT INTO `user_column` (`user_column_id`, `data_type`, `name`, `native_type_name`, `order_in_table`, `prec`, `scale`, `size`, `cdv`, `hash_position`, `user_table_id`, `flags`) VALUES (224, 12, 'UNIQUE_CONSTRAINT_SCHEMA', 'varchar', 0, 0, 0, 64, 0, 0, 22, 128);
INSERT INTO `user_column` (`user_column_id`, `data_type`, `name`, `native_type_name`, `order_in_table`, `prec`, `scale`, `size`, `cdv`, `hash_position`, `user_table_id`, `flags`) VALUES (225, 12, 'UPDATE_RULE', 'varchar', 0, 0, 0, 64, 0, 0, 22, 128);
INSERT INTO `user_column` (`user_column_id`, `data_type`, `name`, `native_type_name`, `order_in_table`, `prec`, `scale`, `size`, `cdv`, `hash_position`, `user_table_id`, `flags`) VALUES (226, 12, 'DELETE_RULE', 'varchar', 0, 0, 0, 64, 0, 0, 22, 128);
INSERT INTO `user_column` (`user_column_id`, `data_type`, `name`, `native_type_name`, `order_in_table`, `prec`, `scale`, `size`, `cdv`, `hash_position`, `user_table_id`, `flags`) VALUES (227, 12, 'TABLE_NAME', 'varchar', 0, 0, 0, 64, 0, 0, 22, 128);
INSERT INTO `user_column` (`user_column_id`, `data_type`, `name`, `native_type_name`, `order_in_table`, `prec`, `scale`, `size`, `cdv`, `hash_position`, `user_table_id`, `flags`) VALUES (228, 12, 'REFERENCED_TABLE_NAME', 'varchar', 0, 0, 0, 64, 0, 0, 22, 128);
INSERT INTO `user_column` (`user_column_id`, `data_type`, `name`, `native_type_name`, `order_in_table`, `prec`, `scale`, `size`, `cdv`, `hash_position`, `user_table_id`, `flags`) VALUES (229, 12, 'SPECIFIC_NAME', 'varchar', 0, 0, 0, 64, 0, 0, 23, 128);
INSERT INTO `user_column` (`user_column_id`, `data_type`, `name`, `native_type_name`, `order_in_table`, `prec`, `scale`, `size`, `cdv`, `hash_position`, `user_table_id`, `flags`) VALUES (230, 12, 'ROUTINE_CATALOG', 'varchar', 0, 0, 0, 512, 0, 0, 23, 128);
INSERT INTO `user_column` (`user_column_id`, `data_type`, `name`, `native_type_name`, `order_in_table`, `prec`, `scale`, `size`, `cdv`, `hash_position`, `user_table_id`, `flags`) VALUES (231, 12, 'ROUTINE_SCHEMA', 'varchar', 0, 0, 0, 64, 0, 0, 23, 128);
INSERT INTO `user_column` (`user_column_id`, `data_type`, `name`, `native_type_name`, `order_in_table`, `prec`, `scale`, `size`, `cdv`, `hash_position`, `user_table_id`, `flags`) VALUES (232, 12, 'ROUTINE_NAME', 'varchar', 0, 0, 0, 64, 0, 0, 23, 128);
INSERT INTO `user_column` (`user_column_id`, `data_type`, `name`, `native_type_name`, `order_in_table`, `prec`, `scale`, `size`, `cdv`, `hash_position`, `user_table_id`, `flags`) VALUES (233, 12, 'ROUTINE_TYPE', 'varchar', 0, 0, 0, 9, 0, 0, 23, 128);
INSERT INTO `user_column` (`user_column_id`, `data_type`, `name`, `native_type_name`, `order_in_table`, `prec`, `scale`, `size`, `cdv`, `hash_position`, `user_table_id`, `flags`) VALUES (234, 12, 'DATA_TYPE', 'varchar', 0, 0, 0, 64, 0, 0, 23, 128);
INSERT INTO `user_column` (`user_column_id`, `data_type`, `name`, `native_type_name`, `order_in_table`, `prec`, `scale`, `size`, `cdv`, `hash_position`, `user_table_id`, `flags`) VALUES (235, 4, 'CHARACTER_MAXIMUM_LENGTH', 'int', 0, 0, 0, 21, 0, 0, 23, 128);
INSERT INTO `user_column` (`user_column_id`, `data_type`, `name`, `native_type_name`, `order_in_table`, `prec`, `scale`, `size`, `cdv`, `hash_position`, `user_table_id`, `flags`) VALUES (236, 4, 'CHARACTER_OCTET_LENGTH', 'int', 0, 0, 0, 21, 0, 0, 23, 128);
INSERT INTO `user_column` (`user_column_id`, `data_type`, `name`, `native_type_name`, `order_in_table`, `prec`, `scale`, `size`, `cdv`, `hash_position`, `user_table_id`, `flags`) VALUES (237, 4, 'NUMERIC_PRECISION', 'int', 0, 0, 0, 21, 0, 0, 23, 128);
INSERT INTO `user_column` (`user_column_id`, `data_type`, `name`, `native_type_name`, `order_in_table`, `prec`, `scale`, `size`, `cdv`, `hash_position`, `user_table_id`, `flags`) VALUES (238, 4, 'NUMERIC_SCALE', 'int', 0, 0, 0, 21, 0, 0, 23, 128);
INSERT INTO `user_column` (`user_column_id`, `data_type`, `name`, `native_type_name`, `order_in_table`, `prec`, `scale`, `size`, `cdv`, `hash_position`, `user_table_id`, `flags`) VALUES (239, 12, 'CHARACTER_SET_NAME', 'varchar', 0, 0, 0, 64, 0, 0, 23, 128);
INSERT INTO `user_column` (`user_column_id`, `data_type`, `name`, `native_type_name`, `order_in_table`, `prec`, `scale`, `size`, `cdv`, `hash_position`, `user_table_id`, `flags`) VALUES (240, 12, 'COLLATION_NAME', 'varchar', 0, 0, 0, 64, 0, 0, 23, 128);
INSERT INTO `user_column` (`user_column_id`, `data_type`, `name`, `native_type_name`, `order_in_table`, `prec`, `scale`, `size`, `cdv`, `hash_position`, `user_table_id`, `flags`) VALUES (241, -1, 'DTD_IDENTIFIER', 'longtext', 0, 0, 0, 0, 0, 0, 23, 128);
INSERT INTO `user_column` (`user_column_id`, `data_type`, `name`, `native_type_name`, `order_in_table`, `prec`, `scale`, `size`, `cdv`, `hash_position`, `user_table_id`, `flags`) VALUES (242, 12, 'ROUTINE_BODY', 'varchar', 0, 0, 0, 8, 0, 0, 23, 128);
INSERT INTO `user_column` (`user_column_id`, `data_type`, `name`, `native_type_name`, `order_in_table`, `prec`, `scale`, `size`, `cdv`, `hash_position`, `user_table_id`, `flags`) VALUES (243, -1, 'ROUTINE_DEFINITION', 'longtext', 0, 0, 0, 0, 0, 0, 23, 128);
INSERT INTO `user_column` (`user_column_id`, `data_type`, `name`, `native_type_name`, `order_in_table`, `prec`, `scale`, `size`, `cdv`, `hash_position`, `user_table_id`, `flags`) VALUES (244, 12, 'EXTERNAL_NAME', 'varchar', 0, 0, 0, 64, 0, 0, 23, 128);
INSERT INTO `user_column` (`user_column_id`, `data_type`, `name`, `native_type_name`, `order_in_table`, `prec`, `scale`, `size`, `cdv`, `hash_position`, `user_table_id`, `flags`) VALUES (245, 12, 'EXTERNAL_LANGUAGE', 'varchar', 0, 0, 0, 64, 0, 0, 23, 128);
INSERT INTO `user_column` (`user_column_id`, `data_type`, `name`, `native_type_name`, `order_in_table`, `prec`, `scale`, `size`, `cdv`, `hash_position`, `user_table_id`, `flags`) VALUES (246, 12, 'PARAMETER_STYLE', 'varchar', 0, 0, 0, 8, 0, 0, 23, 128);
INSERT INTO `user_column` (`user_column_id`, `data_type`, `name`, `native_type_name`, `order_in_table`, `prec`, `scale`, `size`, `cdv`, `hash_position`, `user_table_id`, `flags`) VALUES (247, 12, 'IS_DETERMINISTIC', 'varchar', 0, 0, 0, 3, 0, 0, 23, 128);
INSERT INTO `user_column` (`user_column_id`, `data_type`, `name`, `native_type_name`, `order_in_table`, `prec`, `scale`, `size`, `cdv`, `hash_position`, `user_table_id`, `flags`) VALUES (248, 12, 'SQL_DATA_ACCESS', 'varchar', 0, 0, 0, 64, 0, 0, 23, 128);
INSERT INTO `user_column` (`user_column_id`, `data_type`, `name`, `native_type_name`, `order_in_table`, `prec`, `scale`, `size`, `cdv`, `hash_position`, `user_table_id`, `flags`) VALUES (249, 12, 'SQL_PATH', 'varchar', 0, 0, 0, 64, 0, 0, 23, 128);
INSERT INTO `user_column` (`user_column_id`, `data_type`, `name`, `native_type_name`, `order_in_table`, `prec`, `scale`, `size`, `cdv`, `hash_position`, `user_table_id`, `flags`) VALUES (250, 12, 'SECURITY_TYPE', 'varchar', 0, 0, 0, 7, 0, 0, 23, 128);
INSERT INTO `user_column` (`user_column_id`, `data_type`, `name`, `native_type_name`, `order_in_table`, `prec`, `scale`, `size`, `cdv`, `hash_position`, `user_table_id`, `flags`) VALUES (251, 93, 'CREATED', 'datetime', 0, 0, 0, 0, 0, 0, 23, 0);
INSERT INTO `user_column` (`user_column_id`, `data_type`, `name`, `native_type_name`, `order_in_table`, `prec`, `scale`, `size`, `cdv`, `hash_position`, `user_table_id`, `flags`) VALUES (252, 93, 'LAST_ALTERED', 'datetime', 0, 0, 0, 0, 0, 0, 23, 0);
INSERT INTO `user_column` (`user_column_id`, `data_type`, `name`, `native_type_name`, `order_in_table`, `prec`, `scale`, `size`, `cdv`, `hash_position`, `user_table_id`, `flags`) VALUES (253, 12, 'SQL_MODE', 'varchar', 0, 0, 0, 8192, 0, 0, 23, 128);
INSERT INTO `user_column` (`user_column_id`, `data_type`, `name`, `native_type_name`, `order_in_table`, `prec`, `scale`, `size`, `cdv`, `hash_position`, `user_table_id`, `flags`) VALUES (254, -1, 'ROUTINE_COMMENT', 'longtext', 0, 0, 0, 0, 0, 0, 23, 128);
INSERT INTO `user_column` (`user_column_id`, `data_type`, `name`, `native_type_name`, `order_in_table`, `prec`, `scale`, `size`, `cdv`, `hash_position`, `user_table_id`, `flags`) VALUES (255, 12, 'DEFINER', 'varchar', 0, 0, 0, 77, 0, 0, 23, 128);
INSERT INTO `user_column` (`user_column_id`, `data_type`, `name`, `native_type_name`, `order_in_table`, `prec`, `scale`, `size`, `cdv`, `hash_position`, `user_table_id`, `flags`) VALUES (256, 12, 'CHARACTER_SET_CLIENT', 'varchar', 0, 0, 0, 32, 0, 0, 23, 128);
INSERT INTO `user_column` (`user_column_id`, `data_type`, `name`, `native_type_name`, `order_in_table`, `prec`, `scale`, `size`, `cdv`, `hash_position`, `user_table_id`, `flags`) VALUES (257, 12, 'COLLATION_CONNECTION', 'varchar', 0, 0, 0, 32, 0, 0, 23, 128);
INSERT INTO `user_column` (`user_column_id`, `data_type`, `name`, `native_type_name`, `order_in_table`, `prec`, `scale`, `size`, `cdv`, `hash_position`, `user_table_id`, `flags`) VALUES (258, 12, 'DATABASE_COLLATION', 'varchar', 0, 0, 0, 32, 0, 0, 23, 128);
INSERT INTO `user_column` (`user_column_id`, `data_type`, `name`, `native_type_name`, `order_in_table`, `prec`, `scale`, `size`, `cdv`, `hash_position`, `user_table_id`, `flags`) VALUES (259, 12, 'CATALOG_NAME', 'varchar', 0, 0, 0, 64, 0, 0, 24, 128);
INSERT INTO `user_column` (`user_column_id`, `data_type`, `name`, `native_type_name`, `order_in_table`, `prec`, `scale`, `size`, `cdv`, `hash_position`, `user_table_id`, `flags`) VALUES (260, 12, 'SCHEMA_NAME', 'varchar', 0, 0, 0, 255, 0, 0, 24, 128);
INSERT INTO `user_column` (`user_column_id`, `data_type`, `name`, `native_type_name`, `order_in_table`, `prec`, `scale`, `size`, `cdv`, `hash_position`, `user_table_id`, `flags`) VALUES (261, 12, 'DEFAULT_PERSISTENT_GROUP', 'varchar', 0, 0, 0, 255, 0, 0, 24, 128);
INSERT INTO `user_column` (`user_column_id`, `data_type`, `name`, `native_type_name`, `order_in_table`, `prec`, `scale`, `size`, `cdv`, `hash_position`, `user_table_id`, `flags`) VALUES (262, 12, 'TEMPLATE', 'varchar', 0, 0, 0, 255, 0, 0, 24, 128);
INSERT INTO `user_column` (`user_column_id`, `data_type`, `name`, `native_type_name`, `order_in_table`, `prec`, `scale`, `size`, `cdv`, `hash_position`, `user_table_id`, `flags`) VALUES (263, 12, 'TEMPLATE_MODE', 'varchar', 0, 0, 0, 255, 0, 0, 24, 128);
INSERT INTO `user_column` (`user_column_id`, `data_type`, `name`, `native_type_name`, `order_in_table`, `prec`, `scale`, `size`, `cdv`, `hash_position`, `user_table_id`, `flags`) VALUES (264, 12, 'MULTITENANT', 'varchar', 0, 0, 0, 255, 0, 0, 24, 128);
INSERT INTO `user_column` (`user_column_id`, `data_type`, `name`, `native_type_name`, `order_in_table`, `prec`, `scale`, `size`, `cdv`, `hash_position`, `user_table_id`, `flags`) VALUES (265, 12, 'FKMODE', 'varchar', 0, 0, 0, 255, 0, 0, 24, 128);
INSERT INTO `user_column` (`user_column_id`, `data_type`, `name`, `native_type_name`, `order_in_table`, `prec`, `scale`, `size`, `cdv`, `hash_position`, `user_table_id`, `flags`) VALUES (266, 12, 'DEFAULT_CHARACTER_SET_NAME', 'varchar', 0, 0, 0, 255, 0, 0, 24, 128);
INSERT INTO `user_column` (`user_column_id`, `data_type`, `name`, `native_type_name`, `order_in_table`, `prec`, `scale`, `size`, `cdv`, `hash_position`, `user_table_id`, `flags`) VALUES (267, 12, 'DEFAULT_COLLATION_NAME', 'varchar', 0, 0, 0, 255, 0, 0, 24, 128);
INSERT INTO `user_column` (`user_column_id`, `data_type`, `name`, `native_type_name`, `order_in_table`, `prec`, `scale`, `size`, `cdv`, `hash_position`, `user_table_id`, `flags`) VALUES (268, 12, 'TABLE_NAME', 'varchar', 0, 0, 0, 255, 0, 0, 25, 128);
INSERT INTO `user_column` (`user_column_id`, `data_type`, `name`, `native_type_name`, `order_in_table`, `prec`, `scale`, `size`, `cdv`, `hash_position`, `user_table_id`, `flags`) VALUES (269, 12, 'TABLE_SCHEMA', 'varchar', 0, 0, 0, 255, 0, 0, 25, 128);
INSERT INTO `user_column` (`user_column_id`, `data_type`, `name`, `native_type_name`, `order_in_table`, `prec`, `scale`, `size`, `cdv`, `hash_position`, `user_table_id`, `flags`) VALUES (270, 12, 'TABLE_STATE', 'varchar', 0, 0, 0, 255, 0, 0, 25, 128);
INSERT INTO `user_column` (`user_column_id`, `data_type`, `name`, `native_type_name`, `order_in_table`, `prec`, `scale`, `size`, `cdv`, `hash_position`, `user_table_id`, `flags`) VALUES (271, 12, 'TENANT_NAME', 'varchar', 0, 0, 0, 255, 0, 0, 25, 128);
INSERT INTO `user_column` (`user_column_id`, `data_type`, `name`, `native_type_name`, `order_in_table`, `prec`, `scale`, `size`, `cdv`, `hash_position`, `user_table_id`, `flags`) VALUES (272, 12, 'SCOPE_NAME', 'varchar', 0, 0, 0, 255, 0, 0, 25, 128);
INSERT INTO `user_column` (`user_column_id`, `data_type`, `name`, `native_type_name`, `order_in_table`, `prec`, `scale`, `size`, `cdv`, `hash_position`, `user_table_id`, `flags`) VALUES (273, 12, 'NAME', 'varchar', 0, 0, 0, 255, 0, 0, 26, 128);
INSERT INTO `user_column` (`user_column_id`, `data_type`, `name`, `native_type_name`, `order_in_table`, `prec`, `scale`, `size`, `cdv`, `hash_position`, `user_table_id`, `flags`) VALUES (274, 12, 'IPADDRESS', 'varchar', 0, 0, 0, 255, 0, 0, 26, 128);
INSERT INTO `user_column` (`user_column_id`, `data_type`, `name`, `native_type_name`, `order_in_table`, `prec`, `scale`, `size`, `cdv`, `hash_position`, `user_table_id`, `flags`) VALUES (275, 12, 'VARIABLE_NAME', 'varchar', 0, 0, 0, 64, 0, 0, 27, 128);
INSERT INTO `user_column` (`user_column_id`, `data_type`, `name`, `native_type_name`, `order_in_table`, `prec`, `scale`, `size`, `cdv`, `hash_position`, `user_table_id`, `flags`) VALUES (276, 12, 'VARIABLE_VALUE', 'varchar', 0, 0, 0, 1024, 0, 0, 27, 128);
INSERT INTO `user_column` (`user_column_id`, `data_type`, `name`, `native_type_name`, `order_in_table`, `prec`, `scale`, `size`, `cdv`, `hash_position`, `user_table_id`, `flags`) VALUES (277, 12, 'NAME', 'varchar', 0, 0, 0, 255, 0, 0, 28, 128);
INSERT INTO `user_column` (`user_column_id`, `data_type`, `name`, `native_type_name`, `order_in_table`, `prec`, `scale`, `size`, `cdv`, `hash_position`, `user_table_id`, `flags`) VALUES (278, 12, 'STORAGE_SITE', 'varchar', 0, 0, 0, 255, 0, 0, 28, 128);
INSERT INTO `user_column` (`user_column_id`, `data_type`, `name`, `native_type_name`, `order_in_table`, `prec`, `scale`, `size`, `cdv`, `hash_position`, `user_table_id`, `flags`) VALUES (279, 12, 'INSTANCE_URL', 'varchar', 0, 0, 0, 255, 0, 0, 28, 128);
INSERT INTO `user_column` (`user_column_id`, `data_type`, `name`, `native_type_name`, `order_in_table`, `prec`, `scale`, `size`, `cdv`, `hash_position`, `user_table_id`, `flags`) VALUES (280, 12, 'USER', 'varchar', 0, 0, 0, 255, 0, 0, 28, 128);
INSERT INTO `user_column` (`user_column_id`, `data_type`, `name`, `native_type_name`, `order_in_table`, `prec`, `scale`, `size`, `cdv`, `hash_position`, `user_table_id`, `flags`) VALUES (281, 12, 'PASSWORD', 'varchar', 0, 0, 0, 255, 0, 0, 28, 128);
INSERT INTO `user_column` (`user_column_id`, `data_type`, `name`, `native_type_name`, `order_in_table`, `prec`, `scale`, `size`, `cdv`, `hash_position`, `user_table_id`, `flags`) VALUES (282, 12, 'IS_MASTER', 'varchar', 0, 0, 0, 3, 0, 0, 28, 128);
INSERT INTO `user_column` (`user_column_id`, `data_type`, `name`, `native_type_name`, `order_in_table`, `prec`, `scale`, `size`, `cdv`, `hash_position`, `user_table_id`, `flags`) VALUES (283, 12, 'STATUS', 'varchar', 0, 0, 0, 255, 0, 0, 28, 128);
INSERT INTO `user_column` (`user_column_id`, `data_type`, `name`, `native_type_name`, `order_in_table`, `prec`, `scale`, `size`, `cdv`, `hash_position`, `user_table_id`, `flags`) VALUES (284, 4, 'ID', 'int', 0, 0, 0, 11, 0, 0, 29, 128);
INSERT INTO `user_column` (`user_column_id`, `data_type`, `name`, `native_type_name`, `order_in_table`, `prec`, `scale`, `size`, `cdv`, `hash_position`, `user_table_id`, `flags`) VALUES (285, 12, 'STORAGE_GROUP', 'varchar', 0, 0, 0, 255, 0, 0, 29, 128);
INSERT INTO `user_column` (`user_column_id`, `data_type`, `name`, `native_type_name`, `order_in_table`, `prec`, `scale`, `size`, `cdv`, `hash_position`, `user_table_id`, `flags`) VALUES (286, 4, 'VERSION', 'int', 0, 0, 0, 11, 0, 0, 29, 128);
INSERT INTO `user_column` (`user_column_id`, `data_type`, `name`, `native_type_name`, `order_in_table`, `prec`, `scale`, `size`, `cdv`, `hash_position`, `user_table_id`, `flags`) VALUES (287, 12, 'LOCKED', 'varchar', 0, 0, 0, 3, 0, 0, 29, 128);
INSERT INTO `user_column` (`user_column_id`, `data_type`, `name`, `native_type_name`, `order_in_table`, `prec`, `scale`, `size`, `cdv`, `hash_position`, `user_table_id`, `flags`) VALUES (288, 12, 'NAME', 'varchar', 0, 0, 0, 255, 0, 0, 30, 128);
INSERT INTO `user_column` (`user_column_id`, `data_type`, `name`, `native_type_name`, `order_in_table`, `prec`, `scale`, `size`, `cdv`, `hash_position`, `user_table_id`, `flags`) VALUES (289, -5, 'LAST_GENERATION', 'bigint', 0, 0, 0, 20, 0, 0, 30, 128);
INSERT INTO `user_column` (`user_column_id`, `data_type`, `name`, `native_type_name`, `order_in_table`, `prec`, `scale`, `size`, `cdv`, `hash_position`, `user_table_id`, `flags`) VALUES (290, 12, 'NAME', 'varchar', 0, 0, 0, 255, 0, 0, 31, 128);
INSERT INTO `user_column` (`user_column_id`, `data_type`, `name`, `native_type_name`, `order_in_table`, `prec`, `scale`, `size`, `cdv`, `hash_position`, `user_table_id`, `flags`) VALUES (291, 12, 'HATYPE', 'varchar', 0, 0, 0, 255, 0, 0, 31, 128);
INSERT INTO `user_column` (`user_column_id`, `data_type`, `name`, `native_type_name`, `order_in_table`, `prec`, `scale`, `size`, `cdv`, `hash_position`, `user_table_id`, `flags`) VALUES (292, 12, 'MASTERURL', 'varchar', 0, 0, 0, 255, 0, 0, 31, 128);
INSERT INTO `user_column` (`user_column_id`, `data_type`, `name`, `native_type_name`, `order_in_table`, `prec`, `scale`, `size`, `cdv`, `hash_position`, `user_table_id`, `flags`) VALUES (293, 12, 'TABLE_SCHEMA', 'varchar', 0, 0, 0, 64, 0, 0, 32, 128);
INSERT INTO `user_column` (`user_column_id`, `data_type`, `name`, `native_type_name`, `order_in_table`, `prec`, `scale`, `size`, `cdv`, `hash_position`, `user_table_id`, `flags`) VALUES (294, 12, 'TABLE_NAME', 'varchar', 0, 0, 0, 64, 0, 0, 32, 128);
INSERT INTO `user_column` (`user_column_id`, `data_type`, `name`, `native_type_name`, `order_in_table`, `prec`, `scale`, `size`, `cdv`, `hash_position`, `user_table_id`, `flags`) VALUES (295, 12, 'TABLE_TYPE', 'varchar', 0, 0, 0, 64, 0, 0, 32, 128);
INSERT INTO `user_column` (`user_column_id`, `data_type`, `name`, `native_type_name`, `order_in_table`, `prec`, `scale`, `size`, `cdv`, `hash_position`, `user_table_id`, `flags`) VALUES (296, 12, 'ENGINE', 'varchar', 0, 0, 0, 64, 0, 0, 32, 128);
INSERT INTO `user_column` (`user_column_id`, `data_type`, `name`, `native_type_name`, `order_in_table`, `prec`, `scale`, `size`, `cdv`, `hash_position`, `user_table_id`, `flags`) VALUES (297, 12, 'STORAGE_GROUP', 'varchar', 0, 0, 0, 255, 0, 0, 32, 128);
INSERT INTO `user_column` (`user_column_id`, `data_type`, `name`, `native_type_name`, `order_in_table`, `prec`, `scale`, `size`, `cdv`, `hash_position`, `user_table_id`, `flags`) VALUES (298, 12, 'ROW_FORMAT', 'varchar', 0, 0, 0, 10, 0, 0, 32, 128);
INSERT INTO `user_column` (`user_column_id`, `data_type`, `name`, `native_type_name`, `order_in_table`, `prec`, `scale`, `size`, `cdv`, `hash_position`, `user_table_id`, `flags`) VALUES (299, 12, 'TABLE_COLLATION', 'varchar', 0, 0, 0, 32, 0, 0, 32, 128);
INSERT INTO `user_column` (`user_column_id`, `data_type`, `name`, `native_type_name`, `order_in_table`, `prec`, `scale`, `size`, `cdv`, `hash_position`, `user_table_id`, `flags`) VALUES (300, 12, 'CREATE_OPTIONS', 'varchar', 0, 0, 0, 255, 0, 0, 32, 128);
INSERT INTO `user_column` (`user_column_id`, `data_type`, `name`, `native_type_name`, `order_in_table`, `prec`, `scale`, `size`, `cdv`, `hash_position`, `user_table_id`, `flags`) VALUES (301, 12, 'TABLE_COMMENT', 'varchar', 0, 0, 0, 2048, 0, 0, 32, 128);
INSERT INTO `user_column` (`user_column_id`, `data_type`, `name`, `native_type_name`, `order_in_table`, `prec`, `scale`, `size`, `cdv`, `hash_position`, `user_table_id`, `flags`) VALUES (302, 12, 'CONSTRAINT_CATALOG', 'varchar', 0, 0, 0, 512, 0, 0, 33, 128);
INSERT INTO `user_column` (`user_column_id`, `data_type`, `name`, `native_type_name`, `order_in_table`, `prec`, `scale`, `size`, `cdv`, `hash_position`, `user_table_id`, `flags`) VALUES (303, 12, 'CONSTRAINT_SCHEMA', 'varchar', 0, 0, 0, 64, 0, 0, 33, 128);
INSERT INTO `user_column` (`user_column_id`, `data_type`, `name`, `native_type_name`, `order_in_table`, `prec`, `scale`, `size`, `cdv`, `hash_position`, `user_table_id`, `flags`) VALUES (304, 12, 'CONSTRAINT_NAME', 'varchar', 0, 0, 0, 64, 0, 0, 33, 128);
INSERT INTO `user_column` (`user_column_id`, `data_type`, `name`, `native_type_name`, `order_in_table`, `prec`, `scale`, `size`, `cdv`, `hash_position`, `user_table_id`, `flags`) VALUES (305, 12, 'TABLE_SCHEMA', 'varchar', 0, 0, 0, 64, 0, 0, 33, 128);
INSERT INTO `user_column` (`user_column_id`, `data_type`, `name`, `native_type_name`, `order_in_table`, `prec`, `scale`, `size`, `cdv`, `hash_position`, `user_table_id`, `flags`) VALUES (306, 12, 'TABLE_NAME', 'varchar', 0, 0, 0, 64, 0, 0, 33, 128);
INSERT INTO `user_column` (`user_column_id`, `data_type`, `name`, `native_type_name`, `order_in_table`, `prec`, `scale`, `size`, `cdv`, `hash_position`, `user_table_id`, `flags`) VALUES (307, 12, 'CONSTRAINT_TYPE', 'varchar', 0, 0, 0, 64, 0, 0, 33, 128);
INSERT INTO `user_column` (`user_column_id`, `data_type`, `name`, `native_type_name`, `order_in_table`, `prec`, `scale`, `size`, `cdv`, `hash_position`, `user_table_id`, `flags`) VALUES (308, 12, 'NAME', 'varchar', 0, 0, 0, 255, 0, 0, 34, 128);
INSERT INTO `user_column` (`user_column_id`, `data_type`, `name`, `native_type_name`, `order_in_table`, `prec`, `scale`, `size`, `cdv`, `hash_position`, `user_table_id`, `flags`) VALUES (309, 12, 'DBMATCH', 'varchar', 0, 0, 0, 255, 0, 0, 34, 128);
INSERT INTO `user_column` (`user_column_id`, `data_type`, `name`, `native_type_name`, `order_in_table`, `prec`, `scale`, `size`, `cdv`, `hash_position`, `user_table_id`, `flags`) VALUES (310, -1, 'DEFINITION', 'longtext', 0, 0, 0, 0, 0, 0, 34, 128);
INSERT INTO `user_column` (`user_column_id`, `data_type`, `name`, `native_type_name`, `order_in_table`, `prec`, `scale`, `size`, `cdv`, `hash_position`, `user_table_id`, `flags`) VALUES (311, 12, 'TEMPLATE_COMMENT', 'varchar', 0, 0, 0, 255, 0, 0, 34, 128);
INSERT INTO `user_column` (`user_column_id`, `data_type`, `name`, `native_type_name`, `order_in_table`, `prec`, `scale`, `size`, `cdv`, `hash_position`, `user_table_id`, `flags`) VALUES (312, 4, 'SESSION_ID', 'int', 0, 0, 0, 11, 0, 0, 35, 128);
INSERT INTO `user_column` (`user_column_id`, `data_type`, `name`, `native_type_name`, `order_in_table`, `prec`, `scale`, `size`, `cdv`, `hash_position`, `user_table_id`, `flags`) VALUES (313, 12, 'TABLE_SCHEMA', 'varchar', 0, 0, 0, 255, 0, 0, 35, 128);
INSERT INTO `user_column` (`user_column_id`, `data_type`, `name`, `native_type_name`, `order_in_table`, `prec`, `scale`, `size`, `cdv`, `hash_position`, `user_table_id`, `flags`) VALUES (314, 12, 'TABLE_NAME', 'varchar', 0, 0, 0, 255, 0, 0, 35, 128);
INSERT INTO `user_column` (`user_column_id`, `data_type`, `name`, `native_type_name`, `order_in_table`, `prec`, `scale`, `size`, `cdv`, `hash_position`, `user_table_id`, `flags`) VALUES (315, 12, 'ENGINE', 'varchar', 0, 0, 0, 255, 0, 0, 35, 128);
INSERT INTO `user_column` (`user_column_id`, `data_type`, `name`, `native_type_name`, `order_in_table`, `prec`, `scale`, `size`, `cdv`, `hash_position`, `user_table_id`, `flags`) VALUES (316, 12, 'NAME', 'varchar', 0, 0, 0, 255, 0, 0, 36, 128);
INSERT INTO `user_column` (`user_column_id`, `data_type`, `name`, `native_type_name`, `order_in_table`, `prec`, `scale`, `size`, `cdv`, `hash_position`, `user_table_id`, `flags`) VALUES (317, 12, 'DATABASE', 'varchar', 0, 0, 0, 255, 0, 0, 36, 128);
INSERT INTO `user_column` (`user_column_id`, `data_type`, `name`, `native_type_name`, `order_in_table`, `prec`, `scale`, `size`, `cdv`, `hash_position`, `user_table_id`, `flags`) VALUES (318, 12, 'SUSPENDED', 'varchar', 0, 0, 0, 3, 0, 0, 36, 128);
INSERT INTO `user_column` (`user_column_id`, `data_type`, `name`, `native_type_name`, `order_in_table`, `prec`, `scale`, `size`, `cdv`, `hash_position`, `user_table_id`, `flags`) VALUES (319, 12, 'DESCRIPTION', 'varchar', 0, 0, 0, 255, 0, 0, 36, 128);
INSERT INTO `user_column` (`user_column_id`, `data_type`, `name`, `native_type_name`, `order_in_table`, `prec`, `scale`, `size`, `cdv`, `hash_position`, `user_table_id`, `flags`) VALUES (320, 12, 'TRIGGER_CATALOG', 'varchar', 0, 0, 0, 512, 0, 0, 37, 128);
INSERT INTO `user_column` (`user_column_id`, `data_type`, `name`, `native_type_name`, `order_in_table`, `prec`, `scale`, `size`, `cdv`, `hash_position`, `user_table_id`, `flags`) VALUES (321, 12, 'TRIGGER_SCHEMA', 'varchar', 0, 0, 0, 64, 0, 0, 37, 128);
INSERT INTO `user_column` (`user_column_id`, `data_type`, `name`, `native_type_name`, `order_in_table`, `prec`, `scale`, `size`, `cdv`, `hash_position`, `user_table_id`, `flags`) VALUES (322, 12, 'TRIGGER_NAME', 'varchar', 0, 0, 0, 64, 0, 0, 37, 128);
INSERT INTO `user_column` (`user_column_id`, `data_type`, `name`, `native_type_name`, `order_in_table`, `prec`, `scale`, `size`, `cdv`, `hash_position`, `user_table_id`, `flags`) VALUES (323, 12, 'EVENT_MANIPULATION', 'varchar', 0, 0, 0, 6, 0, 0, 37, 128);
INSERT INTO `user_column` (`user_column_id`, `data_type`, `name`, `native_type_name`, `order_in_table`, `prec`, `scale`, `size`, `cdv`, `hash_position`, `user_table_id`, `flags`) VALUES (324, 12, 'EVENT_OBJECT_CATALOG', 'varchar', 0, 0, 0, 512, 0, 0, 37, 128);
INSERT INTO `user_column` (`user_column_id`, `data_type`, `name`, `native_type_name`, `order_in_table`, `prec`, `scale`, `size`, `cdv`, `hash_position`, `user_table_id`, `flags`) VALUES (325, 12, 'EVENT_OBJECT_SCHEMA', 'varchar', 0, 0, 0, 64, 0, 0, 37, 128);
INSERT INTO `user_column` (`user_column_id`, `data_type`, `name`, `native_type_name`, `order_in_table`, `prec`, `scale`, `size`, `cdv`, `hash_position`, `user_table_id`, `flags`) VALUES (326, 12, 'EVENT_OBJECT_TABLE', 'varchar', 0, 0, 0, 64, 0, 0, 37, 128);
INSERT INTO `user_column` (`user_column_id`, `data_type`, `name`, `native_type_name`, `order_in_table`, `prec`, `scale`, `size`, `cdv`, `hash_position`, `user_table_id`, `flags`) VALUES (327, -5, 'ACTION_ORDER', 'bigint', 0, 0, 0, 4, 0, 0, 37, 128);
INSERT INTO `user_column` (`user_column_id`, `data_type`, `name`, `native_type_name`, `order_in_table`, `prec`, `scale`, `size`, `cdv`, `hash_position`, `user_table_id`, `flags`) VALUES (328, -1, 'ACTION_CONDITION', 'longtext', 0, 0, 0, 0, 0, 0, 37, 128);
INSERT INTO `user_column` (`user_column_id`, `data_type`, `name`, `native_type_name`, `order_in_table`, `prec`, `scale`, `size`, `cdv`, `hash_position`, `user_table_id`, `flags`) VALUES (329, -1, 'ACTION_STATEMENT', 'longtext', 0, 0, 0, 0, 0, 0, 37, 128);
INSERT INTO `user_column` (`user_column_id`, `data_type`, `name`, `native_type_name`, `order_in_table`, `prec`, `scale`, `size`, `cdv`, `hash_position`, `user_table_id`, `flags`) VALUES (330, 12, 'ACTION_ORIENTATION', 'varchar', 0, 0, 0, 9, 0, 0, 37, 128);
INSERT INTO `user_column` (`user_column_id`, `data_type`, `name`, `native_type_name`, `order_in_table`, `prec`, `scale`, `size`, `cdv`, `hash_position`, `user_table_id`, `flags`) VALUES (331, 12, 'ACTION_TIMING', 'varchar', 0, 0, 0, 6, 0, 0, 37, 128);
INSERT INTO `user_column` (`user_column_id`, `data_type`, `name`, `native_type_name`, `order_in_table`, `prec`, `scale`, `size`, `cdv`, `hash_position`, `user_table_id`, `flags`) VALUES (332, 12, 'ACTION_REFERENCE_OLD_TABLE', 'varchar', 0, 0, 0, 64, 0, 0, 37, 128);
INSERT INTO `user_column` (`user_column_id`, `data_type`, `name`, `native_type_name`, `order_in_table`, `prec`, `scale`, `size`, `cdv`, `hash_position`, `user_table_id`, `flags`) VALUES (333, 12, 'ACTION_REFERENCE_NEW_TABLE', 'varchar', 0, 0, 0, 64, 0, 0, 37, 128);
INSERT INTO `user_column` (`user_column_id`, `data_type`, `name`, `native_type_name`, `order_in_table`, `prec`, `scale`, `size`, `cdv`, `hash_position`, `user_table_id`, `flags`) VALUES (334, 12, 'ACTION_REFERENCE_OLD_ROW', 'varchar', 0, 0, 0, 3, 0, 0, 37, 128);
INSERT INTO `user_column` (`user_column_id`, `data_type`, `name`, `native_type_name`, `order_in_table`, `prec`, `scale`, `size`, `cdv`, `hash_position`, `user_table_id`, `flags`) VALUES (335, 12, 'ACTION_REFERENCE_NEW_ROW', 'varchar', 0, 0, 0, 3, 0, 0, 37, 128);
INSERT INTO `user_column` (`user_column_id`, `data_type`, `name`, `native_type_name`, `order_in_table`, `prec`, `scale`, `size`, `cdv`, `hash_position`, `user_table_id`, `flags`) VALUES (336, 93, 'CREATED', 'datetime', 0, 0, 0, 0, 0, 0, 37, 0);
INSERT INTO `user_column` (`user_column_id`, `data_type`, `name`, `native_type_name`, `order_in_table`, `prec`, `scale`, `size`, `cdv`, `hash_position`, `user_table_id`, `flags`) VALUES (337, 12, 'SQL_MODE', 'varchar', 0, 0, 0, 8192, 0, 0, 37, 128);
INSERT INTO `user_column` (`user_column_id`, `data_type`, `name`, `native_type_name`, `order_in_table`, `prec`, `scale`, `size`, `cdv`, `hash_position`, `user_table_id`, `flags`) VALUES (338, 12, 'DEFINER', 'varchar', 0, 0, 0, 77, 0, 0, 37, 128);
INSERT INTO `user_column` (`user_column_id`, `data_type`, `name`, `native_type_name`, `order_in_table`, `prec`, `scale`, `size`, `cdv`, `hash_position`, `user_table_id`, `flags`) VALUES (339, 12, 'CHARACTER_SET_CLIENT', 'varchar', 0, 0, 0, 32, 0, 0, 37, 128);
INSERT INTO `user_column` (`user_column_id`, `data_type`, `name`, `native_type_name`, `order_in_table`, `prec`, `scale`, `size`, `cdv`, `hash_position`, `user_table_id`, `flags`) VALUES (340, 12, 'COLLATION_CONNECTION', 'varchar', 0, 0, 0, 32, 0, 0, 37, 128);
INSERT INTO `user_column` (`user_column_id`, `data_type`, `name`, `native_type_name`, `order_in_table`, `prec`, `scale`, `size`, `cdv`, `hash_position`, `user_table_id`, `flags`) VALUES (341, 12, 'DATABASE_COLLATION', 'varchar', 0, 0, 0, 32, 0, 0, 37, 128);
INSERT INTO `user_column` (`user_column_id`, `data_type`, `name`, `native_type_name`, `order_in_table`, `prec`, `scale`, `size`, `cdv`, `hash_position`, `user_table_id`, `flags`) VALUES (342, 12, 'NAME', 'varchar', 0, 0, 0, 255, 0, 0, 38, 128);
INSERT INTO `user_column` (`user_column_id`, `data_type`, `name`, `native_type_name`, `order_in_table`, `prec`, `scale`, `size`, `cdv`, `hash_position`, `user_table_id`, `flags`) VALUES (343, 12, 'VALUE', 'varchar', 0, 0, 0, 255, 0, 0, 38, 128);
INSERT INTO `user_column` (`user_column_id`, `data_type`, `name`, `native_type_name`, `order_in_table`, `prec`, `scale`, `size`, `cdv`, `hash_position`, `user_table_id`, `flags`) VALUES (344, 12, 'TYPE', 'varchar', 0, 0, 0, 255, 0, 0, 38, 128);
INSERT INTO `user_column` (`user_column_id`, `data_type`, `name`, `native_type_name`, `order_in_table`, `prec`, `scale`, `size`, `cdv`, `hash_position`, `user_table_id`, `flags`) VALUES (345, 12, 'SCOPES', 'varchar', 0, 0, 0, 255, 0, 0, 38, 128);
INSERT INTO `user_column` (`user_column_id`, `data_type`, `name`, `native_type_name`, `order_in_table`, `prec`, `scale`, `size`, `cdv`, `hash_position`, `user_table_id`, `flags`) VALUES (346, 12, 'OPTIONS', 'varchar', 0, 0, 0, 255, 0, 0, 38, 128);
INSERT INTO `user_column` (`user_column_id`, `data_type`, `name`, `native_type_name`, `order_in_table`, `prec`, `scale`, `size`, `cdv`, `hash_position`, `user_table_id`, `flags`) VALUES (347, 12, 'DESCRIPTION', 'varchar', 0, 0, 0, 255, 0, 0, 38, 128);
INSERT INTO `user_column` (`user_column_id`, `data_type`, `name`, `native_type_name`, `order_in_table`, `prec`, `scale`, `size`, `cdv`, `hash_position`, `user_table_id`, `flags`) VALUES (348, 12, 'TABLE_CATALOG', 'varchar', 0, 0, 0, 512, 0, 0, 39, 128);
INSERT INTO `user_column` (`user_column_id`, `data_type`, `name`, `native_type_name`, `order_in_table`, `prec`, `scale`, `size`, `cdv`, `hash_position`, `user_table_id`, `flags`) VALUES (349, 12, 'TABLE_SCHEMA', 'varchar', 0, 0, 0, 64, 0, 0, 39, 128);
INSERT INTO `user_column` (`user_column_id`, `data_type`, `name`, `native_type_name`, `order_in_table`, `prec`, `scale`, `size`, `cdv`, `hash_position`, `user_table_id`, `flags`) VALUES (350, 12, 'TABLE_NAME', 'varchar', 0, 0, 0, 64, 0, 0, 39, 128);
INSERT INTO `user_column` (`user_column_id`, `data_type`, `name`, `native_type_name`, `order_in_table`, `prec`, `scale`, `size`, `cdv`, `hash_position`, `user_table_id`, `flags`) VALUES (351, -1, 'VIEW_DEFINITION', 'longtext', 0, 0, 0, 0, 0, 0, 39, 128);
INSERT INTO `user_column` (`user_column_id`, `data_type`, `name`, `native_type_name`, `order_in_table`, `prec`, `scale`, `size`, `cdv`, `hash_position`, `user_table_id`, `flags`) VALUES (352, 12, 'CHECK_OPTION', 'varchar', 0, 0, 0, 8, 0, 0, 39, 128);
INSERT INTO `user_column` (`user_column_id`, `data_type`, `name`, `native_type_name`, `order_in_table`, `prec`, `scale`, `size`, `cdv`, `hash_position`, `user_table_id`, `flags`) VALUES (353, 12, 'IS_UPDATABLE', 'varchar', 0, 0, 0, 3, 0, 0, 39, 128);
INSERT INTO `user_column` (`user_column_id`, `data_type`, `name`, `native_type_name`, `order_in_table`, `prec`, `scale`, `size`, `cdv`, `hash_position`, `user_table_id`, `flags`) VALUES (354, 12, 'DEFINER', 'varchar', 0, 0, 0, 77, 0, 0, 39, 128);
INSERT INTO `user_column` (`user_column_id`, `data_type`, `name`, `native_type_name`, `order_in_table`, `prec`, `scale`, `size`, `cdv`, `hash_position`, `user_table_id`, `flags`) VALUES (355, 12, 'SECURITY_TYPE', 'varchar', 0, 0, 0, 7, 0, 0, 39, 128);
INSERT INTO `user_column` (`user_column_id`, `data_type`, `name`, `native_type_name`, `order_in_table`, `prec`, `scale`, `size`, `cdv`, `hash_position`, `user_table_id`, `flags`) VALUES (356, 12, 'CHARACTER_SET_CLIENT', 'varchar', 0, 0, 0, 32, 0, 0, 39, 128);
INSERT INTO `user_column` (`user_column_id`, `data_type`, `name`, `native_type_name`, `order_in_table`, `prec`, `scale`, `size`, `cdv`, `hash_position`, `user_table_id`, `flags`) VALUES (357, 12, 'COLLATION_CONNECTION', 'varchar', 0, 0, 0, 32, 0, 0, 39, 128);
INSERT INTO `user_column` (`user_column_id`, `data_type`, `name`, `native_type_name`, `order_in_table`, `prec`, `scale`, `size`, `cdv`, `hash_position`, `user_table_id`, `flags`) VALUES (358, 12, 'MODE', 'varchar', 0, 0, 0, 7, 0, 0, 39, 128);
INSERT INTO `user_column` (`user_column_id`, `data_type`, `name`, `native_type_name`, `order_in_table`, `prec`, `scale`, `size`, `cdv`, `hash_position`, `user_table_id`, `flags`) VALUES (359, 12, 'Host', 'varchar', 0, 0, 0, 60, 0, 0, 40, 128);
INSERT INTO `user_column` (`user_column_id`, `data_type`, `name`, `native_type_name`, `order_in_table`, `prec`, `scale`, `size`, `cdv`, `hash_position`, `user_table_id`, `flags`) VALUES (360, 12, 'Db', 'varchar', 0, 0, 0, 64, 0, 0, 40, 128);
INSERT INTO `user_column` (`user_column_id`, `data_type`, `name`, `native_type_name`, `order_in_table`, `prec`, `scale`, `size`, `cdv`, `hash_position`, `user_table_id`, `flags`) VALUES (361, 12, 'User', 'varchar', 0, 0, 0, 16, 0, 0, 40, 128);
INSERT INTO `user_column` (`user_column_id`, `data_type`, `name`, `native_type_name`, `order_in_table`, `prec`, `scale`, `size`, `cdv`, `hash_position`, `user_table_id`, `flags`) VALUES (362, 1, 'Host', 'char', 0, 0, 0, 60, 0, 0, 41, 128);
INSERT INTO `user_column` (`user_column_id`, `data_type`, `name`, `native_type_name`, `order_in_table`, `prec`, `scale`, `size`, `cdv`, `hash_position`, `user_table_id`, `flags`) VALUES (363, 1, 'User', 'char', 0, 0, 0, 16, 0, 0, 41, 128);
INSERT INTO `user_column` (`user_column_id`, `data_type`, `name`, `native_type_name`, `order_in_table`, `prec`, `scale`, `size`, `cdv`, `hash_position`, `user_table_id`, `flags`) VALUES (364, 1, 'Password', 'char', 0, 0, 0, 41, 0, 0, 41, 128);
INSERT INTO `user_column` (`user_column_id`, `data_type`, `name`, `native_type_name`, `order_in_table`, `prec`, `scale`, `size`, `cdv`, `hash_position`, `user_table_id`, `flags`) VALUES (365, 1, 'Grant_priv', 'char', 0, 0, 0, 1, 0, 0, 41, 128);
