---
-- #%L
-- Tesora Inc.
-- Database Virtualization Engine
-- %%
-- Copyright (C) 2011 - 2014 Tesora Inc.
-- %%
-- This program is free software: you can redistribute it and/or modify
-- it under the terms of the GNU Affero General Public License, version 3,
-- as published by the Free Software Foundation.
-- 
-- This program is distributed in the hope that it will be useful,
-- but WITHOUT ANY WARRANTY; without even the implied warranty of
-- MERCHANTABILITY or FITNESS FOR A PARTICULAR PURPOSE. See the
-- GNU Affero General Public License for more details.
-- 
-- You should have received a copy of the GNU Affero General Public License
-- along with this program. If not, see <http://www.gnu.org/licenses/>.
-- #L%
---
INSERT INTO d7_drupal_install_test (id) VALUES (1);
INSERT INTO d7_system (filename, name, type, owner, info) VALUES ('themes/bartik/bartik.info', 'bartik', 'theme', 'themes/engines/phptemplate/phptemplate.engine', 'a:15:{s:4:"name";s:6:"Bartik";s:11:"description";s:48:"A flexible, recolorable theme with many regions.";s:7:"package";s:4:"Core";s:7:"version";s:3:"7.4";s:4:"core";s:3:"7.x";s:11:"stylesheets";a:2:{s:3:"all";a:3:{s:14:"css/layout.css";s:28:"themes/bartik/css/layout.css";s:13:"css/style.css";s:27:"themes/bartik/css/style.css";s:14:"css/colors.css";s:28:"themes/bartik/css/colors.css";}s:5:"print";a:1:{s:13:"css/print.css";s:27:"themes/bartik/css/print.css";}}s:7:"regions";a:17:{s:6:"header";s:6:"Header";s:4:"help";s:4:"Help";s:8:"page_top";s:8:"Page top";s:11:"page_bottom";s:11:"Page bottom";s:11:"highlighted";s:11:"Highlighted";s:8:"featured";s:8:"Featured";s:7:"content";s:7:"Content";s:13:"sidebar_first";s:13:"Sidebar first";s:14:"sidebar_second";s:14:"Sidebar second";s:14:"triptych_first";s:14:"Triptych first";s:15:"triptych_middle";s:15:"Triptych middle";s:13:"triptych_last";s:13:"Triptych last";s:18:"footer_firstcolumn";s:19:"Footer first column";s:19:"footer_secondcolumn";s:20:"Footer second column";s:18:"footer_thirdcolumn";s:19:"Footer third column";s:19:"footer_fourthcolumn";s:20:"Footer fourth column";s:6:"footer";s:6:"Footer";}s:8:"settings";a:1:{s:20:"shortcut_module_link";s:1:"0";}s:7:"project";s:6:"drupal";s:9:"datestamp";s:10:"1309397516";s:6:"engine";s:11:"phptemplate";s:8:"features";a:9:{i:0;s:4:"logo";i:1;s:7:"favicon";i:2;s:4:"name";i:3;s:6:"slogan";i:4;s:17:"node_user_picture";i:5;s:20:"comment_user_picture";i:6;s:25:"comment_user_verification";i:7;s:9:"main_menu";i:8;s:14:"secondary_menu";}s:10:"screenshot";s:28:"themes/bartik/screenshot.png";s:3:"php";s:5:"5.2.4";s:7:"scripts";a:0:{}}'), ('themes/garland/garland.info', 'garland', 'theme', 'themes/engines/phptemplate/phptemplate.engine', 'a:15:{s:4:"name";s:7:"Garland";s:11:"description";s:111:"A multi-column theme which can be configured to modify colors and switch between fixed and fluid width layouts.";s:7:"package";s:4:"Core";s:7:"version";s:3:"7.4";s:4:"core";s:3:"7.x";s:11:"stylesheets";a:2:{s:3:"all";a:1:{s:9:"style.css";s:24:"themes/garland/style.css";}s:5:"print";a:1:{s:9:"print.css";s:24:"themes/garland/print.css";}}s:8:"settings";a:1:{s:13:"garland_width";s:5:"fluid";}s:7:"project";s:6:"drupal";s:9:"datestamp";s:10:"1309397516";s:6:"engine";s:11:"phptemplate";s:7:"regions";a:9:{s:13:"sidebar_first";s:12:"Left sidebar";s:14:"sidebar_second";s:13:"Right sidebar";s:7:"content";s:7:"Content";s:6:"header";s:6:"Header";s:6:"footer";s:6:"Footer";s:11:"highlighted";s:11:"Highlighted";s:4:"help";s:4:"Help";s:8:"page_top";s:8:"Page top";s:11:"page_bottom";s:11:"Page bottom";}s:8:"features";a:9:{i:0;s:4:"logo";i:1;s:7:"favicon";i:2;s:4:"name";i:3;s:6:"slogan";i:4;s:17:"node_user_picture";i:5;s:20:"comment_user_picture";i:6;s:25:"comment_user_verification";i:7;s:9:"main_menu";i:8;s:14:"secondary_menu";}s:10:"screenshot";s:29:"themes/garland/screenshot.png";s:3:"php";s:5:"5.2.4";s:7:"scripts";a:0:{}}'), ('themes/seven/seven.info', 'seven', 'theme', 'themes/engines/phptemplate/phptemplate.engine', 'a:16:{s:4:"name";s:5:"Seven";s:11:"description";s:65:"A simple one-column, tableless, fluid width administration theme.";s:7:"package";s:4:"Core";s:7:"version";s:3:"7.4";s:4:"core";s:3:"7.x";s:11:"stylesheets";a:1:{s:6:"screen";a:2:{s:9:"reset.css";s:22:"themes/seven/reset.css";s:9:"style.css";s:22:"themes/seven/style.css";}}s:8:"settings";a:1:{s:20:"shortcut_module_link";s:1:"1";}s:7:"regions";a:5:{s:7:"content";s:7:"Content";s:4:"help";s:4:"Help";s:8:"page_top";s:8:"Page top";s:11:"page_bottom";s:11:"Page bottom";s:13:"sidebar_first";s:13:"First sidebar";}s:14:"regions_hidden";a:1:{i:0;s:13:"sidebar_first";}s:7:"project";s:6:"drupal";s:9:"datestamp";s:10:"1309397516";s:6:"engine";s:11:"phptemplate";s:8:"features";a:9:{i:0;s:4:"logo";i:1;s:7:"favicon";i:2;s:4:"name";i:3;s:6:"slogan";i:4;s:17:"node_user_picture";i:5;s:20:"comment_user_picture";i:6;s:25:"comment_user_verification";i:7;s:9:"main_menu";i:8;s:14:"secondary_menu";}s:10:"screenshot";s:27:"themes/seven/screenshot.png";s:3:"php";s:5:"5.2.4";s:7:"scripts";a:0:{}}'), ('themes/stark/stark.info', 'stark', 'theme', 'themes/engines/phptemplate/phptemplate.engine', 'a:14:{s:4:"name";s:5:"Stark";s:11:"description";s:208:"This theme demonstrates Drupal''s default HTML markup and CSS styles. To learn how to build your own theme and override Drupal''s default code, see the <a href="http://drupal.org/theme-guide">Theming Guide</a>.";s:7:"package";s:4:"Core";s:7:"version";s:3:"7.4";s:4:"core";s:3:"7.x";s:11:"stylesheets";a:1:{s:3:"all";a:1:{s:10:"layout.css";s:23:"themes/stark/layout.css";}}s:7:"project";s:6:"drupal";s:9:"datestamp";s:10:"1309397516";s:6:"engine";s:11:"phptemplate";s:7:"regions";a:9:{s:13:"sidebar_first";s:12:"Left sidebar";s:14:"sidebar_second";s:13:"Right sidebar";s:7:"content";s:7:"Content";s:6:"header";s:6:"Header";s:6:"footer";s:6:"Footer";s:11:"highlighted";s:11:"Highlighted";s:4:"help";s:4:"Help";s:8:"page_top";s:8:"Page top";s:11:"page_bottom";s:11:"Page bottom";}s:8:"features";a:9:{i:0;s:4:"logo";i:1;s:7:"favicon";i:2;s:4:"name";i:3;s:6:"slogan";i:4;s:17:"node_user_picture";i:5;s:20:"comment_user_picture";i:6;s:25:"comment_user_verification";i:7;s:9:"main_menu";i:8;s:14:"secondary_menu";}s:10:"screenshot";s:27:"themes/stark/screenshot.png";s:3:"php";s:5:"5.2.4";s:7:"scripts";a:0:{}}'), ('themes/tests/test_theme/test_theme.info', 'test_theme', 'theme', 'themes/engines/phptemplate/phptemplate.engine', 'a:14:{s:4:"name";s:10:"Test theme";s:11:"description";s:34:"Theme for testing the theme system";s:4:"core";s:3:"7.x";s:6:"hidden";b:1;s:11:"stylesheets";a:1:{s:3:"all";a:1:{s:15:"system.base.css";s:39:"themes/tests/test_theme/system.base.css";}}s:7:"version";s:3:"7.4";s:7:"project";s:6:"drupal";s:9:"datestamp";s:10:"1309397516";s:6:"engine";s:11:"phptemplate";s:7:"regions";a:9:{s:13:"sidebar_first";s:12:"Left sidebar";s:14:"sidebar_second";s:13:"Right sidebar";s:7:"content";s:7:"Content";s:6:"header";s:6:"Header";s:6:"footer";s:6:"Footer";s:11:"highlighted";s:11:"Highlighted";s:4:"help";s:4:"Help";s:8:"page_top";s:8:"Page top";s:11:"page_bottom";s:11:"Page bottom";}s:8:"features";a:9:{i:0;s:4:"logo";i:1;s:7:"favicon";i:2;s:4:"name";i:3;s:6:"slogan";i:4;s:17:"node_user_picture";i:5;s:20:"comment_user_picture";i:6;s:25:"comment_user_verification";i:7;s:9:"main_menu";i:8;s:14:"secondary_menu";}s:10:"screenshot";s:38:"themes/tests/test_theme/screenshot.png";s:3:"php";s:5:"5.2.4";s:7:"scripts";a:0:{}}'), ('themes/tests/update_test_basetheme/update_test_basetheme.info', 'update_test_basetheme', 'theme', 'themes/engines/phptemplate/phptemplate.engine', 'a:14:{s:4:"name";s:22:"Update test base theme";s:11:"description";s:63:"Test theme which acts as a base theme for other test subthemes.";s:4:"core";s:3:"7.x";s:6:"hidden";b:1;s:7:"version";s:3:"7.4";s:7:"project";s:6:"drupal";s:9:"datestamp";s:10:"1309397516";s:6:"engine";s:11:"phptemplate";s:7:"regions";a:9:{s:13:"sidebar_first";s:12:"Left sidebar";s:14:"sidebar_second";s:13:"Right sidebar";s:7:"content";s:7:"Content";s:6:"header";s:6:"Header";s:6:"footer";s:6:"Footer";s:11:"highlighted";s:11:"Highlighted";s:4:"help";s:4:"Help";s:8:"page_top";s:8:"Page top";s:11:"page_bottom";s:11:"Page bottom";}s:8:"features";a:9:{i:0;s:4:"logo";i:1;s:7:"favicon";i:2;s:4:"name";i:3;s:6:"slogan";i:4;s:17:"node_user_picture";i:5;s:20:"comment_user_picture";i:6;s:25:"comment_user_verification";i:7;s:9:"main_menu";i:8;s:14:"secondary_menu";}s:10:"screenshot";s:49:"themes/tests/update_test_basetheme/screenshot.png";s:3:"php";s:5:"5.2.4";s:11:"stylesheets";a:0:{}s:7:"scripts";a:0:{}}'), ('themes/tests/update_test_subtheme/update_test_subtheme.info', 'update_test_subtheme', 'theme', 'themes/engines/phptemplate/phptemplate.engine', 'a:15:{s:4:"name";s:20:"Update test subtheme";s:11:"description";s:62:"Test theme which uses update_test_basetheme as the base theme.";s:4:"core";s:3:"7.x";s:10:"base theme";s:21:"update_test_basetheme";s:6:"hidden";b:1;s:7:"version";s:3:"7.4";s:7:"project";s:6:"drupal";s:9:"datestamp";s:10:"1309397516";s:6:"engine";s:11:"phptemplate";s:7:"regions";a:9:{s:13:"sidebar_first";s:12:"Left sidebar";s:14:"sidebar_second";s:13:"Right sidebar";s:7:"content";s:7:"Content";s:6:"header";s:6:"Header";s:6:"footer";s:6:"Footer";s:11:"highlighted";s:11:"Highlighted";s:4:"help";s:4:"Help";s:8:"page_top";s:8:"Page top";s:11:"page_bottom";s:11:"Page bottom";}s:8:"features";a:9:{i:0;s:4:"logo";i:1;s:7:"favicon";i:2;s:4:"name";i:3;s:6:"slogan";i:4;s:17:"node_user_picture";i:5;s:20:"comment_user_picture";i:6;s:25:"comment_user_verification";i:7;s:9:"main_menu";i:8;s:14:"secondary_menu";}s:10:"screenshot";s:48:"themes/tests/update_test_subtheme/screenshot.png";s:3:"php";s:5:"5.2.4";s:11:"stylesheets";a:0:{}s:7:"scripts";a:0:{}}');
INSERT INTO d7_semaphore (name, value, expire) VALUES ('variable_init', '13228538164e299701e4fb29.21264293', '1311348482.9359');
INSERT INTO d7_drupal_install_test (id) VALUES (1);
INSERT INTO d7_system (filename, name, type, owner, info) VALUES ('themes/bartik/bartik.info', 'bartik', 'theme', 'themes/engines/phptemplate/phptemplate.engine', 'a:15:{s:4:"name";s:6:"Bartik";s:11:"description";s:48:"A flexible, recolorable theme with many regions.";s:7:"package";s:4:"Core";s:7:"version";s:3:"7.4";s:4:"core";s:3:"7.x";s:11:"stylesheets";a:2:{s:3:"all";a:3:{s:14:"css/layout.css";s:28:"themes/bartik/css/layout.css";s:13:"css/style.css";s:27:"themes/bartik/css/style.css";s:14:"css/colors.css";s:28:"themes/bartik/css/colors.css";}s:5:"print";a:1:{s:13:"css/print.css";s:27:"themes/bartik/css/print.css";}}s:7:"regions";a:17:{s:6:"header";s:6:"Header";s:4:"help";s:4:"Help";s:8:"page_top";s:8:"Page top";s:11:"page_bottom";s:11:"Page bottom";s:11:"highlighted";s:11:"Highlighted";s:8:"featured";s:8:"Featured";s:7:"content";s:7:"Content";s:13:"sidebar_first";s:13:"Sidebar first";s:14:"sidebar_second";s:14:"Sidebar second";s:14:"triptych_first";s:14:"Triptych first";s:15:"triptych_middle";s:15:"Triptych middle";s:13:"triptych_last";s:13:"Triptych last";s:18:"footer_firstcolumn";s:19:"Footer first column";s:19:"footer_secondcolumn";s:20:"Footer second column";s:18:"footer_thirdcolumn";s:19:"Footer third column";s:19:"footer_fourthcolumn";s:20:"Footer fourth column";s:6:"footer";s:6:"Footer";}s:8:"settings";a:1:{s:20:"shortcut_module_link";s:1:"0";}s:7:"project";s:6:"drupal";s:9:"datestamp";s:10:"1309397516";s:6:"engine";s:11:"phptemplate";s:8:"features";a:9:{i:0;s:4:"logo";i:1;s:7:"favicon";i:2;s:4:"name";i:3;s:6:"slogan";i:4;s:17:"node_user_picture";i:5;s:20:"comment_user_picture";i:6;s:25:"comment_user_verification";i:7;s:9:"main_menu";i:8;s:14:"secondary_menu";}s:10:"screenshot";s:28:"themes/bartik/screenshot.png";s:3:"php";s:5:"5.2.4";s:7:"scripts";a:0:{}}'), ('themes/garland/garland.info', 'garland', 'theme', 'themes/engines/phptemplate/phptemplate.engine', 'a:15:{s:4:"name";s:7:"Garland";s:11:"description";s:111:"A multi-column theme which can be configured to modify colors and switch between fixed and fluid width layouts.";s:7:"package";s:4:"Core";s:7:"version";s:3:"7.4";s:4:"core";s:3:"7.x";s:11:"stylesheets";a:2:{s:3:"all";a:1:{s:9:"style.css";s:24:"themes/garland/style.css";}s:5:"print";a:1:{s:9:"print.css";s:24:"themes/garland/print.css";}}s:8:"settings";a:1:{s:13:"garland_width";s:5:"fluid";}s:7:"project";s:6:"drupal";s:9:"datestamp";s:10:"1309397516";s:6:"engine";s:11:"phptemplate";s:7:"regions";a:9:{s:13:"sidebar_first";s:12:"Left sidebar";s:14:"sidebar_second";s:13:"Right sidebar";s:7:"content";s:7:"Content";s:6:"header";s:6:"Header";s:6:"footer";s:6:"Footer";s:11:"highlighted";s:11:"Highlighted";s:4:"help";s:4:"Help";s:8:"page_top";s:8:"Page top";s:11:"page_bottom";s:11:"Page bottom";}s:8:"features";a:9:{i:0;s:4:"logo";i:1;s:7:"favicon";i:2;s:4:"name";i:3;s:6:"slogan";i:4;s:17:"node_user_picture";i:5;s:20:"comment_user_picture";i:6;s:25:"comment_user_verification";i:7;s:9:"main_menu";i:8;s:14:"secondary_menu";}s:10:"screenshot";s:29:"themes/garland/screenshot.png";s:3:"php";s:5:"5.2.4";s:7:"scripts";a:0:{}}'), ('themes/seven/seven.info', 'seven', 'theme', 'themes/engines/phptemplate/phptemplate.engine', 'a:16:{s:4:"name";s:5:"Seven";s:11:"description";s:65:"A simple one-column, tableless, fluid width administration theme.";s:7:"package";s:4:"Core";s:7:"version";s:3:"7.4";s:4:"core";s:3:"7.x";s:11:"stylesheets";a:1:{s:6:"screen";a:2:{s:9:"reset.css";s:22:"themes/seven/reset.css";s:9:"style.css";s:22:"themes/seven/style.css";}}s:8:"settings";a:1:{s:20:"shortcut_module_link";s:1:"1";}s:7:"regions";a:5:{s:7:"content";s:7:"Content";s:4:"help";s:4:"Help";s:8:"page_top";s:8:"Page top";s:11:"page_bottom";s:11:"Page bottom";s:13:"sidebar_first";s:13:"First sidebar";}s:14:"regions_hidden";a:1:{i:0;s:13:"sidebar_first";}s:7:"project";s:6:"drupal";s:9:"datestamp";s:10:"1309397516";s:6:"engine";s:11:"phptemplate";s:8:"features";a:9:{i:0;s:4:"logo";i:1;s:7:"favicon";i:2;s:4:"name";i:3;s:6:"slogan";i:4;s:17:"node_user_picture";i:5;s:20:"comment_user_picture";i:6;s:25:"comment_user_verification";i:7;s:9:"main_menu";i:8;s:14:"secondary_menu";}s:10:"screenshot";s:27:"themes/seven/screenshot.png";s:3:"php";s:5:"5.2.4";s:7:"scripts";a:0:{}}'), ('themes/stark/stark.info', 'stark', 'theme', 'themes/engines/phptemplate/phptemplate.engine', 'a:14:{s:4:"name";s:5:"Stark";s:11:"description";s:208:"This theme demonstrates Drupal''s default HTML markup and CSS styles. To learn how to build your own theme and override Drupal''s default code, see the <a href="http://drupal.org/theme-guide">Theming Guide</a>.";s:7:"package";s:4:"Core";s:7:"version";s:3:"7.4";s:4:"core";s:3:"7.x";s:11:"stylesheets";a:1:{s:3:"all";a:1:{s:10:"layout.css";s:23:"themes/stark/layout.css";}}s:7:"project";s:6:"drupal";s:9:"datestamp";s:10:"1309397516";s:6:"engine";s:11:"phptemplate";s:7:"regions";a:9:{s:13:"sidebar_first";s:12:"Left sidebar";s:14:"sidebar_second";s:13:"Right sidebar";s:7:"content";s:7:"Content";s:6:"header";s:6:"Header";s:6:"footer";s:6:"Footer";s:11:"highlighted";s:11:"Highlighted";s:4:"help";s:4:"Help";s:8:"page_top";s:8:"Page top";s:11:"page_bottom";s:11:"Page bottom";}s:8:"features";a:9:{i:0;s:4:"logo";i:1;s:7:"favicon";i:2;s:4:"name";i:3;s:6:"slogan";i:4;s:17:"node_user_picture";i:5;s:20:"comment_user_picture";i:6;s:25:"comment_user_verification";i:7;s:9:"main_menu";i:8;s:14:"secondary_menu";}s:10:"screenshot";s:27:"themes/stark/screenshot.png";s:3:"php";s:5:"5.2.4";s:7:"scripts";a:0:{}}'), ('themes/tests/test_theme/test_theme.info', 'test_theme', 'theme', 'themes/engines/phptemplate/phptemplate.engine', 'a:14:{s:4:"name";s:10:"Test theme";s:11:"description";s:34:"Theme for testing the theme system";s:4:"core";s:3:"7.x";s:6:"hidden";b:1;s:11:"stylesheets";a:1:{s:3:"all";a:1:{s:15:"system.base.css";s:39:"themes/tests/test_theme/system.base.css";}}s:7:"version";s:3:"7.4";s:7:"project";s:6:"drupal";s:9:"datestamp";s:10:"1309397516";s:6:"engine";s:11:"phptemplate";s:7:"regions";a:9:{s:13:"sidebar_first";s:12:"Left sidebar";s:14:"sidebar_second";s:13:"Right sidebar";s:7:"content";s:7:"Content";s:6:"header";s:6:"Header";s:6:"footer";s:6:"Footer";s:11:"highlighted";s:11:"Highlighted";s:4:"help";s:4:"Help";s:8:"page_top";s:8:"Page top";s:11:"page_bottom";s:11:"Page bottom";}s:8:"features";a:9:{i:0;s:4:"logo";i:1;s:7:"favicon";i:2;s:4:"name";i:3;s:6:"slogan";i:4;s:17:"node_user_picture";i:5;s:20:"comment_user_picture";i:6;s:25:"comment_user_verification";i:7;s:9:"main_menu";i:8;s:14:"secondary_menu";}s:10:"screenshot";s:38:"themes/tests/test_theme/screenshot.png";s:3:"php";s:5:"5.2.4";s:7:"scripts";a:0:{}}'), ('themes/tests/update_test_basetheme/update_test_basetheme.info', 'update_test_basetheme', 'theme', 'themes/engines/phptemplate/phptemplate.engine', 'a:14:{s:4:"name";s:22:"Update test base theme";s:11:"description";s:63:"Test theme which acts as a base theme for other test subthemes.";s:4:"core";s:3:"7.x";s:6:"hidden";b:1;s:7:"version";s:3:"7.4";s:7:"project";s:6:"drupal";s:9:"datestamp";s:10:"1309397516";s:6:"engine";s:11:"phptemplate";s:7:"regions";a:9:{s:13:"sidebar_first";s:12:"Left sidebar";s:14:"sidebar_second";s:13:"Right sidebar";s:7:"content";s:7:"Content";s:6:"header";s:6:"Header";s:6:"footer";s:6:"Footer";s:11:"highlighted";s:11:"Highlighted";s:4:"help";s:4:"Help";s:8:"page_top";s:8:"Page top";s:11:"page_bottom";s:11:"Page bottom";}s:8:"features";a:9:{i:0;s:4:"logo";i:1;s:7:"favicon";i:2;s:4:"name";i:3;s:6:"slogan";i:4;s:17:"node_user_picture";i:5;s:20:"comment_user_picture";i:6;s:25:"comment_user_verification";i:7;s:9:"main_menu";i:8;s:14:"secondary_menu";}s:10:"screenshot";s:49:"themes/tests/update_test_basetheme/screenshot.png";s:3:"php";s:5:"5.2.4";s:11:"stylesheets";a:0:{}s:7:"scripts";a:0:{}}'), ('themes/tests/update_test_subtheme/update_test_subtheme.info', 'update_test_subtheme', 'theme', 'themes/engines/phptemplate/phptemplate.engine', 'a:15:{s:4:"name";s:20:"Update test subtheme";s:11:"description";s:62:"Test theme which uses update_test_basetheme as the base theme.";s:4:"core";s:3:"7.x";s:10:"base theme";s:21:"update_test_basetheme";s:6:"hidden";b:1;s:7:"version";s:3:"7.4";s:7:"project";s:6:"drupal";s:9:"datestamp";s:10:"1309397516";s:6:"engine";s:11:"phptemplate";s:7:"regions";a:9:{s:13:"sidebar_first";s:12:"Left sidebar";s:14:"sidebar_second";s:13:"Right sidebar";s:7:"content";s:7:"Content";s:6:"header";s:6:"Header";s:6:"footer";s:6:"Footer";s:11:"highlighted";s:11:"Highlighted";s:4:"help";s:4:"Help";s:8:"page_top";s:8:"Page top";s:11:"page_bottom";s:11:"Page bottom";}s:8:"features";a:9:{i:0;s:4:"logo";i:1;s:7:"favicon";i:2;s:4:"name";i:3;s:6:"slogan";i:4;s:17:"node_user_picture";i:5;s:20:"comment_user_picture";i:6;s:25:"comment_user_verification";i:7;s:9:"main_menu";i:8;s:14:"secondary_menu";}s:10:"screenshot";s:48:"themes/tests/update_test_subtheme/screenshot.png";s:3:"php";s:5:"5.2.4";s:11:"stylesheets";a:0:{}s:7:"scripts";a:0:{}}');
INSERT INTO d7_variable (name, value) VALUES ('theme_default', 's:6:"bartik";');
INSERT INTO d7_variable (name, value) VALUES ('cron_key', 's:43:"U3H7MCqaV-btmltWUuqQZ-5ZhmSGHW3ktx4fAre1uoc";');
INSERT INTO d7_system (filename, name, type, owner, status, schema_version, bootstrap) VALUES ('modules/system/system.module', 'system', 'module', '', '1', '7071', '0');
INSERT INTO d7_system (filename, name, type, owner, info) VALUES ('modules/update/tests/aaa_update_test.module', 'aaa_update_test', 'module', '', 'a:12:{s:4:"name";s:15:"AAA Update test";s:11:"description";s:41:"Support module for update module testing.";s:7:"package";s:7:"Testing";s:4:"core";s:3:"7.x";s:6:"hidden";b:1;s:7:"version";s:3:"7.4";s:7:"project";s:6:"drupal";s:9:"datestamp";s:10:"1309397516";s:12:"dependencies";a:0:{}s:3:"php";s:5:"5.2.4";s:5:"files";a:0:{}s:9:"bootstrap";i:0;}'), ('modules/simpletest/tests/actions_loop_test.module', 'actions_loop_test', 'module', '', 'a:12:{s:4:"name";s:17:"Actions loop test";s:11:"description";s:39:"Support module for action loop testing.";s:7:"package";s:7:"Testing";s:7:"version";s:3:"7.4";s:4:"core";s:3:"7.x";s:6:"hidden";b:1;s:7:"project";s:6:"drupal";s:9:"datestamp";s:10:"1309397516";s:12:"dependencies";a:0:{}s:3:"php";s:5:"5.2.4";s:5:"files";a:0:{}s:9:"bootstrap";i:0;}'), ('modules/aggregator/aggregator.module', 'aggregator', 'module', '', 'a:13:{s:4:"name";s:10:"Aggregator";s:11:"description";s:57:"Aggregates syndicated content (RSS, RDF, and Atom feeds).";s:7:"package";s:4:"Core";s:7:"version";s:3:"7.4";s:4:"core";s:3:"7.x";s:5:"files";a:1:{i:0;s:15:"aggregator.test";}s:9:"configure";s:41:"admin/config/services/aggregator/settings";s:11:"stylesheets";a:1:{s:3:"all";a:1:{s:14:"aggregator.css";s:33:"modules/aggregator/aggregator.css";}}s:7:"project";s:6:"drupal";s:9:"datestamp";s:10:"1309397516";s:12:"dependencies";a:0:{}s:3:"php";s:5:"5.2.4";s:9:"bootstrap";i:0;}'), ('modules/aggregator/tests/aggregator_test.module', 'aggregator_test', 'module', '', 'a:12:{s:4:"name";s:23:"Aggregator module tests";s:11:"description";s:46:"Support module for aggregator related testing.";s:7:"package";s:7:"Testing";s:7:"version";s:3:"7.4";s:4:"core";s:3:"7.x";s:6:"hidden";b:1;s:7:"project";s:6:"drupal";s:9:"datestamp";s:10:"1309397516";s:12:"dependencies";a:0:{}s:3:"php";s:5:"5.2.4";s:5:"files";a:0:{}s:9:"bootstrap";i:0;}'), ('modules/simpletest/tests/ajax_forms_test.module', 'ajax_forms_test', 'module', '', 'a:12:{s:4:"name";s:26:"AJAX form test mock module";s:11:"description";s:25:"Test for AJAX form calls.";s:4:"core";s:3:"7.x";s:7:"package";s:7:"Testing";s:7:"version";s:3:"7.4";s:6:"hidden";b:1;s:7:"project";s:6:"drupal";s:9:"datestamp";s:10:"1309397516";s:12:"dependencies";a:0:{}s:3:"php";s:5:"5.2.4";s:5:"files";a:0:{}s:9:"bootstrap";i:0;}'), ('modules/simpletest/tests/ajax_test.module', 'ajax_test', 'module', '', 'a:12:{s:4:"name";s:9:"AJAX Test";s:11:"description";s:40:"Support module for AJAX framework tests.";s:7:"package";s:7:"Testing";s:7:"version";s:3:"7.4";s:4:"core";s:3:"7.x";s:6:"hidden";b:1;s:7:"project";s:6:"drupal";s:9:"datestamp";s:10:"1309397516";s:12:"dependencies";a:0:{}s:3:"php";s:5:"5.2.4";s:5:"files";a:0:{}s:9:"bootstrap";i:0;}'), ('modules/simpletest/tests/batch_test.module', 'batch_test', 'module', '', 'a:12:{s:4:"name";s:14:"Batch API test";s:11:"description";s:35:"Support module for Batch API tests.";s:7:"package";s:7:"Testing";s:7:"version";s:3:"7.4";s:4:"core";s:3:"7.x";s:6:"hidden";b:1;s:7:"project";s:6:"drupal";s:9:"datestamp";s:10:"1309397516";s:12:"dependencies";a:0:{}s:3:"php";s:5:"5.2.4";s:5:"files";a:0:{}s:9:"bootstrap";i:0;}'), ('modules/update/tests/bbb_update_test.module', 'bbb_update_test', 'module', '', 'a:12:{s:4:"name";s:15:"BBB Update test";s:11:"description";s:41:"Support module for update module testing.";s:7:"package";s:7:"Testing";s:4:"core";s:3:"7.x";s:6:"hidden";b:1;s:7:"version";s:3:"7.4";s:7:"project";s:6:"drupal";s:9:"datestamp";s:10:"1309397516";s:12:"dependencies";a:0:{}s:3:"php";s:5:"5.2.4";s:5:"files";a:0:{}s:9:"bootstrap";i:0;}'), ('modules/block/block.module', 'block', 'module', '', 'a:12:{s:4:"name";s:5:"Block";s:11:"description";s:140:"Controls the visual building blocks a page is constructed with. Blocks are boxes of content rendered into an area, or region, of a web page.";s:7:"package";s:4:"Core";s:7:"version";s:3:"7.4";s:4:"core";s:3:"7.x";s:5:"files";a:1:{i:0;s:10:"block.test";}s:9:"configure";s:21:"admin/structure/block";s:7:"project";s:6:"drupal";s:9:"datestamp";s:10:"1309397516";s:12:"dependencies";a:0:{}s:3:"php";s:5:"5.2.4";s:9:"bootstrap";i:0;}'), ('modules/block/tests/block_test.module', 'block_test', 'module', '', 'a:12:{s:4:"name";s:10:"Block test";s:11:"description";s:21:"Provides test blocks.";s:7:"package";s:7:"Testing";s:7:"version";s:3:"7.4";s:4:"core";s:3:"7.x";s:6:"hidden";b:1;s:7:"project";s:6:"drupal";s:9:"datestamp";s:10:"1309397516";s:12:"dependencies";a:0:{}s:3:"php";s:5:"5.2.4";s:5:"files";a:0:{}s:9:"bootstrap";i:0;}'), ('modules/blog/blog.module', 'blog', 'module', '', 'a:11:{s:4:"name";s:4:"Blog";s:11:"description";s:25:"Enables multi-user blogs.";s:7:"package";s:4:"Core";s:7:"version";s:3:"7.4";s:4:"core";s:3:"7.x";s:5:"files";a:1:{i:0;s:9:"blog.test";}s:7:"project";s:6:"drupal";s:9:"datestamp";s:10:"1309397516";s:12:"dependencies";a:0:{}s:3:"php";s:5:"5.2.4";s:9:"bootstrap";i:0;}'), ('modules/book/book.module', 'book', 'module', '', 'a:13:{s:4:"name";s:4:"Book";s:11:"description";s:66:"Allows users to create and organize related content in an outline.";s:7:"package";s:4:"Core";s:7:"version";s:3:"7.4";s:4:"core";s:3:"7.x";s:5:"files";a:1:{i:0;s:9:"book.test";}s:9:"configure";s:27:"admin/content/book/settings";s:11:"stylesheets";a:1:{s:3:"all";a:1:{s:8:"book.css";s:21:"modules/book/book.css";}}s:7:"project";s:6:"drupal";s:9:"datestamp";s:10:"1309397516";s:12:"dependencies";a:0:{}s:3:"php";s:5:"5.2.4";s:9:"bootstrap";i:0;}'), ('modules/update/tests/ccc_update_test.module', 'ccc_update_test', 'module', '', 'a:12:{s:4:"name";s:15:"CCC Update test";s:11:"description";s:41:"Support module for update module testing.";s:7:"package";s:7:"Testing";s:4:"core";s:3:"7.x";s:6:"hidden";b:1;s:7:"version";s:3:"7.4";s:7:"project";s:6:"drupal";s:9:"datestamp";s:10:"1309397516";s:12:"dependencies";a:0:{}s:3:"php";s:5:"5.2.4";s:5:"files";a:0:{}s:9:"bootstrap";i:0;}'), ('modules/color/color.module', 'color', 'module', '', 'a:11:{s:4:"name";s:5:"Color";s:11:"description";s:70:"Allows administrators to change the color scheme of compatible themes.";s:7:"package";s:4:"Core";s:7:"version";s:3:"7.4";s:4:"core";s:3:"7.x";s:5:"files";a:1:{i:0;s:10:"color.test";}s:7:"project";s:6:"drupal";s:9:"datestamp";s:10:"1309397516";s:12:"dependencies";a:0:{}s:3:"php";s:5:"5.2.4";s:9:"bootstrap";i:0;}'), ('modules/comment/comment.module', 'comment', 'module', '', 'a:13:{s:4:"name";s:7:"Comment";s:11:"description";s:57:"Allows users to comment on and discuss published content.";s:7:"package";s:4:"Core";s:7:"version";s:3:"7.4";s:4:"core";s:3:"7.x";s:12:"dependencies";a:1:{i:0;s:4:"text";}s:5:"files";a:2:{i:0;s:14:"comment.module";i:1;s:12:"comment.test";}s:9:"configure";s:21:"admin/content/comment";s:11:"stylesheets";a:1:{s:3:"all";a:1:{s:11:"comment.css";s:27:"modules/comment/comment.css";}}s:7:"project";s:6:"drupal";s:9:"datestamp";s:10:"1309397516";s:3:"php";s:5:"5.2.4";s:9:"bootstrap";i:0;}'), ('modules/simpletest/tests/common_test.module', 'common_test', 'module', '', 'a:13:{s:4:"name";s:11:"Common Test";s:11:"description";s:32:"Support module for Common tests.";s:7:"package";s:7:"Testing";s:7:"version";s:3:"7.4";s:4:"core";s:3:"7.x";s:11:"stylesheets";a:2:{s:3:"all";a:1:{s:15:"common_test.css";s:40:"modules/simpletest/tests/common_test.css";}s:5:"print";a:1:{s:21:"common_test.print.css";s:46:"modules/simpletest/tests/common_test.print.css";}}s:6:"hidden";b:1;s:7:"project";s:6:"drupal";s:9:"datestamp";s:10:"1309397516";s:12:"dependencies";a:0:{}s:3:"php";s:5:"5.2.4";s:5:"files";a:0:{}s:9:"bootstrap";i:0;}'), ('modules/contact/contact.module', 'contact', 'module', '', 'a:12:{s:4:"name";s:7:"Contact";s:11:"description";s:61:"Enables the use of both personal and site-wide contact forms.";s:7:"package";s:4:"Core";s:7:"version";s:3:"7.4";s:4:"core";s:3:"7.x";s:5:"files";a:1:{i:0;s:12:"contact.test";}s:9:"configure";s:23:"admin/structure/contact";s:7:"project";s:6:"drupal";s:9:"datestamp";s:10:"1309397516";s:12:"dependencies";a:0:{}s:3:"php";s:5:"5.2.4";s:9:"bootstrap";i:0;}'), ('modules/contextual/contextual.module', 'contextual', 'module', '', 'a:11:{s:4:"name";s:16:"Contextual links";s:11:"description";s:75:"Provides contextual links to perform actions related to elements on a page.";s:7:"package";s:4:"Core";s:7:"version";s:3:"7.4";s:4:"core";s:3:"7.x";s:7:"project";s:6:"drupal";s:9:"datestamp";s:10:"1309397516";s:12:"dependencies";a:0:{}s:3:"php";s:5:"5.2.4";s:5:"files";a:0:{}s:9:"bootstrap";i:0;}'), ('modules/dashboard/dashboard.module', 'dashboard', 'module', '', 'a:12:{s:4:"name";s:9:"Dashboard";s:11:"description";s:136:"Provides a dashboard page in the administrative interface for organizing administrative tasks and tracking information within your site.";s:4:"core";s:3:"7.x";s:7:"package";s:4:"Core";s:7:"version";s:3:"7.4";s:5:"files";a:1:{i:0;s:14:"dashboard.test";}s:12:"dependencies";a:1:{i:0;s:5:"block";}s:9:"configure";s:25:"admin/dashboard/customize";s:7:"project";s:6:"drupal";s:9:"datestamp";s:10:"1309397516";s:3:"php";s:5:"5.2.4";s:9:"bootstrap";i:0;}'), ('modules/simpletest/tests/database_test.module', 'database_test', 'module', '', 'a:12:{s:4:"name";s:13:"Database Test";s:11:"description";s:40:"Support module for Database layer tests.";s:4:"core";s:3:"7.x";s:7:"package";s:7:"Testing";s:7:"version";s:3:"7.4";s:6:"hidden";b:1;s:7:"project";s:6:"drupal";s:9:"datestamp";s:10:"1309397516";s:12:"dependencies";a:0:{}s:3:"php";s:5:"5.2.4";s:5:"files";a:0:{}s:9:"bootstrap";i:0;}'), ('modules/dblog/dblog.module', 'dblog', 'module', '', 'a:11:{s:4:"name";s:16:"Database logging";s:11:"description";s:47:"Logs and records system events to the database.";s:7:"package";s:4:"Core";s:7:"version";s:3:"7.4";s:4:"core";s:3:"7.x";s:5:"files";a:1:{i:0;s:10:"dblog.test";}s:7:"project";s:6:"drupal";s:9:"datestamp";s:10:"1309397516";s:12:"dependencies";a:0:{}s:3:"php";s:5:"5.2.4";s:9:"bootstrap";i:0;}'), ('modules/simpletest/tests/drupal_system_listing_compatible_test/drupal_system_listing_compatible_test.module', 'drupal_system_listing_compatible_test', 'module', '', 'a:12:{s:4:"name";s:37:"Drupal system listing compatible test";s:11:"description";s:62:"Support module for testing the drupal_system_listing function.";s:7:"package";s:7:"Testing";s:7:"version";s:3:"7.4";s:4:"core";s:3:"7.x";s:6:"hidden";b:1;s:7:"project";s:6:"drupal";s:9:"datestamp";s:10:"1309397516";s:12:"dependencies";a:0:{}s:3:"php";s:5:"5.2.4";s:5:"files";a:0:{}s:9:"bootstrap";i:0;}'), ('modules/simpletest/tests/drupal_system_listing_incompatible_test/drupal_system_listing_incompatible_test.module', 'drupal_system_listing_incompatible_test', 'module', '', 'a:12:{s:4:"name";s:39:"Drupal system listing incompatible test";s:11:"description";s:62:"Support module for testing the drupal_system_listing function.";s:7:"package";s:7:"Testing";s:7:"version";s:3:"7.4";s:4:"core";s:3:"7.x";s:6:"hidden";b:1;s:7:"project";s:6:"drupal";s:9:"datestamp";s:10:"1309397516";s:12:"dependencies";a:0:{}s:3:"php";s:5:"5.2.4";s:5:"files";a:0:{}s:9:"bootstrap";i:0;}'), ('modules/simpletest/tests/entity_cache_test.module', 'entity_cache_test', 'module', '', 'a:12:{s:4:"name";s:17:"Entity cache test";s:11:"description";s:40:"Support module for testing entity cache.";s:7:"package";s:7:"Testing";s:7:"version";s:3:"7.4";s:4:"core";s:3:"7.x";s:12:"dependencies";a:1:{i:0;s:28:"entity_cache_test_dependency";}s:6:"hidden";b:1;s:7:"project";s:6:"drupal";s:9:"datestamp";s:10:"1309397516";s:3:"php";s:5:"5.2.4";s:5:"files";a:0:{}s:9:"bootstrap";i:0;}'), ('modules/simpletest/tests/entity_cache_test_dependency.module', 'entity_cache_test_dependency', 'module', '', 'a:12:{s:4:"name";s:28:"Entity cache test dependency";s:11:"description";s:51:"Support dependency module for testing entity cache.";s:7:"package";s:7:"Testing";s:7:"version";s:3:"7.4";s:4:"core";s:3:"7.x";s:6:"hidden";b:1;s:7:"project";s:6:"drupal";s:9:"datestamp";s:10:"1309397516";s:12:"dependencies";a:0:{}s:3:"php";s:5:"5.2.4";s:5:"files";a:0:{}s:9:"bootstrap";i:0;}'), ('modules/simpletest/tests/entity_crud_hook_test.module', 'entity_crud_hook_test', 'module', '', 'a:12:{s:4:"name";s:22:"Entity CRUD Hooks Test";s:11:"description";s:35:"Support module for CRUD hook tests.";s:4:"core";s:3:"7.x";s:7:"package";s:7:"Testing";s:7:"version";s:3:"7.4";s:6:"hidden";b:1;s:7:"project";s:6:"drupal";s:9:"datestamp";s:10:"1309397516";s:12:"dependencies";a:0:{}s:3:"php";s:5:"5.2.4";s:5:"files";a:0:{}s:9:"bootstrap";i:0;}'), ('modules/simpletest/tests/error_test.module', 'error_test', 'module', '', 'a:12:{s:4:"name";s:10:"Error test";s:11:"description";s:47:"Support module for error and exception testing.";s:7:"package";s:7:"Testing";s:7:"version";s:3:"7.4";s:4:"core";s:3:"7.x";s:6:"hidden";b:1;s:7:"project";s:6:"drupal";s:9:"datestamp";s:10:"1309397516";s:12:"dependencies";a:0:{}s:3:"php";s:5:"5.2.4";s:5:"files";a:0:{}s:9:"bootstrap";i:0;}'), ('modules/field/field.module', 'field', 'module', '', 'a:13:{s:4:"name";s:5:"Field";s:11:"description";s:57:"Field API to add fields to entities like nodes and users.";s:7:"package";s:4:"Core";s:7:"version";s:3:"7.4";s:4:"core";s:3:"7.x";s:5:"files";a:3:{i:0;s:12:"field.module";i:1;s:16:"field.attach.inc";i:2;s:16:"tests/field.test";}s:12:"dependencies";a:1:{i:0;s:17:"field_sql_storage";}s:8:"required";b:1;s:11:"stylesheets";a:1:{s:3:"all";a:1:{s:15:"theme/field.css";s:29:"modules/field/theme/field.css";}}s:7:"project";s:6:"drupal";s:9:"datestamp";s:10:"1309397516";s:3:"php";s:5:"5.2.4";s:9:"bootstrap";i:0;}'), ('modules/field/modules/field_sql_storage/field_sql_storage.module', 'field_sql_storage', 'module', '', 'a:12:{s:4:"name";s:17:"Field SQL storage";s:11:"description";s:37:"Stores field data in an SQL database.";s:7:"package";s:4:"Core";s:7:"version";s:3:"7.4";s:4:"core";s:3:"7.x";s:12:"dependencies";a:1:{i:0;s:5:"field";}s:5:"files";a:1:{i:0;s:22:"field_sql_storage.test";}s:8:"required";b:1;s:7:"project";s:6:"drupal";s:9:"datestamp";s:10:"1309397516";s:3:"php";s:5:"5.2.4";s:9:"bootstrap";i:0;}'), ('modules/field/tests/field_test.module', 'field_test', 'module', '', 'a:12:{s:4:"name";s:14:"Field API Test";s:11:"description";s:39:"Support module for the Field API tests.";s:4:"core";s:3:"7.x";s:7:"package";s:7:"Testing";s:5:"files";a:1:{i:0;s:21:"field_test.entity.inc";}s:7:"version";s:3:"7.4";s:6:"hidden";b:1;s:7:"project";s:6:"drupal";s:9:"datestamp";s:10:"1309397516";s:12:"dependencies";a:0:{}s:3:"php";s:5:"5.2.4";s:9:"bootstrap";i:0;}'), ('modules/field_ui/field_ui.module', 'field_ui', 'module', '', 'a:11:{s:4:"name";s:8:"Field UI";s:11:"description";s:33:"User interface for the Field API.";s:7:"package";s:4:"Core";s:7:"version";s:3:"7.4";s:4:"core";s:3:"7.x";s:12:"dependencies";a:1:{i:0;s:5:"field";}s:5:"files";a:1:{i:0;s:13:"field_ui.test";}s:7:"project";s:6:"drupal";s:9:"datestamp";s:10:"1309397516";s:3:"php";s:5:"5.2.4";s:9:"bootstrap";i:0;}'), ('modules/file/file.module', 'file', 'module', '', 'a:11:{s:4:"name";s:4:"File";s:11:"description";s:26:"Defines a file field type.";s:7:"package";s:4:"Core";s:7:"version";s:3:"7.4";s:4:"core";s:3:"7.x";s:12:"dependencies";a:1:{i:0;s:5:"field";}s:5:"files";a:1:{i:0;s:15:"tests/file.test";}s:7:"project";s:6:"drupal";s:9:"datestamp";s:10:"1309397516";s:3:"php";s:5:"5.2.4";s:9:"bootstrap";i:0;}'), ('modules/file/tests/file_module_test.module', 'file_module_test', 'module', '', 'a:12:{s:4:"name";s:9:"File test";s:11:"description";s:53:"Provides hooks for testing File module functionality.";s:7:"package";s:4:"Core";s:7:"version";s:3:"7.4";s:4:"core";s:3:"7.x";s:6:"hidden";b:1;s:7:"project";s:6:"drupal";s:9:"datestamp";s:10:"1309397516";s:12:"dependencies";a:0:{}s:3:"php";s:5:"5.2.4";s:5:"files";a:0:{}s:9:"bootstrap";i:0;}'), ('modules/simpletest/tests/file_test.module', 'file_test', 'module', '', 'a:12:{s:4:"name";s:9:"File test";s:11:"description";s:39:"Support module for file handling tests.";s:7:"package";s:7:"Testing";s:7:"version";s:3:"7.4";s:4:"core";s:3:"7.x";s:5:"files";a:1:{i:0;s:16:"file_test.module";}s:6:"hidden";b:1;s:7:"project";s:6:"drupal";s:9:"datestamp";s:10:"1309397516";s:12:"dependencies";a:0:{}s:3:"php";s:5:"5.2.4";s:9:"bootstrap";i:0;}'), ('modules/filter/filter.module', 'filter', 'module', '', 'a:13:{s:4:"name";s:6:"Filter";s:11:"description";s:43:"Filters content in preparation for display.";s:7:"package";s:4:"Core";s:7:"version";s:3:"7.4";s:4:"core";s:3:"7.x";s:5:"files";a:1:{i:0;s:11:"filter.test";}s:8:"required";b:1;s:9:"configure";s:28:"admin/config/content/formats";s:7:"project";s:6:"drupal";s:9:"datestamp";s:10:"1309397516";s:12:"dependencies";a:0:{}s:3:"php";s:5:"5.2.4";s:9:"bootstrap";i:0;}'), ('modules/simpletest/tests/filter_test.module', 'filter_test', 'module', '', 'a:12:{s:4:"name";s:18:"Filter test module";s:11:"description";s:33:"Tests filter hooks and functions.";s:7:"package";s:7:"Testing";s:7:"version";s:3:"7.4";s:4:"core";s:3:"7.x";s:6:"hidden";b:1;s:7:"project";s:6:"drupal";s:9:"datestamp";s:10:"1309397516";s:12:"dependencies";a:0:{}s:3:"php";s:5:"5.2.4";s:5:"files";a:0:{}s:9:"bootstrap";i:0;}'), ('modules/simpletest/tests/form_test.module', 'form_test', 'module', '', 'a:12:{s:4:"name";s:12:"FormAPI Test";s:11:"description";s:34:"Support module for Form API tests.";s:7:"package";s:7:"Testing";s:7:"version";s:3:"7.4";s:4:"core";s:3:"7.x";s:6:"hidden";b:1;s:7:"project";s:6:"drupal";s:9:"datestamp";s:10:"1309397516";s:12:"dependencies";a:0:{}s:3:"php";s:5:"5.2.4";s:5:"files";a:0:{}s:9:"bootstrap";i:0;}'), ('modules/forum/forum.module', 'forum', 'module', '', 'a:13:{s:4:"name";s:5:"Forum";s:11:"description";s:27:"Provides discussion forums.";s:12:"dependencies";a:2:{i:0;s:8:"taxonomy";i:1;s:7:"comment";}s:7:"package";s:4:"Core";s:7:"version";s:3:"7.4";s:4:"core";s:3:"7.x";s:5:"files";a:1:{i:0;s:10:"forum.test";}s:9:"configure";s:21:"admin/structure/forum";s:11:"stylesheets";a:1:{s:3:"all";a:1:{s:9:"forum.css";s:23:"modules/forum/forum.css";}}s:7:"project";s:6:"drupal";s:9:"datestamp";s:10:"1309397516";s:3:"php";s:5:"5.2.4";s:9:"bootstrap";i:0;}'), ('modules/help/help.module', 'help', 'module', '', 'a:11:{s:4:"name";s:4:"Help";s:11:"description";s:35:"Manages the display of online help.";s:7:"package";s:4:"Core";s:7:"version";s:3:"7.4";s:4:"core";s:3:"7.x";s:5:"files";a:1:{i:0;s:9:"help.test";}s:7:"project";s:6:"drupal";s:9:"datestamp";s:10:"1309397516";s:12:"dependencies";a:0:{}s:3:"php";s:5:"5.2.4";s:9:"bootstrap";i:0;}'), ('modules/image/image.module', 'image', 'module', '', 'a:12:{s:4:"name";s:5:"Image";s:11:"description";s:34:"Provides image manipulation tools.";s:7:"package";s:4:"Core";s:7:"version";s:3:"7.4";s:4:"core";s:3:"7.x";s:12:"dependencies";a:1:{i:0;s:4:"file";}s:5:"files";a:1:{i:0;s:10:"image.test";}s:9:"configure";s:31:"admin/config/media/image-styles";s:7:"project";s:6:"drupal";s:9:"datestamp";s:10:"1309397516";s:3:"php";s:5:"5.2.4";s:9:"bootstrap";i:0;}'), ('modules/image/tests/image_module_test.module', 'image_module_test', 'module', '', 'a:12:{s:4:"name";s:10:"Image test";s:11:"description";s:69:"Provides hook implementations for testing Image module functionality.";s:7:"package";s:4:"Core";s:7:"version";s:3:"7.4";s:4:"core";s:3:"7.x";s:5:"files";a:1:{i:0;s:24:"image_module_test.module";}s:6:"hidden";b:1;s:7:"project";s:6:"drupal";s:9:"datestamp";s:10:"1309397516";s:12:"dependencies";a:0:{}s:3:"php";s:5:"5.2.4";s:9:"bootstrap";i:0;}'), ('modules/simpletest/tests/image_test.module', 'image_test', 'module', '', 'a:12:{s:4:"name";s:10:"Image test";s:11:"description";s:39:"Support module for image toolkit tests.";s:7:"package";s:7:"Testing";s:7:"version";s:3:"7.4";s:4:"core";s:3:"7.x";s:6:"hidden";b:1;s:7:"project";s:6:"drupal";s:9:"datestamp";s:10:"1309397516";s:12:"dependencies";a:0:{}s:3:"php";s:5:"5.2.4";s:5:"files";a:0:{}s:9:"bootstrap";i:0;}'), ('modules/field/modules/list/list.module', 'list', 'module', '', 'a:11:{s:4:"name";s:4:"List";s:11:"description";s:69:"Defines list field types. Use with Options to create selection lists.";s:7:"package";s:4:"Core";s:7:"version";s:3:"7.4";s:4:"core";s:3:"7.x";s:12:"dependencies";a:2:{i:0;s:5:"field";i:1;s:7:"options";}s:5:"files";a:1:{i:0;s:15:"tests/list.test";}s:7:"project";s:6:"drupal";s:9:"datestamp";s:10:"1309397516";s:3:"php";s:5:"5.2.4";s:9:"bootstrap";i:0;}'), ('modules/field/modules/list/tests/list_test.module', 'list_test', 'module', '', 'a:12:{s:4:"name";s:9:"List test";s:11:"description";s:41:"Support module for the List module tests.";s:4:"core";s:3:"7.x";s:7:"package";s:7:"Testing";s:7:"version";s:3:"7.4";s:6:"hidden";b:1;s:7:"project";s:6:"drupal";s:9:"datestamp";s:10:"1309397516";s:12:"dependencies";a:0:{}s:3:"php";s:5:"5.2.4";s:5:"files";a:0:{}s:9:"bootstrap";i:0;}'), ('modules/locale/locale.module', 'locale', 'module', '', 'a:12:{s:4:"name";s:6:"Locale";s:11:"description";s:119:"Adds language handling functionality and enables the translation of the user interface to languages other than English.";s:7:"package";s:4:"Core";s:7:"version";s:3:"7.4";s:4:"core";s:3:"7.x";s:5:"files";a:1:{i:0;s:11:"locale.test";}s:9:"configure";s:30:"admin/config/regional/language";s:7:"project";s:6:"drupal";s:9:"datestamp";s:10:"1309397516";s:12:"dependencies";a:0:{}s:3:"php";s:5:"5.2.4";s:9:"bootstrap";i:0;}'), ('modules/locale/tests/locale_test.module', 'locale_test', 'module', '', 'a:12:{s:4:"name";s:11:"Locale Test";s:11:"description";s:42:"Support module for the locale layer tests.";s:4:"core";s:3:"7.x";s:7:"package";s:7:"Testing";s:7:"version";s:3:"7.4";s:6:"hidden";b:1;s:7:"project";s:6:"drupal";s:9:"datestamp";s:10:"1309397516";s:12:"dependencies";a:0:{}s:3:"php";s:5:"5.2.4";s:5:"files";a:0:{}s:9:"bootstrap";i:0;}'), ('modules/menu/menu.module', 'menu', 'module', '', 'a:12:{s:4:"name";s:4:"Menu";s:11:"description";s:60:"Allows administrators to customize the site navigation menu.";s:7:"package";s:4:"Core";s:7:"version";s:3:"7.4";s:4:"core";s:3:"7.x";s:5:"files";a:1:{i:0;s:9:"menu.test";}s:9:"configure";s:20:"admin/structure/menu";s:7:"project";s:6:"drupal";s:9:"datestamp";s:10:"1309397516";s:12:"dependencies";a:0:{}s:3:"php";s:5:"5.2.4";s:9:"bootstrap";i:0;}'), ('modules/simpletest/tests/menu_test.module', 'menu_test', 'module', '', 'a:12:{s:4:"name";s:15:"Hook menu tests";s:11:"description";s:37:"Support module for menu hook testing.";s:7:"package";s:7:"Testing";s:7:"version";s:3:"7.4";s:4:"core";s:3:"7.x";s:6:"hidden";b:1;s:7:"project";s:6:"drupal";s:9:"datestamp";s:10:"1309397516";s:12:"dependencies";a:0:{}s:3:"php";s:5:"5.2.4";s:5:"files";a:0:{}s:9:"bootstrap";i:0;}'), ('profiles/minimal/minimal.profile', 'minimal', 'module', '', 'a:14:{s:4:"name";s:7:"Minimal";s:11:"description";s:38:"Start with only a few modules enabled.";s:7:"version";s:3:"7.4";s:4:"core";s:3:"7.x";s:12:"dependencies";a:2:{i:0;s:5:"block";i:1;s:5:"dblog";}s:5:"files";a:1:{i:0;s:15:"minimal.profile";}s:7:"project";s:6:"drupal";s:9:"datestamp";s:10:"1309397516";s:7:"package";s:5:"Other";s:3:"php";s:5:"5.2.4";s:9:"bootstrap";i:0;s:6:"hidden";b:1;s:8:"required";b:1;s:17:"distribution_name";s:6:"Drupal";}'), ('modules/simpletest/tests/module_test.module', 'module_test', 'module', '', 'a:12:{s:4:"name";s:11:"Module test";s:11:"description";s:41:"Support module for module system testing.";s:7:"package";s:7:"Testing";s:7:"version";s:3:"7.4";s:4:"core";s:3:"7.x";s:6:"hidden";b:1;s:7:"project";s:6:"drupal";s:9:"datestamp";s:10:"1309397516";s:12:"dependencies";a:0:{}s:3:"php";s:5:"5.2.4";s:5:"files";a:0:{}s:9:"bootstrap";i:0;}'), ('modules/node/node.module', 'node', 'module', '', 'a:14:{s:4:"name";s:4:"Node";s:11:"description";s:66:"Allows content to be submitted to the site and displayed on pages.";s:7:"package";s:4:"Core";s:7:"version";s:3:"7.4";s:4:"core";s:3:"7.x";s:5:"files";a:2:{i:0;s:11:"node.module";i:1;s:9:"node.test";}s:8:"required";b:1;s:9:"configure";s:21:"admin/structure/types";s:11:"stylesheets";a:1:{s:3:"all";a:1:{s:8:"node.css";s:21:"modules/node/node.css";}}s:7:"project";s:6:"drupal";s:9:"datestamp";s:10:"1309397516";s:12:"dependencies";a:0:{}s:3:"php";s:5:"5.2.4";s:9:"bootstrap";i:0;}'), ('modules/node/tests/node_access_test.module', 'node_access_test', 'module', '', 'a:12:{s:4:"name";s:24:"Node module access tests";s:11:"description";s:43:"Support module for node permission testing.";s:7:"package";s:7:"Testing";s:7:"version";s:3:"7.4";s:4:"core";s:3:"7.x";s:6:"hidden";b:1;s:7:"project";s:6:"drupal";s:9:"datestamp";s:10:"1309397516";s:12:"dependencies";a:0:{}s:3:"php";s:5:"5.2.4";s:5:"files";a:0:{}s:9:"bootstrap";i:0;}'), ('modules/node/tests/node_test.module', 'node_test', 'module', '', 'a:12:{s:4:"name";s:17:"Node module tests";s:11:"description";s:40:"Support module for node related testing.";s:7:"package";s:7:"Testing";s:7:"version";s:3:"7.4";s:4:"core";s:3:"7.x";s:6:"hidden";b:1;s:7:"project";s:6:"drupal";s:9:"datestamp";s:10:"1309397516";s:12:"dependencies";a:0:{}s:3:"php";s:5:"5.2.4";s:5:"files";a:0:{}s:9:"bootstrap";i:0;}'), ('modules/node/tests/node_test_exception.module', 'node_test_exception', 'module', '', 'a:12:{s:4:"name";s:27:"Node module exception tests";s:11:"description";s:50:"Support module for node related exception testing.";s:7:"package";s:7:"Testing";s:7:"version";s:3:"7.4";s:4:"core";s:3:"7.x";s:6:"hidden";b:1;s:7:"project";s:6:"drupal";s:9:"datestamp";s:10:"1309397516";s:12:"dependencies";a:0:{}s:3:"php";s:5:"5.2.4";s:5:"files";a:0:{}s:9:"bootstrap";i:0;}'), ('modules/field/modules/number/number.module', 'number', 'module', '', 'a:11:{s:4:"name";s:6:"Number";s:11:"description";s:28:"Defines numeric field types.";s:7:"package";s:4:"Core";s:7:"version";s:3:"7.4";s:4:"core";s:3:"7.x";s:12:"dependencies";a:1:{i:0;s:5:"field";}s:5:"files";a:1:{i:0;s:11:"number.test";}s:7:"project";s:6:"drupal";s:9:"datestamp";s:10:"1309397516";s:3:"php";s:5:"5.2.4";s:9:"bootstrap";i:0;}'), ('modules/openid/openid.module', 'openid', 'module', '', 'a:11:{s:4:"name";s:6:"OpenID";s:11:"description";s:48:"Allows users to log into your site using OpenID.";s:7:"version";s:3:"7.4";s:7:"package";s:4:"Core";s:4:"core";s:3:"7.x";s:5:"files";a:1:{i:0;s:11:"openid.test";}s:7:"project";s:6:"drupal";s:9:"datestamp";s:10:"1309397516";s:12:"dependencies";a:0:{}s:3:"php";s:5:"5.2.4";s:9:"bootstrap";i:0;}'), ('modules/openid/tests/openid_test.module', 'openid_test', 'module', '', 'a:12:{s:4:"name";s:21:"OpenID dummy provider";s:11:"description";s:33:"OpenID provider used for testing.";s:7:"package";s:7:"Testing";s:7:"version";s:3:"7.4";s:4:"core";s:3:"7.x";s:12:"dependencies";a:1:{i:0;s:6:"openid";}s:6:"hidden";b:1;s:7:"project";s:6:"drupal";s:9:"datestamp";s:10:"1309397516";s:3:"php";s:5:"5.2.4";s:5:"files";a:0:{}s:9:"bootstrap";i:0;}'), ('modules/field/modules/options/options.module', 'options', 'module', '', 'a:11:{s:4:"name";s:7:"Options";s:11:"description";s:82:"Defines selection, check box and radio button widgets for text and numeric fields.";s:7:"package";s:4:"Core";s:7:"version";s:3:"7.4";s:4:"core";s:3:"7.x";s:12:"dependencies";a:1:{i:0;s:5:"field";}s:5:"files";a:1:{i:0;s:12:"options.test";}s:7:"project";s:6:"drupal";s:9:"datestamp";s:10:"1309397516";s:3:"php";s:5:"5.2.4";s:9:"bootstrap";i:0;}'), ('modules/overlay/overlay.module', 'overlay', 'module', '', 'a:11:{s:4:"name";s:7:"Overlay";s:11:"description";s:59:"Displays the Drupal administration interface in an overlay.";s:7:"package";s:4:"Core";s:7:"version";s:3:"7.4";s:4:"core";s:3:"7.x";s:7:"project";s:6:"drupal";s:9:"datestamp";s:10:"1309397516";s:12:"dependencies";a:0:{}s:3:"php";s:5:"5.2.4";s:5:"files";a:0:{}s:9:"bootstrap";i:0;}'), ('modules/path/path.module', 'path', 'module', '', 'a:12:{s:4:"name";s:4:"Path";s:11:"description";s:28:"Allows users to rename URLs.";s:7:"package";s:4:"Core";s:7:"version";s:3:"7.4";s:4:"core";s:3:"7.x";s:5:"files";a:1:{i:0;s:9:"path.test";}s:9:"configure";s:24:"admin/config/search/path";s:7:"project";s:6:"drupal";s:9:"datestamp";s:10:"1309397516";s:12:"dependencies";a:0:{}s:3:"php";s:5:"5.2.4";s:9:"bootstrap";i:0;}'), ('modules/php/php.module', 'php', 'module', '', 'a:11:{s:4:"name";s:10:"PHP filter";s:11:"description";s:50:"Allows embedded PHP code/snippets to be evaluated.";s:7:"package";s:4:"Core";s:7:"version";s:3:"7.4";s:4:"core";s:3:"7.x";s:5:"files";a:1:{i:0;s:8:"php.test";}s:7:"project";s:6:"drupal";s:9:"datestamp";s:10:"1309397516";s:12:"dependencies";a:0:{}s:3:"php";s:5:"5.2.4";s:9:"bootstrap";i:0;}'), ('modules/poll/poll.module', 'poll', 'module', '', 'a:12:{s:4:"name";s:4:"Poll";s:11:"description";s:95:"Allows your site to capture votes on different topics in the form of multiple choice questions.";s:7:"package";s:4:"Core";s:7:"version";s:3:"7.4";s:4:"core";s:3:"7.x";s:5:"files";a:1:{i:0;s:9:"poll.test";}s:11:"stylesheets";a:1:{s:3:"all";a:1:{s:8:"poll.css";s:21:"modules/poll/poll.css";}}s:7:"project";s:6:"drupal";s:9:"datestamp";s:10:"1309397516";s:12:"dependencies";a:0:{}s:3:"php";s:5:"5.2.4";s:9:"bootstrap";i:0;}'), ('modules/profile/profile.module', 'profile', 'module', '', 'a:13:{s:4:"name";s:7:"Profile";s:11:"description";s:36:"Supports configurable user profiles.";s:7:"package";s:4:"Core";s:7:"version";s:3:"7.4";s:4:"core";s:3:"7.x";s:5:"files";a:1:{i:0;s:12:"profile.test";}s:9:"configure";s:27:"admin/config/people/profile";s:6:"hidden";b:1;s:7:"project";s:6:"drupal";s:9:"datestamp";s:10:"1309397516";s:12:"dependencies";a:0:{}s:3:"php";s:5:"5.2.4";s:9:"bootstrap";i:0;}'), ('modules/rdf/rdf.module', 'rdf', 'module', '', 'a:11:{s:4:"name";s:3:"RDF";s:11:"description";s:148:"Enriches your content with metadata to let other applications (e.g. search engines, aggregators) better understand its relationships and attributes.";s:7:"package";s:4:"Core";s:7:"version";s:3:"7.4";s:4:"core";s:3:"7.x";s:5:"files";a:1:{i:0;s:8:"rdf.test";}s:7:"project";s:6:"drupal";s:9:"datestamp";s:10:"1309397516";s:12:"dependencies";a:0:{}s:3:"php";s:5:"5.2.4";s:9:"bootstrap";i:0;}'), ('modules/rdf/tests/rdf_test.module', 'rdf_test', 'module', '', 'a:12:{s:4:"name";s:16:"RDF module tests";s:11:"description";s:38:"Support module for RDF module testing.";s:7:"package";s:7:"Testing";s:7:"version";s:3:"7.4";s:4:"core";s:3:"7.x";s:6:"hidden";b:1;s:7:"project";s:6:"drupal";s:9:"datestamp";s:10:"1309397516";s:12:"dependencies";a:0:{}s:3:"php";s:5:"5.2.4";s:5:"files";a:0:{}s:9:"bootstrap";i:0;}'), ('modules/simpletest/tests/requirements1_test.module', 'requirements1_test', 'module', '', 'a:12:{s:4:"name";s:19:"Requirements 1 Test";s:11:"description";s:80:"Tests that a module is not installed when it fails hook_requirements(''install'').";s:7:"package";s:7:"Testing";s:7:"version";s:3:"7.4";s:4:"core";s:3:"7.x";s:6:"hidden";b:1;s:7:"project";s:6:"drupal";s:9:"datestamp";s:10:"1309397516";s:12:"dependencies";a:0:{}s:3:"php";s:5:"5.2.4";s:5:"files";a:0:{}s:9:"bootstrap";i:0;}'), ('modules/simpletest/tests/requirements2_test.module', 'requirements2_test', 'module', '', 'a:12:{s:4:"name";s:19:"Requirements 2 Test";s:11:"description";s:98:"Tests that a module is not installed when the one it depends on fails hook_requirements(''install).";s:12:"dependencies";a:2:{i:0;s:18:"requirements1_test";i:1;s:7:"comment";}s:7:"package";s:7:"Testing";s:7:"version";s:3:"7.4";s:4:"core";s:3:"7.x";s:6:"hidden";b:1;s:7:"project";s:6:"drupal";s:9:"datestamp";s:10:"1309397516";s:3:"php";s:5:"5.2.4";s:5:"files";a:0:{}s:9:"bootstrap";i:0;}'), ('modules/search/search.module', 'search', 'module', '', 'a:13:{s:4:"name";s:6:"Search";s:11:"description";s:36:"Enables site-wide keyword searching.";s:7:"package";s:4:"Core";s:7:"version";s:3:"7.4";s:4:"core";s:3:"7.x";s:5:"files";a:2:{i:0;s:19:"search.extender.inc";i:1;s:11:"search.test";}s:9:"configure";s:28:"admin/config/search/settings";s:11:"stylesheets";a:1:{s:3:"all";a:1:{s:10:"search.css";s:25:"modules/search/search.css";}}s:7:"project";s:6:"drupal";s:9:"datestamp";s:10:"1309397516";s:12:"dependencies";a:0:{}s:3:"php";s:5:"5.2.4";s:9:"bootstrap";i:0;}'), ('modules/search/tests/search_embedded_form.module', 'search_embedded_form', 'module', '', 'a:12:{s:4:"name";s:20:"Search embedded form";s:11:"description";s:59:"Support module for search module testing of embedded forms.";s:7:"package";s:7:"Testing";s:7:"version";s:3:"7.4";s:4:"core";s:3:"7.x";s:6:"hidden";b:1;s:7:"project";s:6:"drupal";s:9:"datestamp";s:10:"1309397516";s:12:"dependencies";a:0:{}s:3:"php";s:5:"5.2.4";s:5:"files";a:0:{}s:9:"bootstrap";i:0;}'), ('modules/search/tests/search_extra_type.module', 'search_extra_type', 'module', '', 'a:12:{s:4:"name";s:16:"Test search type";s:11:"description";s:41:"Support module for search module testing.";s:7:"package";s:7:"Testing";s:7:"version";s:3:"7.4";s:4:"core";s:3:"7.x";s:6:"hidden";b:1;s:7:"project";s:6:"drupal";s:9:"datestamp";s:10:"1309397516";s:12:"dependencies";a:0:{}s:3:"php";s:5:"5.2.4";s:5:"files";a:0:{}s:9:"bootstrap";i:0;}'), ('modules/simpletest/tests/session_test.module', 'session_test', 'module', '', 'a:12:{s:4:"name";s:12:"Session test";s:11:"description";s:40:"Support module for session data testing.";s:7:"package";s:7:"Testing";s:7:"version";s:3:"7.4";s:4:"core";s:3:"7.x";s:6:"hidden";b:1;s:7:"project";s:6:"drupal";s:9:"datestamp";s:10:"1309397516";s:12:"dependencies";a:0:{}s:3:"php";s:5:"5.2.4";s:5:"files";a:0:{}s:9:"bootstrap";i:0;}'), ('modules/shortcut/shortcut.module', 'shortcut', 'module', '', 'a:12:{s:4:"name";s:8:"Shortcut";s:11:"description";s:60:"Allows users to manage customizable lists of shortcut links.";s:7:"package";s:4:"Core";s:7:"version";s:3:"7.4";s:4:"core";s:3:"7.x";s:5:"files";a:1:{i:0;s:13:"shortcut.test";}s:9:"configure";s:36:"admin/config/user-interface/shortcut";s:7:"project";s:6:"drupal";s:9:"datestamp";s:10:"1309397516";s:12:"dependencies";a:0:{}s:3:"php";s:5:"5.2.4";s:9:"bootstrap";i:0;}'), ('modules/simpletest/simpletest.module', 'simpletest', 'module', '', 'a:12:{s:4:"name";s:7:"Testing";s:11:"description";s:53:"Provides a framework for unit and functional testing.";s:7:"package";s:4:"Core";s:7:"version";s:3:"7.4";s:4:"core";s:3:"7.x";s:5:"files";a:41:{i:0;s:15:"simpletest.test";i:1;s:24:"drupal_web_test_case.php";i:2;s:18:"tests/actions.test";i:3;s:15:"tests/ajax.test";i:4;s:16:"tests/batch.test";i:5;s:20:"tests/bootstrap.test";i:6;s:16:"tests/cache.test";i:7;s:17:"tests/common.test";i:8;s:24:"tests/database_test.test";i:9;s:32:"tests/entity_crud_hook_test.test";i:10;s:23:"tests/entity_query.test";i:11;s:16:"tests/error.test";i:12;s:15:"tests/file.test";i:13;s:23:"tests/filetransfer.test";i:14;s:15:"tests/form.test";i:15;s:16:"tests/graph.test";i:16;s:16:"tests/image.test";i:17;s:15:"tests/lock.test";i:18;s:15:"tests/mail.test";i:19;s:15:"tests/menu.test";i:20;s:17:"tests/module.test";i:21;s:19:"tests/password.test";i:22;s:15:"tests/path.test";i:23;s:19:"tests/registry.test";i:24;s:17:"tests/schema.test";i:25;s:18:"tests/session.test";i:26;s:20:"tests/tablesort.test";i:27;s:16:"tests/theme.test";i:28;s:18:"tests/unicode.test";i:29;s:17:"tests/update.test";i:30;s:17:"tests/xmlrpc.test";i:31;s:26:"tests/upgrade/upgrade.test";i:32;s:34:"tests/upgrade/upgrade.comment.test";i:33;s:33:"tests/upgrade/upgrade.filter.test";i:34;s:32:"tests/upgrade/upgrade.forum.test";i:35;s:33:"tests/upgrade/upgrade.locale.test";i:36;s:31:"tests/upgrade/upgrade.menu.test";i:37;s:31:"tests/upgrade/upgrade.node.test";i:38;s:35:"tests/upgrade/upgrade.taxonomy.test";i:39;s:33:"tests/upgrade/upgrade.upload.test";i:40;s:31:"tests/upgrade/upgrade.user.test";}s:9:"configure";s:41:"admin/config/development/testing/settings";s:7:"project";s:6:"drupal";s:9:"datestamp";s:10:"1309397516";s:12:"dependencies";a:0:{}s:3:"php";s:5:"5.2.4";s:9:"bootstrap";i:0;}'), ('modules/statistics/statistics.module', 'statistics', 'module', '', 'a:12:{s:4:"name";s:10:"Statistics";s:11:"description";s:37:"Logs access statistics for your site.";s:7:"package";s:4:"Core";s:7:"version";s:3:"7.4";s:4:"core";s:3:"7.x";s:5:"files";a:1:{i:0;s:15:"statistics.test";}s:9:"configure";s:30:"admin/config/system/statistics";s:7:"project";s:6:"drupal";s:9:"datestamp";s:10:"1309397516";s:12:"dependencies";a:0:{}s:3:"php";s:5:"5.2.4";s:9:"bootstrap";i:0;}'), ('modules/syslog/syslog.module', 'syslog', 'module', '', 'a:11:{s:4:"name";s:6:"Syslog";s:11:"description";s:41:"Logs and records system events to syslog.";s:7:"package";s:4:"Core";s:7:"version";s:3:"7.4";s:4:"core";s:3:"7.x";s:5:"files";a:1:{i:0;s:11:"syslog.test";}s:7:"project";s:6:"drupal";s:9:"datestamp";s:10:"1309397516";s:12:"dependencies";a:0:{}s:3:"php";s:5:"5.2.4";s:9:"bootstrap";i:0;}'), ('modules/simpletest/tests/system_dependencies_test.module', 'system_dependencies_test', 'module', '', 'a:12:{s:4:"name";s:22:"System dependency test";s:11:"description";s:47:"Support module for testing system dependencies.";s:7:"package";s:7:"Testing";s:7:"version";s:3:"7.4";s:4:"core";s:3:"7.x";s:6:"hidden";b:1;s:12:"dependencies";a:1:{i:0;s:19:"_missing_dependency";}s:7:"project";s:6:"drupal";s:9:"datestamp";s:10:"1309397516";s:3:"php";s:5:"5.2.4";s:5:"files";a:0:{}s:9:"bootstrap";i:0;}'), ('modules/simpletest/tests/system_test.module', 'system_test', 'module', '', 'a:12:{s:4:"name";s:11:"System test";s:11:"description";s:34:"Support module for system testing.";s:7:"package";s:7:"Testing";s:7:"version";s:3:"7.4";s:4:"core";s:3:"7.x";s:5:"files";a:1:{i:0;s:18:"system_test.module";}s:6:"hidden";b:1;s:7:"project";s:6:"drupal";s:9:"datestamp";s:10:"1309397516";s:12:"dependencies";a:0:{}s:3:"php";s:5:"5.2.4";s:9:"bootstrap";i:0;}'), ('modules/taxonomy/taxonomy.module', 'taxonomy', 'module', '', 'a:12:{s:4:"name";s:8:"Taxonomy";s:11:"description";s:38:"Enables the categorization of content.";s:7:"package";s:4:"Core";s:7:"version";s:3:"7.4";s:4:"core";s:3:"7.x";s:12:"dependencies";a:1:{i:0;s:7:"options";}s:5:"files";a:2:{i:0;s:15:"taxonomy.module";i:1;s:13:"taxonomy.test";}s:9:"configure";s:24:"admin/structure/taxonomy";s:7:"project";s:6:"drupal";s:9:"datestamp";s:10:"1309397516";s:3:"php";s:5:"5.2.4";s:9:"bootstrap";i:0;}'), ('modules/simpletest/tests/taxonomy_test.module', 'taxonomy_test', 'module', '', 'a:12:{s:4:"name";s:20:"Taxonomy test module";s:11:"description";s:45:""Tests functions and hooks not used in core".";s:7:"package";s:7:"Testing";s:7:"version";s:3:"7.4";s:4:"core";s:3:"7.x";s:6:"hidden";b:1;s:12:"dependencies";a:1:{i:0;s:8:"taxonomy";}s:7:"project";s:6:"drupal";s:9:"datestamp";s:10:"1309397516";s:3:"php";s:5:"5.2.4";s:5:"files";a:0:{}s:9:"bootstrap";i:0;}'), ('modules/field/modules/text/text.module', 'text', 'module', '', 'a:12:{s:4:"name";s:4:"Text";s:11:"description";s:32:"Defines simple text field types.";s:7:"package";s:4:"Core";s:7:"version";s:3:"7.4";s:4:"core";s:3:"7.x";s:12:"dependencies";a:1:{i:0;s:5:"field";}s:5:"files";a:1:{i:0;s:9:"text.test";}s:8:"required";b:1;s:7:"project";s:6:"drupal";s:9:"datestamp";s:10:"1309397516";s:3:"php";s:5:"5.2.4";s:9:"bootstrap";i:0;}'), ('modules/simpletest/tests/theme_test.module', 'theme_test', 'module', '', 'a:12:{s:4:"name";s:10:"Theme test";s:11:"description";s:40:"Support module for theme system testing.";s:7:"package";s:7:"Testing";s:7:"version";s:3:"7.4";s:4:"core";s:3:"7.x";s:6:"hidden";b:1;s:7:"project";s:6:"drupal";s:9:"datestamp";s:10:"1309397516";s:12:"dependencies";a:0:{}s:3:"php";s:5:"5.2.4";s:5:"files";a:0:{}s:9:"bootstrap";i:0;}'), ('modules/toolbar/toolbar.module', 'toolbar', 'module', '', 'a:11:{s:4:"name";s:7:"Toolbar";s:11:"description";s:99:"Provides a toolbar that shows the top-level administration menu items and links from other modules.";s:4:"core";s:3:"7.x";s:7:"package";s:4:"Core";s:7:"version";s:3:"7.4";s:7:"project";s:6:"drupal";s:9:"datestamp";s:10:"1309397516";s:12:"dependencies";a:0:{}s:3:"php";s:5:"5.2.4";s:5:"files";a:0:{}s:9:"bootstrap";i:0;}'), ('modules/tracker/tracker.module', 'tracker', 'module', '', 'a:11:{s:4:"name";s:7:"Tracker";s:11:"description";s:45:"Enables tracking of recent content for users.";s:12:"dependencies";a:1:{i:0;s:7:"comment";}s:7:"package";s:4:"Core";s:7:"version";s:3:"7.4";s:4:"core";s:3:"7.x";s:5:"files";a:1:{i:0;s:12:"tracker.test";}s:7:"project";s:6:"drupal";s:9:"datestamp";s:10:"1309397516";s:3:"php";s:5:"5.2.4";s:9:"bootstrap";i:0;}'), ('modules/translation/translation.module', 'translation', 'module', '', 'a:11:{s:4:"name";s:19:"Content translation";s:11:"description";s:57:"Allows content to be translated into different languages.";s:12:"dependencies";a:1:{i:0;s:6:"locale";}s:7:"package";s:4:"Core";s:7:"version";s:3:"7.4";s:4:"core";s:3:"7.x";s:5:"files";a:1:{i:0;s:16:"translation.test";}s:7:"project";s:6:"drupal";s:9:"datestamp";s:10:"1309397516";s:3:"php";s:5:"5.2.4";s:9:"bootstrap";i:0;}'), ('modules/translation/tests/translation_test.module', 'translation_test', 'module', '', 'a:12:{s:4:"name";s:24:"Content Translation Test";s:11:"description";s:49:"Support module for the content translation tests.";s:4:"core";s:3:"7.x";s:7:"package";s:7:"Testing";s:7:"version";s:3:"7.4";s:6:"hidden";b:1;s:7:"project";s:6:"drupal";s:9:"datestamp";s:10:"1309397516";s:12:"dependencies";a:0:{}s:3:"php";s:5:"5.2.4";s:5:"files";a:0:{}s:9:"bootstrap";i:0;}'), ('modules/trigger/trigger.module', 'trigger', 'module', '', 'a:12:{s:4:"name";s:7:"Trigger";s:11:"description";s:90:"Enables actions to be fired on certain system events, such as when new content is created.";s:7:"package";s:4:"Core";s:7:"version";s:3:"7.4";s:4:"core";s:3:"7.x";s:5:"files";a:1:{i:0;s:12:"trigger.test";}s:9:"configure";s:23:"admin/structure/trigger";s:7:"project";s:6:"drupal";s:9:"datestamp";s:10:"1309397516";s:12:"dependencies";a:0:{}s:3:"php";s:5:"5.2.4";s:9:"bootstrap";i:0;}'), ('modules/trigger/tests/trigger_test.module', 'trigger_test', 'module', '', 'a:12:{s:4:"name";s:12:"Trigger Test";s:11:"description";s:33:"Support module for Trigger tests.";s:7:"package";s:7:"Testing";s:4:"core";s:3:"7.x";s:6:"hidden";b:1;s:7:"version";s:3:"7.4";s:7:"project";s:6:"drupal";s:9:"datestamp";s:10:"1309397516";s:12:"dependencies";a:0:{}s:3:"php";s:5:"5.2.4";s:5:"files";a:0:{}s:9:"bootstrap";i:0;}'), ('modules/update/update.module', 'update', 'module', '', 'a:12:{s:4:"name";s:14:"Update manager";s:11:"description";s:104:"Checks for available updates, and can securely install or update modules and themes via a web interface.";s:7:"version";s:3:"7.4";s:7:"package";s:4:"Core";s:4:"core";s:3:"7.x";s:5:"files";a:1:{i:0;s:11:"update.test";}s:9:"configure";s:30:"admin/reports/updates/settings";s:7:"project";s:6:"drupal";s:9:"datestamp";s:10:"1309397516";s:12:"dependencies";a:0:{}s:3:"php";s:5:"5.2.4";s:9:"bootstrap";i:0;}'), ('modules/update/tests/update_test.module', 'update_test', 'module', '', 'a:12:{s:4:"name";s:11:"Update test";s:11:"description";s:41:"Support module for update module testing.";s:7:"package";s:7:"Testing";s:7:"version";s:3:"7.4";s:4:"core";s:3:"7.x";s:6:"hidden";b:1;s:7:"project";s:6:"drupal";s:9:"datestamp";s:10:"1309397516";s:12:"dependencies";a:0:{}s:3:"php";s:5:"5.2.4";s:5:"files";a:0:{}s:9:"bootstrap";i:0;}'), ('modules/simpletest/tests/update_test_1.module', 'update_test_1', 'module', '', 'a:12:{s:4:"name";s:11:"Update test";s:11:"description";s:34:"Support module for update testing.";s:7:"package";s:7:"Testing";s:7:"version";s:3:"7.4";s:4:"core";s:3:"7.x";s:6:"hidden";b:1;s:7:"project";s:6:"drupal";s:9:"datestamp";s:10:"1309397516";s:12:"dependencies";a:0:{}s:3:"php";s:5:"5.2.4";s:5:"files";a:0:{}s:9:"bootstrap";i:0;}'), ('modules/simpletest/tests/update_test_2.module', 'update_test_2', 'module', '', 'a:12:{s:4:"name";s:11:"Update test";s:11:"description";s:34:"Support module for update testing.";s:7:"package";s:7:"Testing";s:7:"version";s:3:"7.4";s:4:"core";s:3:"7.x";s:6:"hidden";b:1;s:7:"project";s:6:"drupal";s:9:"datestamp";s:10:"1309397516";s:12:"dependencies";a:0:{}s:3:"php";s:5:"5.2.4";s:5:"files";a:0:{}s:9:"bootstrap";i:0;}'), ('modules/simpletest/tests/update_test_3.module', 'update_test_3', 'module', '', 'a:12:{s:4:"name";s:11:"Update test";s:11:"description";s:34:"Support module for update testing.";s:7:"package";s:7:"Testing";s:7:"version";s:3:"7.4";s:4:"core";s:3:"7.x";s:6:"hidden";b:1;s:7:"project";s:6:"drupal";s:9:"datestamp";s:10:"1309397516";s:12:"dependencies";a:0:{}s:3:"php";s:5:"5.2.4";s:5:"files";a:0:{}s:9:"bootstrap";i:0;}'), ('modules/simpletest/tests/url_alter_test.module', 'url_alter_test', 'module', '', 'a:12:{s:4:"name";s:15:"Url_alter tests";s:11:"description";s:45:"A support modules for url_alter hook testing.";s:4:"core";s:3:"7.x";s:7:"package";s:7:"Testing";s:7:"version";s:3:"7.4";s:6:"hidden";b:1;s:7:"project";s:6:"drupal";s:9:"datestamp";s:10:"1309397516";s:12:"dependencies";a:0:{}s:3:"php";s:5:"5.2.4";s:5:"files";a:0:{}s:9:"bootstrap";i:0;}'), ('modules/user/user.module', 'user', 'module', '', 'a:14:{s:4:"name";s:4:"User";s:11:"description";s:47:"Manages the user registration and login system.";s:7:"package";s:4:"Core";s:7:"version";s:3:"7.4";s:4:"core";s:3:"7.x";s:5:"files";a:2:{i:0;s:11:"user.module";i:1;s:9:"user.test";}s:8:"required";b:1;s:9:"configure";s:19:"admin/config/people";s:11:"stylesheets";a:1:{s:3:"all";a:1:{s:8:"user.css";s:21:"modules/user/user.css";}}s:7:"project";s:6:"drupal";s:9:"datestamp";s:10:"1309397516";s:12:"dependencies";a:0:{}s:3:"php";s:5:"5.2.4";s:9:"bootstrap";i:0;}'), ('modules/user/tests/user_form_test.module', 'user_form_test', 'module', '', 'a:12:{s:4:"name";s:22:"User module form tests";s:11:"description";s:37:"Support module for user form testing.";s:7:"package";s:7:"Testing";s:7:"version";s:3:"7.4";s:4:"core";s:3:"7.x";s:6:"hidden";b:1;s:7:"project";s:6:"drupal";s:9:"datestamp";s:10:"1309397516";s:12:"dependencies";a:0:{}s:3:"php";s:5:"5.2.4";s:5:"files";a:0:{}s:9:"bootstrap";i:0;}'), ('modules/simpletest/tests/xmlrpc_test.module', 'xmlrpc_test', 'module', '', 'a:12:{s:4:"name";s:12:"XML-RPC Test";s:11:"description";s:75:"Support module for XML-RPC tests according to the validator1 specification.";s:7:"package";s:7:"Testing";s:7:"version";s:3:"7.4";s:4:"core";s:3:"7.x";s:6:"hidden";b:1;s:7:"project";s:6:"drupal";s:9:"datestamp";s:10:"1309397516";s:12:"dependencies";a:0:{}s:3:"php";s:5:"5.2.4";s:5:"files";a:0:{}s:9:"bootstrap";i:0;}');
INSERT INTO d7_registry (name, type, filename, module, weight) VALUES ('ArchiverTar', 'class', 'modules/system/system.archiver.inc', 'system', '0'), ('ArchiverZip', 'class', 'modules/system/system.archiver.inc', 'system', '0');
INSERT INTO d7_registry_file (filename, hash) VALUES ('modules/system/system.archiver.inc', 'faa849f3e646a910ab82fd6c8bbf0a4e6b8c60725d7ba81ec0556bd716616cd1');
INSERT INTO d7_registry (name, type, filename, module, weight) VALUES ('DefaultMailSystem', 'class', 'modules/system/system.mail.inc', 'system', '0'), ('TestingMailSystem', 'class', 'modules/system/system.mail.inc', 'system', '0');
INSERT INTO d7_registry_file (filename, hash) VALUES ('modules/system/system.mail.inc', 'b7ee9ea80059788d8b53823a91db015dfa6c2a66589a6eca6f97b99340e12d6f');
INSERT INTO d7_registry (name, type, filename, module, weight) VALUES ('DrupalQueue', 'class', 'modules/system/system.queue.inc', 'system', '0'), ('DrupalQueueInterface', 'interface', 'modules/system/system.queue.inc', 'system', '0'), ('DrupalReliableQueueInterface', 'interface', 'modules/system/system.queue.inc', 'system', '0'), ('SystemQueue', 'class', 'modules/system/system.queue.inc', 'system', '0'), ('MemoryQueue', 'class', 'modules/system/system.queue.inc', 'system', '0');
INSERT INTO d7_registry_file (filename, hash) VALUES ('modules/system/system.queue.inc', '4bfc1845db9c888f3df0937a9ff6d783de77880e6301431db9eb2268b9fe572d');
INSERT INTO d7_registry (name, type, filename, module, weight) VALUES ('Archive_Tar', 'class', 'modules/system/system.tar.inc', 'system', '0');
INSERT INTO d7_registry_file (filename, hash) VALUES ('modules/system/system.tar.inc', '743529eab763be74e8169c945e875381fd77d71e336c6d77b7d28e2dfd023a21');
INSERT INTO d7_registry (name, type, filename, module, weight) VALUES ('ModuleUpdater', 'class', 'modules/system/system.updater.inc', 'system', '0'), ('ThemeUpdater', 'class', 'modules/system/system.updater.inc', 'system', '0');
INSERT INTO d7_registry_file (filename, hash) VALUES ('modules/system/system.updater.inc', 'e2eeed65b833a6215f807b113f6fb4cc3cc487e93efcb1402ed87c536d2c9ea6');
INSERT INTO d7_registry (name, type, filename, module, weight) VALUES ('ModuleTestCase', 'class', 'modules/system/system.test', 'system', '0'), ('EnableDisableTestCase', 'class', 'modules/system/system.test', 'system', '0'), ('HookRequirementsTestCase', 'class', 'modules/system/system.test', 'system', '0'), ('ModuleDependencyTestCase', 'class', 'modules/system/system.test', 'system', '0'), ('ModuleVersionTestCase', 'class', 'modules/system/system.test', 'system', '0'), ('ModuleRequiredTestCase', 'class', 'modules/system/system.test', 'system', '0'), ('IPAddressBlockingTestCase', 'class', 'modules/system/system.test', 'system', '0'), ('CronRunTestCase', 'class', 'modules/system/system.test', 'system', '0'), ('AdminMetaTagTestCase', 'class', 'modules/system/system.test', 'system', '0'), ('AccessDeniedTestCase', 'class', 'modules/system/system.test', 'system', '0'), ('PageNotFoundTestCase', 'class', 'modules/system/system.test', 'system', '0'), ('SiteMaintenanceTestCase', 'class', 'modules/system/system.test', 'system', '0'), ('DateTimeFunctionalTest', 'class', 'modules/system/system.test', 'system', '0'), ('PageTitleFiltering', 'class', 'modules/system/system.test', 'system', '0'), ('FrontPageTestCase', 'class', 'modules/system/system.test', 'system', '0'), ('SystemBlockTestCase', 'class', 'modules/system/system.test', 'system', '0'), ('SystemMainContentFallback', 'class', 'modules/system/system.test', 'system', '0'), ('SystemThemeFunctionalTest', 'class', 'modules/system/system.test', 'system', '0'), ('QueueTestCase', 'class', 'modules/system/system.test', 'system', '0'), ('TokenReplaceTestCase', 'class', 'modules/system/system.test', 'system', '0'), ('InfoFileParserTestCase', 'class', 'modules/system/system.test', 'system', '0'), ('SystemInfoAlterTestCase', 'class', 'modules/system/system.test', 'system', '0'), ('UpdateScriptFunctionalTest', 'class', 'modules/system/system.test', 'system', '0'), ('FloodFunctionalTest', 'class', 'modules/system/system.test', 'system', '0'), ('RetrieveFileTestCase', 'class', 'modules/system/system.test', 'system', '0'), ('ShutdownFunctionsTest', 'class', 'modules/system/system.test', 'system', '0'), ('SystemAdminTestCase', 'class', 'modules/system/system.test', 'system', '0'), ('SystemAuthorizeCase', 'class', 'modules/system/system.test', 'system', '0'), ('SystemIndexPhpTest', 'class', 'modules/system/system.test', 'system', '0');
INSERT INTO d7_registry_file (filename, hash) VALUES ('modules/system/system.test', 'cd76c21c50012b749099d0e2123ff3d10526fc8a99acd60e0cb06a2e87275bcc');
INSERT INTO d7_registry (name, type, filename, module, weight) VALUES ('UserController', 'class', 'modules/user/user.module', 'user', '0');
INSERT INTO d7_registry_file (filename, hash) VALUES ('modules/user/user.module', '1975a044c7fbd8c52c2aaaaff14263bf9e3dc3e71417ddf54cfe456362dce638');
INSERT INTO d7_registry (name, type, filename, module, weight) VALUES ('UserRegistrationTestCase', 'class', 'modules/user/user.test', 'user', '0'), ('UserValidationTestCase', 'class', 'modules/user/user.test', 'user', '0'), ('UserLoginTestCase', 'class', 'modules/user/user.test', 'user', '0'), ('UserCancelTestCase', 'class', 'modules/user/user.test', 'user', '0'), ('UserPictureTestCase', 'class', 'modules/user/user.test', 'user', '0'), ('UserPermissionsTestCase', 'class', 'modules/user/user.test', 'user', '0'), ('UserAdminTestCase', 'class', 'modules/user/user.test', 'user', '0'), ('UserTimeZoneFunctionalTest', 'class', 'modules/user/user.test', 'user', '0'), ('UserAutocompleteTestCase', 'class', 'modules/user/user.test', 'user', '0'), ('UserAccountLinksUnitTests', 'class', 'modules/user/user.test', 'user', '0'), ('UserBlocksUnitTests', 'class', 'modules/user/user.test', 'user', '0'), ('UserSaveTestCase', 'class', 'modules/user/user.test', 'user', '0'), ('UserCreateTestCase', 'class', 'modules/user/user.test', 'user', '0'), ('UserEditTestCase', 'class', 'modules/user/user.test', 'user', '0'), ('UserSignatureTestCase', 'class', 'modules/user/user.test', 'user', '0'), ('UserEditedOwnAccountTestCase', 'class', 'modules/user/user.test', 'user', '0'), ('UserRoleAdminTestCase', 'class', 'modules/user/user.test', 'user', '0'), ('UserTokenReplaceTestCase', 'class', 'modules/user/user.test', 'user', '0'), ('UserUserSearchTestCase', 'class', 'modules/user/user.test', 'user', '0'), ('UserRolesAssignmentTestCase', 'class', 'modules/user/user.test', 'user', '0'), ('UserAuthmapAssignmentTestCase', 'class', 'modules/user/user.test', 'user', '0'), ('UserValidateCurrentPassCustomForm', 'class', 'modules/user/user.test', 'user', '0');
INSERT INTO d7_registry_file (filename, hash) VALUES ('modules/user/user.test', '9b6cc136d3a267ad039069ac040f9ec33481ef43fd1fb888929750a076302c7c');
INSERT INTO d7_registry (name, type, filename, module, weight) VALUES ('FileTransfer', 'class', 'includes/filetransfer/filetransfer.inc', '', '0'), ('FileTransferException', 'class', 'includes/filetransfer/filetransfer.inc', '', '0'), ('FileTransferChmodInterface', 'interface', 'includes/filetransfer/filetransfer.inc', '', '0'), ('SkipDotsRecursiveDirectoryIterator', 'class', 'includes/filetransfer/filetransfer.inc', '', '0');
INSERT INTO d7_registry_file (filename, hash) VALUES ('includes/filetransfer/filetransfer.inc', 'ee9393beddc7190f7a161f5563953d1b58e355026fcc2392443a9e6b4c600531');
INSERT INTO d7_registry (name, type, filename, module, weight) VALUES ('FileTransferSSH', 'class', 'includes/filetransfer/ssh.inc', '', '0');
INSERT INTO d7_registry_file (filename, hash) VALUES ('includes/filetransfer/ssh.inc', '002e24a24cac133d12728bd3843868ce378681237d7fad420761af84e6efe5ad');
INSERT INTO d7_registry (name, type, filename, module, weight) VALUES ('FileTransferFTP', 'class', 'includes/filetransfer/ftp.inc', '', '0'), ('FileTransferFTPExtension', 'class', 'includes/filetransfer/ftp.inc', '', '0');
INSERT INTO d7_registry_file (filename, hash) VALUES ('includes/filetransfer/ftp.inc', '589ebf4b8bd4a2973aa56a156ac1fa83b6c73e703391361fb573167670e0d832');
INSERT INTO d7_registry (name, type, filename, module, weight) VALUES ('FileTransferLocal', 'class', 'includes/filetransfer/local.inc', '', '0');
INSERT INTO d7_registry_file (filename, hash) VALUES ('includes/filetransfer/local.inc', '7cbfdb46abbdf539640db27e66fb30e5265128f31002bd0dfc3af16ae01a9492');
INSERT INTO d7_registry (name, type, filename, module, weight) VALUES ('InsertQuery_mysql', 'class', 'includes/database/mysql/query.inc', '', '0'), ('TruncateQuery_mysql', 'class', 'includes/database/mysql/query.inc', '', '0');
INSERT INTO d7_registry_file (filename, hash) VALUES ('includes/database/mysql/query.inc', 'e2a5457ec40a8f88f6a822bdc77f74865e4c02206fc733c2945c8897f46093de');
INSERT INTO d7_registry (name, type, filename, module, weight) VALUES ('DatabaseConnection_mysql', 'class', 'includes/database/mysql/database.inc', '', '0');
INSERT INTO d7_registry_file (filename, hash) VALUES ('includes/database/mysql/database.inc', '492d898b527af9af579e9ee4c390bc9f218faddf3783350d433de48106083b82');
INSERT INTO d7_registry (name, type, filename, module, weight) VALUES ('DatabaseSchema_mysql', 'class', 'includes/database/mysql/schema.inc', '', '0');
INSERT INTO d7_registry_file (filename, hash) VALUES ('includes/database/mysql/schema.inc', 'f71af9dda287f0f37e7bd0077b801a6d3f38c951a9c2c6ea3b71dff1b69077d3');
INSERT INTO d7_registry (name, type, filename, module, weight) VALUES ('DatabaseTasks_mysql', 'class', 'includes/database/mysql/install.inc', '', '0');
INSERT INTO d7_registry_file (filename, hash) VALUES ('includes/database/mysql/install.inc', '6ae316941f771732fbbabed7e1d6b4cbb41b1f429dd097d04b3345aa15e461a0');
INSERT INTO d7_registry (name, type, filename, module, weight) VALUES ('SelectQuery_pgsql', 'class', 'includes/database/pgsql/select.inc', '', '0');
INSERT INTO d7_registry_file (filename, hash) VALUES ('includes/database/pgsql/select.inc', 'ce06c4353d4322e519e1c90ca863e6666edc370fb3c12568fedf466334b2e2be');
INSERT INTO d7_registry (name, type, filename, module, weight) VALUES ('InsertQuery_pgsql', 'class', 'includes/database/pgsql/query.inc', '', '0'), ('UpdateQuery_pgsql', 'class', 'includes/database/pgsql/query.inc', '', '0');
INSERT INTO d7_registry_file (filename, hash) VALUES ('includes/database/pgsql/query.inc', 'cb4c84f8f1ffc73098ed71137248dcd078a505a7530e60d979d74b3a3cdaa658');
INSERT INTO d7_registry (name, type, filename, module, weight) VALUES ('DatabaseConnection_pgsql', 'class', 'includes/database/pgsql/database.inc', '', '0');
INSERT INTO d7_registry_file (filename, hash) VALUES ('includes/database/pgsql/database.inc', '30bdaa3761cb93f4596f81320f89138fd9e31b2a976b4d03ce81c59e32129a31');
INSERT INTO d7_registry (name, type, filename, module, weight) VALUES ('DatabaseSchema_pgsql', 'class', 'includes/database/pgsql/schema.inc', '', '0');
INSERT INTO d7_registry_file (filename, hash) VALUES ('includes/database/pgsql/schema.inc', '1442123ab5040a55797126cfa1cf9103f7a9df22b3c23b5055c9c27e4f12d262');
INSERT INTO d7_registry (name, type, filename, module, weight) VALUES ('DatabaseTasks_pgsql', 'class', 'includes/database/pgsql/install.inc', '', '0');
INSERT INTO d7_registry_file (filename, hash) VALUES ('includes/database/pgsql/install.inc', '585b80c5bbd6f134bff60d06397f15154657a577d4da8d1b181858905f09dea5');
INSERT INTO d7_registry (name, type, filename, module, weight) VALUES ('SelectQuery_parelastic', 'class', 'includes/database/parelastic/select.inc', '', '0');
INSERT INTO d7_registry_file (filename, hash) VALUES ('includes/database/parelastic/select.inc', '487414d4f3eae131f346ad7645d9fb1b9136b38a061683e61e3ef76bdb3b7297');
INSERT INTO d7_registry (name, type, filename, module, weight) VALUES ('InsertQuery_parelastic', 'class', 'includes/database/parelastic/query.inc', '', '0'), ('TruncateQuery_parelastic', 'class', 'includes/database/parelastic/query.inc', '', '0');
INSERT INTO d7_registry_file (filename, hash) VALUES ('includes/database/parelastic/query.inc', '69cb664327b16e08e76707bf787a2c60c1cd75c15c0c6f10d8f2972f513154fd');
INSERT INTO d7_registry (name, type, filename, module, weight) VALUES ('DatabaseConnection_parelastic', 'class', 'includes/database/parelastic/database.inc', '', '0');
INSERT INTO d7_registry_file (filename, hash) VALUES ('includes/database/parelastic/database.inc', '6626a1537b486d239339f02d852f97f659c43d37901e5200d072b6eda5932f53');
INSERT INTO d7_registry (name, type, filename, module, weight) VALUES ('DatabaseSchema_parelastic', 'class', 'includes/database/parelastic/schema.inc', '', '0');
INSERT INTO d7_registry_file (filename, hash) VALUES ('includes/database/parelastic/schema.inc', '0fcc20362f2b42a265652dd429a8059d263611e4e7806ccfc3135fd35c95e78a');
INSERT INTO d7_registry (name, type, filename, module, weight) VALUES ('DatabaseTasks_parelastic', 'class', 'includes/database/parelastic/install.inc', '', '0');
INSERT INTO d7_registry_file (filename, hash) VALUES ('includes/database/parelastic/install.inc', 'b4f0b729436ee4ad31cfac382b503d9f5bcd989b8c03c0d216206e83380b8a99');
INSERT INTO d7_registry (name, type, filename, module, weight) VALUES ('SelectQuery_sqlite', 'class', 'includes/database/sqlite/select.inc', '', '0');
INSERT INTO d7_registry_file (filename, hash) VALUES ('includes/database/sqlite/select.inc', '4ecb9d21d2f07237f7603e925519886dde0b8da82f96999b865ff0803438744e');
INSERT INTO d7_registry (name, type, filename, module, weight) VALUES ('InsertQuery_sqlite', 'class', 'includes/database/sqlite/query.inc', '', '0'), ('UpdateQuery_sqlite', 'class', 'includes/database/sqlite/query.inc', '', '0'), ('DeleteQuery_sqlite', 'class', 'includes/database/sqlite/query.inc', '', '0'), ('TruncateQuery_sqlite', 'class', 'includes/database/sqlite/query.inc', '', '0');
INSERT INTO d7_registry_file (filename, hash) VALUES ('includes/database/sqlite/query.inc', '61e0459c0c9252ca465b86c475d88e09ea34c8cdb28220eb37a7d44357f5474f');
INSERT INTO d7_registry (name, type, filename, module, weight) VALUES ('DatabaseConnection_sqlite', 'class', 'includes/database/sqlite/database.inc', '', '0'), ('DatabaseStatement_sqlite', 'class', 'includes/database/sqlite/database.inc', '', '0');
INSERT INTO d7_registry_file (filename, hash) VALUES ('includes/database/sqlite/database.inc', '644fe9e0b31303b46b080cbc41fe4c2b3fc972071dcb34f754d7f83f0ce79083');
INSERT INTO d7_registry (name, type, filename, module, weight) VALUES ('DatabaseSchema_sqlite', 'class', 'includes/database/sqlite/schema.inc', '', '0');
INSERT INTO d7_registry_file (filename, hash) VALUES ('includes/database/sqlite/schema.inc', '4a42520b90765b970f285ad14f94ded061cee70a2dc6d630c3261649852daf0f');
INSERT INTO d7_registry (name, type, filename, module, weight) VALUES ('DatabaseTasks_sqlite', 'class', 'includes/database/sqlite/install.inc', '', '0');
INSERT INTO d7_registry_file (filename, hash) VALUES ('includes/database/sqlite/install.inc', '381f3db8c59837d961978ba3097bb6443534ed1659fd713aa563963fa0c42cc5');
INSERT INTO d7_registry (name, type, filename, module, weight) VALUES ('DatabaseStatementPrefetch', 'class', 'includes/database/prefetch.inc', '', '0');
INSERT INTO d7_registry_file (filename, hash) VALUES ('includes/database/prefetch.inc', '8d39658800c5b648b8aafc253cd36162c22ba54febe543ad14fc50016b02ba93');
INSERT INTO d7_registry (name, type, filename, module, weight) VALUES ('QueryExtendableInterface', 'interface', 'includes/database/select.inc', '', '0'), ('SelectQueryInterface', 'interface', 'includes/database/select.inc', '', '0'), ('SelectQueryExtender', 'class', 'includes/database/select.inc', '', '0'), ('SelectQuery', 'class', 'includes/database/select.inc', '', '0');
INSERT INTO d7_registry_file (filename, hash) VALUES ('includes/database/select.inc', '8ac2735a840f1de662412e590d7de2eb3cf85925b34ec945fbd24a51be817e5c');
INSERT INTO d7_registry (name, type, filename, module, weight) VALUES ('DatabaseLog', 'class', 'includes/database/log.inc', '', '0');
INSERT INTO d7_registry_file (filename, hash) VALUES ('includes/database/log.inc', '4ecbdf9022d8c612310b41af575f10b0d4c041c0fbc41c6dc7e1f2ab6eacce6b');
INSERT INTO d7_registry (name, type, filename, module, weight) VALUES ('QueryConditionInterface', 'interface', 'includes/database/query.inc', '', '0'), ('QueryAlterableInterface', 'interface', 'includes/database/query.inc', '', '0'), ('QueryPlaceholderInterface', 'interface', 'includes/database/query.inc', '', '0'), ('Query', 'class', 'includes/database/query.inc', '', '0'), ('InsertQuery', 'class', 'includes/database/query.inc', '', '0'), ('DeleteQuery', 'class', 'includes/database/query.inc', '', '0'), ('TruncateQuery', 'class', 'includes/database/query.inc', '', '0'), ('UpdateQuery', 'class', 'includes/database/query.inc', '', '0'), ('MergeQuery', 'class', 'includes/database/query.inc', '', '0'), ('DatabaseCondition', 'class', 'includes/database/query.inc', '', '0');
INSERT INTO d7_registry_file (filename, hash) VALUES ('includes/database/query.inc', '6043f7d99db75dff989d48f38dd4300c7ee57e3c10a0e09fe3c632f1b03c2f18');
INSERT INTO d7_registry (name, type, filename, module, weight) VALUES ('DatabaseConnection', 'class', 'includes/database/database.inc', '', '0'), ('Database', 'class', 'includes/database/database.inc', '', '0'), ('DatabaseTransactionNoActiveException', 'class', 'includes/database/database.inc', '', '0'), ('DatabaseTransactionNameNonUniqueException', 'class', 'includes/database/database.inc', '', '0'), ('DatabaseTransactionCommitFailedException', 'class', 'includes/database/database.inc', '', '0'), ('DatabaseTransactionExplicitCommitNotAllowedException', 'class', 'includes/database/database.inc', '', '0'), ('InvalidMergeQueryException', 'class', 'includes/database/database.inc', '', '0'), ('FieldsOverlapException', 'class', 'includes/database/database.inc', '', '0'), ('NoFieldsException', 'class', 'includes/database/database.inc', '', '0'), ('DatabaseConnectionNotDefinedException', 'class', 'includes/database/database.inc', '', '0'), ('DatabaseDriverNotSpecifiedException', 'class', 'includes/database/database.inc', '', '0'), ('DatabaseTransaction', 'class', 'includes/database/database.inc', '', '0'), ('DatabaseStatementInterface', 'interface', 'includes/database/database.inc', '', '0'), ('DatabaseStatementBase', 'class', 'includes/database/database.inc', '', '0'), ('DatabaseStatementEmpty', 'class', 'includes/database/database.inc', '', '0');
INSERT INTO d7_registry_file (filename, hash) VALUES ('includes/database/database.inc', '049e642a52e3241283209c1736f0e82ffdbf3201c5ae13c327533c0481e1f61f');
INSERT INTO d7_registry (name, type, filename, module, weight) VALUES ('DatabaseSchema', 'class', 'includes/database/schema.inc', '', '0'), ('DatabaseSchemaObjectExistsException', 'class', 'includes/database/schema.inc', '', '0'), ('DatabaseSchemaObjectDoesNotExistException', 'class', 'includes/database/schema.inc', '', '0');
INSERT INTO d7_registry_file (filename, hash) VALUES ('includes/database/schema.inc', '11ab1a9b145b332176ac8bb1be62ccf8765093275867d855fa838a9ba2b5793f');
INSERT INTO d7_registry_file (filename, hash) VALUES ('includes/language.inc', '5e0595c6def071694fa500b4636d15d482dafddb612a977201b5406b813be7a6');
INSERT INTO d7_registry_file (filename, hash) VALUES ('includes/file.mimetypes.inc', 'dbc1d9a63bc22986a039b246f30053dab5985f0120f6cebf06f79251da18643e');
INSERT INTO d7_registry_file (filename, hash) VALUES ('includes/xmlrpcs.inc', '2df450cf2153959a4581d8e61867c587f61fcdea5dd2653e36c6a6028fc1b395');
INSERT INTO d7_registry (name, type, filename, module, weight) VALUES ('MailSystemInterface', 'interface', 'includes/mail.inc', '', '0');
INSERT INTO d7_registry_file (filename, hash) VALUES ('includes/mail.inc', '702174958dad7b460a75435abc557f472a2549bc53362735f76baba9b2265c27');
INSERT INTO d7_registry_file (filename, hash) VALUES ('includes/path.inc', '992d563dbd6e67f58e358176be09eb1fb75f95510a93cb45bf463ce798670bff');
INSERT INTO d7_registry_file (filename, hash) VALUES ('includes/locale.inc', '5e6890eaaab5acd3bda2f2d2dc6e3faa9a4a77649ca2cae4225b9d0f24b50fda');
INSERT INTO d7_registry_file (filename, hash) VALUES ('includes/xmlrpc.inc', '1176a9e5b5990f8219b48c49bb858a2a980f95428aa519acea19282109e27e83');
INSERT INTO d7_registry_file (filename, hash) VALUES ('includes/theme.inc', 'fa657c7ab6573ae41acadd87a052c4eafda0ed75eac2adc7e65ef4d568671e94');
INSERT INTO d7_registry_file (filename, hash) VALUES ('includes/menu.inc', 'a0fd18e4feef029acff5977429ee71f79fa3f59d85061d4b521f6e9bf551a142');
INSERT INTO d7_registry_file (filename, hash) VALUES ('includes/graph.inc', '577a50594521edecd7139fcecd6af3a941e456ea0e0577e38ee14b785422aabb');
INSERT INTO d7_registry_file (filename, hash) VALUES ('includes/form.inc', '0cd688e29d4099b82578b3f10a0865ef8c1b339092a69676054c555961902fac');
INSERT INTO d7_registry (name, type, filename, module, weight) VALUES ('BatchQueue', 'class', 'includes/batch.queue.inc', '', '0'), ('BatchMemoryQueue', 'class', 'includes/batch.queue.inc', '', '0');
INSERT INTO d7_registry_file (filename, hash) VALUES ('includes/batch.queue.inc', '34face1f61857ec26e414712c647b06acbd5ec4437a71abf090e83cbdf691794');
INSERT INTO d7_registry (name, type, filename, module, weight) VALUES ('ArchiverInterface', 'interface', 'includes/archiver.inc', '', '0');
INSERT INTO d7_registry_file (filename, hash) VALUES ('includes/archiver.inc', '097a78f5794237e8242b540649d824b930008027362c1359773e22c2b21cd6e5');
INSERT INTO d7_registry (name, type, filename, module, weight) VALUES ('TableSort', 'class', 'includes/tablesort.inc', '', '0');
INSERT INTO d7_registry_file (filename, hash) VALUES ('includes/tablesort.inc', '3f3cb2820920f7edc0c3d046ffba4fc4e3b73a699a2492780371141cf501aa50');
INSERT INTO d7_registry_file (filename, hash) VALUES ('includes/session.inc', '2a904d6eb8f561b5c6b08c6e7528b76b2b8d7f1de34e9738cebe69a1a0b922b2');
INSERT INTO d7_registry (name, type, filename, module, weight) VALUES ('DrupalUpdateException', 'class', 'includes/update.inc', '', '0');
INSERT INTO d7_registry_file (filename, hash) VALUES ('includes/update.inc', 'bf8e3ed2e93d680c617f905b888cd42ae6a9dca011f7c804e98e5e372e114402');
INSERT INTO d7_registry (name, type, filename, module, weight) VALUES ('StreamWrapperInterface', 'interface', 'includes/stream_wrappers.inc', '', '0'), ('DrupalStreamWrapperInterface', 'interface', 'includes/stream_wrappers.inc', '', '0'), ('DrupalLocalStreamWrapper', 'class', 'includes/stream_wrappers.inc', '', '0'), ('DrupalPublicStreamWrapper', 'class', 'includes/stream_wrappers.inc', '', '0'), ('DrupalPrivateStreamWrapper', 'class', 'includes/stream_wrappers.inc', '', '0'), ('DrupalTemporaryStreamWrapper', 'class', 'includes/stream_wrappers.inc', '', '0');
INSERT INTO d7_registry_file (filename, hash) VALUES ('includes/stream_wrappers.inc', '0943efcecb78427b0de6d014ece9825e9d5d1102baa4b57805275f56e914af1e');
INSERT INTO d7_registry_file (filename, hash) VALUES ('includes/password.inc', 'b6fab301352a9baa01b589fb96c6d786d997485bd9e202818f2c8cbf439229ab');
INSERT INTO d7_registry_file (filename, hash) VALUES ('includes/ajax.inc', '7cd37e59457753342168803fe65cd1af7da1c41e8b8a444304e941b435b43f05');
INSERT INTO d7_registry_file (filename, hash) VALUES ('includes/token.inc', '015328d6573ceece0a0712fcbad890719cff8d65a37839ece36bc64e97d63466');
INSERT INTO d7_registry (name, type, filename, module, weight) VALUES ('DrupalEntityControllerInterface', 'interface', 'includes/entity.inc', '', '0'), ('DrupalDefaultEntityController', 'class', 'includes/entity.inc', '', '0'), ('EntityFieldQueryException', 'class', 'includes/entity.inc', '', '0'), ('EntityFieldQuery', 'class', 'includes/entity.inc', '', '0');
INSERT INTO d7_registry_file (filename, hash) VALUES ('includes/entity.inc', 'f6cfb2fdc4ab6ffb078e8a25fdcb3df3bb24ef1f904e313a313bf9ddab5af627');
INSERT INTO d7_registry_file (filename, hash) VALUES ('includes/authorize.inc', 'f732037ded6a22e2e8493da9828a976b0dd2f1aaa57d135d4cb3258f8815a1f1');
INSERT INTO d7_registry_file (filename, hash) VALUES ('includes/iso.inc', '379c2bd8332ce03a3772787b004e9b1a4468fd23f18d1b9397902fd6d9dbf2d8');
INSERT INTO d7_registry (name, type, filename, module, weight) VALUES ('DrupalFakeCache', 'class', 'includes/cache-install.inc', '', '0');
INSERT INTO d7_registry_file (filename, hash) VALUES ('includes/cache-install.inc', '2d223093cf3740d190746d1c348607694a8475c0da91ffd2386454995a17995e');
INSERT INTO d7_registry_file (filename, hash) VALUES ('includes/bootstrap.inc', 'b375d9abc41fd916470758b6d1a4fd4a3f09c9ee91e235feaf70eb50a98c2f4a');
INSERT INTO d7_registry_file (filename, hash) VALUES ('includes/unicode.entities.inc', '2b858138596d961fbaa4c6e3986e409921df7f76b6ee1b109c4af5970f1e0f54');
INSERT INTO d7_registry_file (filename, hash) VALUES ('includes/module.inc', 'ac27386cf8bfb02192580b8f51ca354a7ea30e444084203d02f2ce9285e85b60');
INSERT INTO d7_registry_file (filename, hash) VALUES ('includes/install.core.inc', 'b230ede834f21c75dc736d5f583b41b02f3c88eef37b1ee9036d294c7f9dbba2');
INSERT INTO d7_registry_file (filename, hash) VALUES ('includes/unicode.inc', '5409227091e55cef4c1b0bb9c159720aecaa07e7bf2683fe7c242691aa1036cc');
INSERT INTO d7_registry_file (filename, hash) VALUES ('includes/batch.inc', 'f32d52b88dc6bd0b3117fef0057d6084fbe132afb0fbf638daaa42bce7a2a3c5');
INSERT INTO d7_registry_file (filename, hash) VALUES ('includes/common.inc', 'a849f0b777eb03cce3394002a92287b37ff1534fbfd098d3a1707d79b8c4fe12');
INSERT INTO d7_registry_file (filename, hash) VALUES ('includes/theme.maintenance.inc', 'd110314b4d943c3e965fcefe452f6873b53cd6a8844154467dfcbb2b6142dc82');
INSERT INTO d7_registry_file (filename, hash) VALUES ('includes/actions.inc', '3e1b89b7dd2465549361915ffc50b713a8f3a568baa703f034e48b24977f83c8');
INSERT INTO d7_registry (name, type, filename, module, weight) VALUES ('PagerDefault', 'class', 'includes/pager.inc', '', '0');
INSERT INTO d7_registry_file (filename, hash) VALUES ('includes/pager.inc', 'd3cd989a55da56b91d72223c93cdea125e4d86a3ffdc2782ddb70286aa4c4ecf');
INSERT INTO d7_registry_file (filename, hash) VALUES ('includes/date.inc', '32124baa81a1411631de23ade5615be0d81bc7c7169ea60d22f9badd333cf284');
INSERT INTO d7_registry_file (filename, hash) VALUES ('includes/errors.inc', 'aa17eaa99c92e611b549d87e504ca311dd4c59fa478053ed739319c9269c875e');
INSERT INTO d7_registry_file (filename, hash) VALUES ('includes/utility.inc', '04865d2c973e3df62f673b68631a880dbf39fdc5e22a5935e2e6b86576fa9030');
INSERT INTO d7_registry (name, type, filename, module, weight) VALUES ('DrupalCacheInterface', 'interface', 'includes/cache.inc', '', '0'), ('DrupalDatabaseCache', 'class', 'includes/cache.inc', '', '0');
INSERT INTO d7_registry_file (filename, hash) VALUES ('includes/cache.inc', '5239bd1707257d0abdd5396d6febd34bea08dd6ceb318265f3c9b7b21b38f23f');
INSERT INTO d7_registry_file (filename, hash) VALUES ('includes/registry.inc', 'ce22f7715c8037095e6b7dfb86594d3f5ca0908e0614862cc60334852ce3b971');
INSERT INTO d7_registry (name, type, filename, module, weight) VALUES ('DatabaseTasks', 'class', 'includes/install.inc', '', '0'), ('DatabaseTaskException', 'class', 'includes/install.inc', '', '0');
INSERT INTO d7_registry_file (filename, hash) VALUES ('includes/install.inc', '2dda96a9169cd82e5f49c08c311a1be9decd6c259a385c57b370284072078ec5');
INSERT INTO d7_registry_file (filename, hash) VALUES ('includes/image.inc', '2fefbd7e73eb51eece8acd7b374b23bf77a717c1553ad83b321a7be194c9e531');
INSERT INTO d7_registry_file (filename, hash) VALUES ('includes/file.inc', 'da91107f7adecc6d76d9ef6f0acf895b409aefd25db28e1a48b9070deed9301b');
INSERT INTO d7_registry_file (filename, hash) VALUES ('includes/lock.inc', '7af1b1b93e20db33f0ef81a2577263cf152b363d358d65707539cc952b8272e5');
INSERT INTO d7_registry (name, type, filename, module, weight) VALUES ('DrupalUpdaterInterface', 'interface', 'includes/updater.inc', '', '0'), ('Updater', 'class', 'includes/updater.inc', '', '0'), ('UpdaterException', 'class', 'includes/updater.inc', '', '0'), ('UpdaterFileTransferException', 'class', 'includes/updater.inc', '', '0');
INSERT INTO d7_registry_file (filename, hash) VALUES ('includes/updater.inc', '1715fbda750de86ecde8abd71d61886423367d3c9a17c31138638361b1c27e51');
INSERT INTO d7_users (uid, name, mail) VALUES ('0', '', '');
INSERT INTO d7_users (uid, name, mail, created, status, data) VALUES ('1', 'placeholder-for-uid-1', 'placeholder-for-uid-1', '1311348568', '1', NULL);
INSERT INTO d7_role (name, weight) VALUES ('anonymous user', '0');
INSERT INTO d7_role (name, weight) VALUES ('authenticated user', '1');
INSERT INTO d7_variable (name, value) VALUES ('install_profile_modules', 'a:9:{i:0;s:17:"field_sql_storage";i:1;s:4:"text";i:2;s:5:"field";i:3;s:6:"filter";i:4;s:4:"node";i:5;s:4:"user";i:7;s:5:"block";i:8;s:5:"dblog";i:9;s:7:"minimal";}');
INSERT INTO d7_variable (name, value) VALUES ('install_task', 's:21:"install_system_module";');
INSERT INTO d7_semaphore (name, value, expire) VALUES ('variable_init', '17282909654e2997f839bc89.47473471', '1311348729.2364');
INSERT INTO d7_variable (name, value) VALUES ('path_alias_whitelist', 'a:0:{}');
INSERT INTO d7_variable (name, value) VALUES ('install_current_batch', 's:23:"install_profile_modules";');
INSERT INTO d7_sequences (value) VALUES (NULL);
INSERT INTO d7_queue (name, data, created) VALUES ('drupal_batch:1:0', 'a:2:{i:0;s:21:"_install_module_batch";i:1;a:2:{i:0;s:6:"filter";i:1;s:6:"Filter";}}', '1311348734');
INSERT INTO d7_queue (name, data, created) VALUES ('drupal_batch:1:0', 'a:2:{i:0;s:21:"_install_module_batch";i:1;a:2:{i:0;s:17:"field_sql_storage";i:1;s:17:"Field SQL storage";}}', '1311348735');
INSERT INTO d7_queue (name, data, created) VALUES ('drupal_batch:1:0', 'a:2:{i:0;s:21:"_install_module_batch";i:1;a:2:{i:0;s:4:"user";i:1;s:4:"User";}}', '1311348736');
INSERT INTO d7_queue (name, data, created) VALUES ('drupal_batch:1:0', 'a:2:{i:0;s:21:"_install_module_batch";i:1;a:2:{i:0;s:4:"node";i:1;s:4:"Node";}}', '1311348737');
INSERT INTO d7_queue (name, data, created) VALUES ('drupal_batch:1:0', 'a:2:{i:0;s:21:"_install_module_batch";i:1;a:2:{i:0;s:5:"field";i:1;s:5:"Field";}}', '1311348738');
INSERT INTO d7_queue (name, data, created) VALUES ('drupal_batch:1:0', 'a:2:{i:0;s:21:"_install_module_batch";i:1;a:2:{i:0;s:4:"text";i:1;s:4:"Text";}}', '1311348739');
INSERT INTO d7_queue (name, data, created) VALUES ('drupal_batch:1:0', 'a:2:{i:0;s:21:"_install_module_batch";i:1;a:2:{i:0;s:5:"block";i:1;s:5:"Block";}}', '1311348739');
INSERT INTO d7_queue (name, data, created) VALUES ('drupal_batch:1:0', 'a:2:{i:0;s:21:"_install_module_batch";i:1;a:2:{i:0;s:5:"dblog";i:1;s:16:"Database logging";}}', '1311348740');
INSERT INTO d7_queue (name, data, created) VALUES ('drupal_batch:1:0', 'a:2:{i:0;s:21:"_install_module_batch";i:1;a:2:{i:0;s:7:"minimal";i:1;s:7:"Minimal";}}', '1311348740');
INSERT INTO d7_variable (name, value) VALUES ('drupal_private_key', 's:43:"CUJnswtKy8nLhqcpD5QtFpFu0Ke7C4LSHb3GudS5-cs";');
INSERT INTO d7_batch (bid, timestamp, token, batch) VALUES ('1', '1311348568', 'TP9sNghho7cha_mn97e0gimhiCKOQaa2ukeFpxzKfSo', 'a:12:{s:4:"sets";a:1:{i:0;a:14:{s:7:"sandbox";a:0:{}s:7:"results";a:0:{}s:7:"success";b:0;s:5:"start";i:0;s:7:"elapsed";i:0;s:5:"title";s:17:"Installing Drupal";s:13:"error_message";s:42:"The installation has encountered an error.";s:8:"finished";s:33:"_install_profile_modules_finished";s:12:"init_message";s:24:"Initializing.<br/>&nbsp;";s:16:"progress_message";s:29:"Completed @current of @total.";s:3:"css";a:0:{}s:5:"total";i:9;s:5:"count";i:9;s:5:"queue";a:2:{s:4:"name";s:16:"drupal_batch:1:0";s:5:"class";s:10:"BatchQueue";}}}s:16:"has_form_submits";b:0;s:11:"current_set";i:0;s:11:"progressive";b:1;s:3:"url";s:65:"http://localhost/drupal-7.4/install.php?profile=minimal&locale=en";s:11:"url_options";a:0:{}s:10:"source_url";s:4:"node";s:8:"redirect";s:37:"install.php?profile=minimal&locale=en";s:5:"theme";s:5:"seven";s:17:"redirect_callback";s:11:"drupal_goto";s:2:"id";s:1:"1";s:13:"error_message";s:142:"Please continue to <a href="http://localhost/drupal-7.4/install.php?profile=minimal&amp;locale=en&amp;id=1&amp;op=finished">the error page</a>";}');
INSERT INTO d7_sessions (sid, ssid, uid, cache, hostname, session, timestamp) VALUES ('nzxMXNSqjFy84eC4uZb1FI4Fk4dNwJ6ZxuUwO9cpeEw', '', '0', '0', '127.0.0.1', 'batches|a:1:{i:1;b:1;}', '1311348568');
INSERT INTO d7_drupal_install_test (id) VALUES (1);
INSERT INTO d7_semaphore (name, value, expire) VALUES ('variable_init', '7511433144e29980c267b02.15736042', '1311348749.1564');
INSERT INTO d7_drupal_install_test (id) VALUES (1);
INSERT INTO d7_semaphore (name, value, expire) VALUES ('variable_init', '3348278214e2998139d94c6.24180592', '1311348756.6443');
INSERT INTO d7_registry (name, type, filename, module, weight) VALUES ('FilterCRUDTestCase', 'class', 'modules/filter/filter.test', 'filter', '0'), ('FilterAdminTestCase', 'class', 'modules/filter/filter.test', 'filter', '0'), ('FilterFormatAccessTestCase', 'class', 'modules/filter/filter.test', 'filter', '0'), ('FilterDefaultFormatTestCase', 'class', 'modules/filter/filter.test', 'filter', '0'), ('FilterNoFormatTestCase', 'class', 'modules/filter/filter.test', 'filter', '0'), ('FilterSecurityTestCase', 'class', 'modules/filter/filter.test', 'filter', '0'), ('FilterUnitTestCase', 'class', 'modules/filter/filter.test', 'filter', '0'), ('FilterHooksTestCase', 'class', 'modules/filter/filter.test', 'filter', '0');
INSERT INTO d7_registry_file (filename, hash) VALUES ('modules/filter/filter.test', '10051d177985a2bd0f4709b2d94cb2981e2c072ed999d72baae92684ee74e754');
INSERT INTO d7_filter_format (format, name, cache, status, weight) VALUES ('plain_text', 'Plain text', '1', '1', '10');
INSERT INTO d7_filter (format, name, weight, status, module, settings) VALUES ('plain_text', 'filter_url', '1', '1', 'filter', 'a:1:{s:17:"filter_url_length";i:72;}');
INSERT INTO d7_filter (format, name, weight, status, module, settings) VALUES ('plain_text', 'filter_autop', '2', '1', 'filter', 'a:0:{}');
INSERT INTO d7_filter (format, name, weight, status, module, settings) VALUES ('plain_text', 'filter_htmlcorrector', '10', '0', 'filter', 'a:0:{}');
INSERT INTO d7_filter (format, name, weight, status, module, settings) VALUES ('plain_text', 'filter_html_escape', '0', '1', 'filter', 'a:0:{}');
INSERT INTO d7_filter (format, name, weight, status, module, settings) VALUES ('plain_text', 'filter_html', '10', '0', 'filter', 'a:3:{s:12:"allowed_html";s:74:"<a> <em> <strong> <cite> <blockquote> <code> <ul> <ol> <li> <dl> <dt> <dd>";s:16:"filter_html_help";i:1;s:20:"filter_html_nofollow";i:0;}');
INSERT INTO d7_variable (name, value) VALUES ('filter_fallback_format', 's:10:"plain_text";');
INSERT INTO d7_drupal_install_test (id) VALUES (1);
INSERT INTO d7_semaphore (name, value, expire) VALUES ('variable_init', '13528603224e29982b2fdbf9.30951523', '1311348780.1942');
INSERT INTO d7_registry (name, type, filename, module, weight) VALUES ('FieldSqlStorageTestCase', 'class', 'modules/field/modules/field_sql_storage/field_sql_storage.test', 'field_sql_storage', '0');
INSERT INTO d7_registry_file (filename, hash) VALUES ('modules/field/modules/field_sql_storage/field_sql_storage.test', 'fa8f69ac79f4190a612faa6d1df3075be39571da2e897265c13e219dccf65b1c');
INSERT INTO d7_drupal_install_test (id) VALUES (1);
INSERT INTO d7_semaphore (name, value, expire) VALUES ('variable_init', '13948105504e299838c4b607.67968046', '1311348793.804');
INSERT INTO d7_registry (name, type, filename, module, weight) VALUES ('NodeController', 'class', 'modules/node/node.module', 'node', '0');
INSERT INTO d7_registry_file (filename, hash) VALUES ('modules/node/node.module', '815c6861cbd0983e3e56cf7322ccaedc0de7cc1f46b2b6c8f9ea2f66a6e2d68b');
INSERT INTO d7_registry (name, type, filename, module, weight) VALUES ('NodeLoadMultipleUnitTest', 'class', 'modules/node/node.test', 'node', '0'), ('NodeLoadHooksTestCase', 'class', 'modules/node/node.test', 'node', '0'), ('NodeRevisionsTestCase', 'class', 'modules/node/node.test', 'node', '0'), ('PageEditTestCase', 'class', 'modules/node/node.test', 'node', '0'), ('PagePreviewTestCase', 'class', 'modules/node/node.test', 'node', '0'), ('NodeCreationTestCase', 'class', 'modules/node/node.test', 'node', '0'), ('PageViewTestCase', 'class', 'modules/node/node.test', 'node', '0'), ('SummaryLengthTestCase', 'class', 'modules/node/node.test', 'node', '0'), ('NodeTitleXSSTestCase', 'class', 'modules/node/node.test', 'node', '0'), ('NodeBlockTestCase', 'class', 'modules/node/node.test', 'node', '0'), ('NodePostSettingsTestCase', 'class', 'modules/node/node.test', 'node', '0'), ('NodeRSSContentTestCase', 'class', 'modules/node/node.test', 'node', '0'), ('NodeAccessUnitTest', 'class', 'modules/node/node.test', 'node', '0'), ('NodeAccessRecordsUnitTest', 'class', 'modules/node/node.test', 'node', '0'), ('NodeAccessBaseTableTestCase', 'class', 'modules/node/node.test', 'node', '0'), ('NodeSaveTestCase', 'class', 'modules/node/node.test', 'node', '0'), ('NodeTypeTestCase', 'class', 'modules/node/node.test', 'node', '0'), ('NodeTypePersistenceTestCase', 'class', 'modules/node/node.test', 'node', '0'), ('NodeAccessRebuildTestCase', 'class', 'modules/node/node.test', 'node', '0'), ('NodeAdminTestCase', 'class', 'modules/node/node.test', 'node', '0'), ('NodeTitleTestCase', 'class', 'modules/node/node.test', 'node', '0'), ('NodeFeedTestCase', 'class', 'modules/node/node.test', 'node', '0'), ('NodeBlockFunctionalTest', 'class', 'modules/node/node.test', 'node', '0'), ('MultiStepNodeFormBasicOptionsTest', 'class', 'modules/node/node.test', 'node', '0'), ('NodeBuildContent', 'class', 'modules/node/node.test', 'node', '0'), ('NodeQueryAlter', 'class', 'modules/node/node.test', 'node', '0'), ('NodeEntityFieldQueryAlter', 'class', 'modules/node/node.test', 'node', '0'), ('NodeTokenReplaceTestCase', 'class', 'modules/node/node.test', 'node', '0');
INSERT INTO d7_registry_file (filename, hash) VALUES ('modules/node/node.test', 'e37213792452a8f98cd0cca66396d9de27464dcc53c50c9032d1225fd794f356');
INSERT INTO d7_node_access (nid, gid, realm, grant_view, grant_update, grant_delete) VALUES ('0', '0', 'all', '1', '0', '0');
INSERT INTO d7_drupal_install_test (id) VALUES (1);
INSERT INTO d7_semaphore (name, value, expire) VALUES ('variable_init', '589947794e29985462fca9.97850267', '1311348821.4043');
INSERT INTO d7_registry (name, type, filename, module, weight) VALUES ('FieldException', 'class', 'modules/field/field.module', 'field', '0'), ('FieldUpdateForbiddenException', 'class', 'modules/field/field.module', 'field', '0');
INSERT INTO d7_registry_file (filename, hash) VALUES ('modules/field/field.module', '19d5c7a30995064c426de50e51b8d7e2295fd5af5784a41cd94c00bcae7f9d4a');
INSERT INTO d7_registry (name, type, filename, module, weight) VALUES ('FieldValidationException', 'class', 'modules/field/field.attach.inc', 'field', '0');
INSERT INTO d7_registry_file (filename, hash) VALUES ('modules/field/field.attach.inc', '65b6f010e3f9d1868098d771963113307b63fd6e6454c01f0086cd4c0de71414');
INSERT INTO d7_registry (name, type, filename, module, weight) VALUES ('FieldTestCase', 'class', 'modules/field/tests/field.test', 'field', '0'), ('FieldAttachTestCase', 'class', 'modules/field/tests/field.test', 'field', '0'), ('FieldAttachStorageTestCase', 'class', 'modules/field/tests/field.test', 'field', '0'), ('FieldAttachOtherTestCase', 'class', 'modules/field/tests/field.test', 'field', '0'), ('FieldInfoTestCase', 'class', 'modules/field/tests/field.test', 'field', '0'), ('FieldFormTestCase', 'class', 'modules/field/tests/field.test', 'field', '0'), ('FieldDisplayAPITestCase', 'class', 'modules/field/tests/field.test', 'field', '0'), ('FieldCrudTestCase', 'class', 'modules/field/tests/field.test', 'field', '0'), ('FieldInstanceCrudTestCase', 'class', 'modules/field/tests/field.test', 'field', '0'), ('FieldTranslationsTestCase', 'class', 'modules/field/tests/field.test', 'field', '0'), ('FieldBulkDeleteTestCase', 'class', 'modules/field/tests/field.test', 'field', '0'), ('EntityPropertiesTestCase', 'class', 'modules/field/tests/field.test', 'field', '0');
INSERT INTO d7_registry_file (filename, hash) VALUES ('modules/field/tests/field.test', '896003bafc6e1ccd0f6f32f96095318aadc9f6ee3c5436ce597dcaaa084dbcbe');
INSERT INTO d7_drupal_install_test (id) VALUES (1);
INSERT INTO d7_semaphore (name, value, expire) VALUES ('variable_init', '8129432104e29986a7695f5.12489159', '1311348843.4845');
INSERT INTO d7_registry (name, type, filename, module, weight) VALUES ('TextFieldTestCase', 'class', 'modules/field/modules/text/text.test', 'text', '0'), ('TextSummaryTestCase', 'class', 'modules/field/modules/text/text.test', 'text', '0'), ('TextTranslationTestCase', 'class', 'modules/field/modules/text/text.test', 'text', '0');
INSERT INTO d7_registry_file (filename, hash) VALUES ('modules/field/modules/text/text.test', 'e4ad6c79d4f4e3f90c3ac960d2479ee65d51bda7ba93467bc0340bc32201cd11');
INSERT INTO d7_drupal_install_test (id) VALUES (1);
INSERT INTO d7_semaphore (name, value, expire) VALUES ('variable_init', '14294613174e29987bae7188.98654661', '1311348860.7134');
INSERT INTO d7_registry (name, type, filename, module, weight) VALUES ('BlockTestCase', 'class', 'modules/block/block.test', 'block', '0'), ('NonDefaultBlockAdmin', 'class', 'modules/block/block.test', 'block', '0'), ('NewDefaultThemeBlocks', 'class', 'modules/block/block.test', 'block', '0'), ('BlockAdminThemeTestCase', 'class', 'modules/block/block.test', 'block', '0'), ('BlockCacheTestCase', 'class', 'modules/block/block.test', 'block', '0'), ('BlockHTMLIdTestCase', 'class', 'modules/block/block.test', 'block', '0'), ('BlockTemplateSuggestionsUnitTest', 'class', 'modules/block/block.test', 'block', '0');
INSERT INTO d7_registry_file (filename, hash) VALUES ('modules/block/block.test', 'f467ba7728986636a5e0a5b73e7db4819be04fc817ed4a675e0c9236f63a3b50');
INSERT INTO d7_drupal_install_test (id) VALUES (1);
INSERT INTO d7_semaphore (name, value, expire) VALUES ('variable_init', '11340947494e2998919cb7e1.30424089', '1311348882.6407');
INSERT INTO d7_registry (name, type, filename, module, weight) VALUES ('DBLogTestCase', 'class', 'modules/dblog/dblog.test', 'dblog', '0');
INSERT INTO d7_registry_file (filename, hash) VALUES ('modules/dblog/dblog.test', 'c20371096cd2d2c1018e31bcc719f44e3cc31a2fdb75feb50944508380077259');
INSERT INTO d7_watchdog (uid, type, message, variables, severity, link, location, referer, hostname, timestamp) VALUES ('0', 'system', '%module module installed.', 'a:1:{s:7:"%module";s:5:"dblog";}', '6', '', 'http://localhost/drupal-7.4/install.php?profile=minimal&locale=en&id=1&op=do', 'http://localhost/drupal-7.4/install.php?profile=minimal&locale=en&op=start&id=1', '127.0.0.1', '1311348877');
INSERT INTO d7_watchdog (uid, type, message, variables, severity, link, location, referer, hostname, timestamp) VALUES ('0', 'system', '%module module enabled.', 'a:1:{s:7:"%module";s:5:"dblog";}', '6', '', 'http://localhost/drupal-7.4/install.php?profile=minimal&locale=en&id=1&op=do', 'http://localhost/drupal-7.4/install.php?profile=minimal&locale=en&op=start&id=1', '127.0.0.1', '1311348877');
INSERT INTO d7_drupal_install_test (id) VALUES (1);
INSERT INTO d7_semaphore (name, value, expire) VALUES ('variable_init', '8037725394e2998a584f1b3.96730055', '1311348902.5434');
INSERT INTO d7_registry_file (filename, hash) VALUES ('profiles/minimal/minimal.profile', '293337f964f24fb7e503b200376c38bde411de1c38de154520eb414c44eba935');
INSERT INTO d7_block (module, delta, theme, status, weight, region, pages, cache) VALUES ('system', 'main', 'bartik', '1', '0', 'content', '', '-1'), ('user', 'login', 'bartik', '1', '0', 'sidebar_first', '', '-1'), ('system', 'navigation', 'bartik', '1', '0', 'sidebar_first', '', '-1'), ('system', 'management', 'bartik', '1', '1', 'sidebar_first', '', '-1'), ('system', 'help', 'bartik', '1', '0', 'help', '', '-1');
INSERT INTO d7_variable (name, value) VALUES ('user_register', 'i:2;');
INSERT INTO d7_role_permission (rid, permission, module) VALUES ('1', 'access content', 'node');
INSERT INTO d7_role_permission (rid, permission, module) VALUES ('2', 'access content', 'node');
INSERT INTO d7_watchdog (uid, type, message, variables, severity, link, location, referer, hostname, timestamp) VALUES ('0', 'system', '%module module installed.', 'a:1:{s:7:"%module";s:7:"minimal";}', '6', '', 'http://localhost/drupal-7.4/install.php?profile=minimal&locale=en&id=1&op=do', 'http://localhost/drupal-7.4/install.php?profile=minimal&locale=en&op=start&id=1', '127.0.0.1', '1311348899');
INSERT INTO d7_watchdog (uid, type, message, variables, severity, link, location, referer, hostname, timestamp) VALUES ('0', 'system', '%module module enabled.', 'a:1:{s:7:"%module";s:7:"minimal";}', '6', '', 'http://localhost/drupal-7.4/install.php?profile=minimal&locale=en&id=1&op=do', 'http://localhost/drupal-7.4/install.php?profile=minimal&locale=en&op=start&id=1', '127.0.0.1', '1311348899');
INSERT INTO d7_drupal_install_test (id) VALUES (1);
INSERT INTO d7_semaphore (name, value, expire) VALUES ('variable_init', '87318634e2998bb5199a1.76382437', '1311348924.3331');
INSERT INTO d7_variable (name, value) VALUES ('css_js_query_string', 's:6:"loqrav";');
INSERT INTO d7_semaphore (name, value, expire) VALUES ('menu_rebuild', '87318634e2998bb5199a1.76382437', '1311348965.5704');
INSERT INTO d7_menu_router (path, load_functions, to_arg_functions, access_callback, access_arguments, page_callback, page_arguments, delivery_callback, fit, number_parts, context, tab_parent, tab_root, title, title_callback, title_arguments, theme_callback, theme_arguments, type, description, position, weight, include_file) VALUES ('rss.xml', '', '', 'user_access', 'a:1:{i:0;s:14:"access content";}', 'node_feed', 'a:0:{}', '', '1', '1', '0', '', 'rss.xml', 'RSS feed', 't', '', '', 'a:0:{}', '0', '', '', '0', ''), ('node', '', '', 'user_access', 'a:1:{i:0;s:14:"access content";}', 'node_page_default', 'a:0:{}', '', '1', '1', '0', '', 'node', '', 't', '', '', 'a:0:{}', '0', '', '', '0', ''), ('batch', '', '', '1', 'a:0:{}', 'system_batch_page', 'a:0:{}', '', '1', '1', '0', '', 'batch', '', 't', '', '_system_batch_theme', 'a:0:{}', '0', '', '', '0', 'modules/system/system.admin.inc'), ('admin', '', '', 'user_access', 'a:1:{i:0;s:27:"access administration pages";}', 'system_admin_menu_block_page', 'a:0:{}', '', '1', '1', '0', '', 'admin', 'Administration', 't', '', '', 'a:0:{}', '6', '', '', '9', 'modules/system/system.admin.inc'), ('user', '', '', '1', 'a:0:{}', 'user_page', 'a:0:{}', '', '1', '1', '0', '', 'user', 'User account', 'user_menu_title', '', '', 'a:0:{}', '6', '', '', '-10', 'modules/user/user.pages.inc'), ('admin/tasks', '', '', 'user_access', 'a:1:{i:0;s:27:"access administration pages";}', 'system_admin_menu_block_page', 'a:0:{}', '', '3', '2', '1', 'admin', 'admin', 'Tasks', 't', '', '', 'a:0:{}', '140', '', '', '-20', 'modules/system/system.admin.inc'), ('user/login', '', '', 'user_is_anonymous', 'a:0:{}', 'user_page', 'a:0:{}', '', '3', '2', '1', 'user', 'user', 'Log in', 't', '', '', 'a:0:{}', '140', '', '', '0', 'modules/user/user.pages.inc'), ('node/add', '', '', '_node_add_access', 'a:0:{}', 'node_add_page', 'a:0:{}', '', '3', '2', '0', '', 'node/add', 'Add content', 't', '', '', 'a:0:{}', '6', '', '', '0', 'modules/node/node.pages.inc'), ('admin/compact', '', '', 'user_access', 'a:1:{i:0;s:27:"access administration pages";}', 'system_admin_compact_page', 'a:0:{}', '', '3', '2', '0', '', 'admin/compact', 'Compact mode', 't', '', '', 'a:0:{}', '0', '', '', '0', 'modules/system/system.admin.inc'), ('filter/tips', '', '', '1', 'a:0:{}', 'filter_tips_long', 'a:0:{}', '', '3', '2', '0', '', 'filter/tips', 'Compose tips', 't', '', '', 'a:0:{}', '20', '', '', '0', 'modules/filter/filter.pages.inc'), ('user/register', '', '', 'user_register_access', 'a:0:{}', 'drupal_get_form', 'a:1:{i:0;s:18:"user_register_form";}', '', '3', '2', '1', 'user', 'user', 'Create new account', 't', '', '', 'a:0:{}', '132', '', '', '0', ''), ('system/files', '', '', '1', 'a:0:{}', 'file_download', 'a:1:{i:0;s:7:"private";}', '', '3', '2', '0', '', 'system/files', 'File download', 't', '', '', 'a:0:{}', '0', '', '', '0', ''), ('admin/index', '', '', 'user_access', 'a:1:{i:0;s:27:"access administration pages";}', 'system_admin_index', 'a:0:{}', '', '3', '2', '1', 'admin', 'admin', 'Index', 't', '', '', 'a:0:{}', '132', '', '', '-18', 'modules/system/system.admin.inc'), ('system/temporary', '', '', '1', 'a:0:{}', 'file_download', 'a:1:{i:0;s:9:"temporary";}', '', '3', '2', '0', '', 'system/temporary', 'Temporary files', 't', '', '', 'a:0:{}', '0', '', '', '0', ''), ('system/timezone', '', '', '1', 'a:0:{}', 'system_timezone', 'a:0:{}', '', '3', '2', '0', '', 'system/timezone', 'Time zone', 't', '', '', 'a:0:{}', '0', '', '', '0', 'modules/system/system.admin.inc'), ('admin/config', '', '', 'user_access', 'a:1:{i:0;s:27:"access administration pages";}', 'system_admin_config_page', 'a:0:{}', '', '3', '2', '0', '', 'admin/config', 'Configuration', 't', '', '', 'a:0:{}', '6', 'Administer settings.', '', '0', 'modules/system/system.admin.inc'), ('user/logout', '', '', 'user_is_logged_in', 'a:0:{}', 'user_logout', 'a:0:{}', '', '3', '2', '0', '', 'user/logout', 'Log out', 't', '', '', 'a:0:{}', '6', '', '', '10', 'modules/user/user.pages.inc'), ('user/password', '', '', '1', 'a:0:{}', 'drupal_get_form', 'a:1:{i:0;s:9:"user_pass";}', '', '3', '2', '1', 'user', 'user', 'Request new password', 't', '', '', 'a:0:{}', '132', '', '', '0', 'modules/user/user.pages.inc'), ('user/autocomplete', '', '', 'user_access', 'a:1:{i:0;s:20:"access user profiles";}', 'user_autocomplete', 'a:0:{}', '', '3', '2', '0', '', 'user/autocomplete', 'User autocomplete', 't', '', '', 'a:0:{}', '0', '', '', '0', 'modules/user/user.pages.inc'), ('admin/appearance', '', '', 'user_access', 'a:1:{i:0;s:17:"administer themes";}', 'system_themes_page', 'a:0:{}', '', '3', '2', '0', '', 'admin/appearance', 'Appearance', 't', '', '', 'a:0:{}', '6', 'Select and configure your themes.', 'left', '-6', 'modules/system/system.admin.inc');
INSERT INTO d7_menu_router (path, load_functions, to_arg_functions, access_callback, access_arguments, page_callback, page_arguments, delivery_callback, fit, number_parts, context, tab_parent, tab_root, title, title_callback, title_arguments, theme_callback, theme_arguments, type, description, position, weight, include_file) VALUES ('admin/content', '', '', 'user_access', 'a:1:{i:0;s:23:"access content overview";}', 'drupal_get_form', 'a:1:{i:0;s:18:"node_admin_content";}', '', '3', '2', '0', '', 'admin/content', 'Content', 't', '', '', 'a:0:{}', '6', 'Find and manage content.', '', '-10', 'modules/node/node.admin.inc'), ('admin/modules', '', '', 'user_access', 'a:1:{i:0;s:18:"administer modules";}', 'drupal_get_form', 'a:1:{i:0;s:14:"system_modules";}', '', '3', '2', '0', '', 'admin/modules', 'Modules', 't', '', '', 'a:0:{}', '6', 'Enable or disable modules.', '', '-2', 'modules/system/system.admin.inc'), ('admin/reports', '', '', 'user_access', 'a:1:{i:0;s:19:"access site reports";}', 'system_admin_menu_block_page', 'a:0:{}', '', '3', '2', '0', '', 'admin/reports', 'Reports', 't', '', '', 'a:0:{}', '6', 'View reports, updates, and errors.', 'left', '5', 'modules/system/system.admin.inc'), ('admin/structure', '', '', 'user_access', 'a:1:{i:0;s:27:"access administration pages";}', 'system_admin_menu_block_page', 'a:0:{}', '', '3', '2', '0', '', 'admin/structure', 'Structure', 't', '', '', 'a:0:{}', '6', 'Administer blocks, content types, menus, etc.', 'right', '-8', 'modules/system/system.admin.inc'), ('system/ajax', '', '', '1', 'a:0:{}', 'ajax_form_callback', 'a:0:{}', 'ajax_deliver', '3', '2', '0', '', 'system/ajax', 'AHAH callback', 't', '', 'ajax_base_page_theme', 'a:0:{}', '0', '', '', '0', 'includes/form.inc'), ('node/%', 'a:1:{i:1;s:9:"node_load";}', '', 'node_access', 'a:2:{i:0;s:4:"view";i:1;i:1;}', 'node_page_view', 'a:1:{i:0;i:1;}', '', '2', '2', '0', '', 'node/%', '', 'node_page_title', 'a:1:{i:0;i:1;}', '', 'a:0:{}', '6', '', '', '0', ''), ('admin/people', '', '', 'user_access', 'a:1:{i:0;s:16:"administer users";}', 'user_admin', 'a:1:{i:0;s:4:"list";}', '', '3', '2', '0', '', 'admin/people', 'People', 't', '', '', 'a:0:{}', '6', 'Manage user accounts, roles, and permissions.', 'left', '-4', 'modules/user/user.admin.inc'), ('user/%', 'a:1:{i:1;s:9:"user_load";}', '', 'user_view_access', 'a:1:{i:0;i:1;}', 'user_view_page', 'a:1:{i:0;i:1;}', '', '2', '2', '0', '', 'user/%', 'My account', 'user_page_title', 'a:1:{i:0;i:1;}', '', 'a:0:{}', '6', '', '', '0', ''), ('admin/content/node', '', '', 'user_access', 'a:1:{i:0;s:23:"access content overview";}', 'drupal_get_form', 'a:1:{i:0;s:18:"node_admin_content";}', '', '7', '3', '1', 'admin/content', 'admin/content', 'Content', 't', '', '', 'a:0:{}', '140', '', '', '-10', 'modules/node/node.admin.inc'), ('admin/modules/list', '', '', 'user_access', 'a:1:{i:0;s:18:"administer modules";}', 'drupal_get_form', 'a:1:{i:0;s:14:"system_modules";}', '', '7', '3', '1', 'admin/modules', 'admin/modules', 'List', 't', '', '', 'a:0:{}', '140', '', '', '0', 'modules/system/system.admin.inc'), ('node/%/view', 'a:1:{i:1;s:9:"node_load";}', '', 'node_access', 'a:2:{i:0;s:4:"view";i:1;i:1;}', 'node_page_view', 'a:1:{i:0;i:1;}', '', '5', '3', '1', 'node/%', 'node/%', 'View', 't', '', '', 'a:0:{}', '140', '', '', '-10', ''), ('user/%/view', 'a:1:{i:1;s:9:"user_load";}', '', 'user_view_access', 'a:1:{i:0;i:1;}', 'user_view_page', 'a:1:{i:0;i:1;}', '', '5', '3', '1', 'user/%', 'user/%', 'View', 't', '', '', 'a:0:{}', '140', '', '', '-10', ''), ('admin/people/create', '', '', 'user_access', 'a:1:{i:0;s:16:"administer users";}', 'user_admin', 'a:1:{i:0;s:6:"create";}', '', '7', '3', '1', 'admin/people', 'admin/people', 'Add user', 't', '', '', 'a:0:{}', '388', '', '', '0', 'modules/user/user.admin.inc'), ('admin/appearance/list', '', '', 'user_access', 'a:1:{i:0;s:17:"administer themes";}', 'system_themes_page', 'a:0:{}', '', '7', '3', '1', 'admin/appearance', 'admin/appearance', 'List', 't', '', '', 'a:0:{}', '140', 'Select and configure your theme', '', '-1', 'modules/system/system.admin.inc'), ('admin/appearance/disable', '', '', 'user_access', 'a:1:{i:0;s:17:"administer themes";}', 'system_theme_disable', 'a:0:{}', '', '7', '3', '0', '', 'admin/appearance/disable', 'Disable theme', 't', '', '', 'a:0:{}', '0', '', '', '0', 'modules/system/system.admin.inc'), ('admin/appearance/enable', '', '', 'user_access', 'a:1:{i:0;s:17:"administer themes";}', 'system_theme_enable', 'a:0:{}', '', '7', '3', '0', '', 'admin/appearance/enable', 'Enable theme', 't', '', '', 'a:0:{}', '0', '', '', '0', 'modules/system/system.admin.inc'), ('admin/people/people', '', '', 'user_access', 'a:1:{i:0;s:16:"administer users";}', 'user_admin', 'a:1:{i:0;s:4:"list";}', '', '7', '3', '1', 'admin/people', 'admin/people', 'List', 't', '', '', 'a:0:{}', '140', 'Find and manage people interacting with your site.', '', '-10', 'modules/user/user.admin.inc'), ('admin/appearance/default', '', '', 'user_access', 'a:1:{i:0;s:17:"administer themes";}', 'system_theme_default', 'a:0:{}', '', '7', '3', '0', '', 'admin/appearance/default', 'Set default theme', 't', '', '', 'a:0:{}', '0', '', '', '0', 'modules/system/system.admin.inc'), ('admin/modules/uninstall', '', '', 'user_access', 'a:1:{i:0;s:18:"administer modules";}', 'drupal_get_form', 'a:1:{i:0;s:24:"system_modules_uninstall";}', '', '7', '3', '1', 'admin/modules', 'admin/modules', 'Uninstall', 't', '', '', 'a:0:{}', '132', '', '', '20', 'modules/system/system.admin.inc'), ('admin/structure/types', '', '', 'user_access', 'a:1:{i:0;s:24:"administer content types";}', 'node_overview_types', 'a:0:{}', '', '7', '3', '0', '', 'admin/structure/types', 'Content types', 't', '', '', 'a:0:{}', '6', 'Manage content types, including default status, front page promotion, comment settings, etc.', '', '0', 'modules/node/content_types.inc');
INSERT INTO d7_menu_router (path, load_functions, to_arg_functions, access_callback, access_arguments, page_callback, page_arguments, delivery_callback, fit, number_parts, context, tab_parent, tab_root, title, title_callback, title_arguments, theme_callback, theme_arguments, type, description, position, weight, include_file) VALUES ('admin/reports/dblog', '', '', 'user_access', 'a:1:{i:0;s:19:"access site reports";}', 'dblog_overview', 'a:0:{}', '', '7', '3', '0', '', 'admin/reports/dblog', 'Recent log messages', 't', '', '', 'a:0:{}', '6', 'View events that have recently been logged.', '', '-1', 'modules/dblog/dblog.admin.inc'), ('admin/reports/status', '', '', 'user_access', 'a:1:{i:0;s:29:"administer site configuration";}', 'system_status', 'a:0:{}', '', '7', '3', '0', '', 'admin/reports/status', 'Status report', 't', '', '', 'a:0:{}', '6', 'Get a status report about your site''s operation and any detected problems.', '', '-60', 'modules/system/system.admin.inc'), ('admin/structure/block', '', '', 'user_access', 'a:1:{i:0;s:17:"administer blocks";}', 'block_admin_display', 'a:1:{i:0;s:6:"bartik";}', '', '7', '3', '0', '', 'admin/structure/block', 'Blocks', 't', '', '', 'a:0:{}', '6', 'Configure what block content appears in your site''s sidebars and other regions.', '', '0', 'modules/block/block.admin.inc'), ('user/%/cancel', 'a:1:{i:1;s:9:"user_load";}', '', 'user_cancel_access', 'a:1:{i:0;i:1;}', 'drupal_get_form', 'a:2:{i:0;s:24:"user_cancel_confirm_form";i:1;i:1;}', '', '5', '3', '0', '', 'user/%/cancel', 'Cancel account', 't', '', '', 'a:0:{}', '6', '', '', '0', 'modules/user/user.pages.inc'), ('admin/config/content', '', '', 'user_access', 'a:1:{i:0;s:27:"access administration pages";}', 'system_admin_menu_block_page', 'a:0:{}', '', '7', '3', '0', '', 'admin/config/content', 'Content authoring', 't', '', '', 'a:0:{}', '6', 'Settings related to formatting and authoring content.', 'left', '-15', 'modules/system/system.admin.inc'), ('admin/config/development', '', '', 'user_access', 'a:1:{i:0;s:27:"access administration pages";}', 'system_admin_menu_block_page', 'a:0:{}', '', '7', '3', '0', '', 'admin/config/development', 'Development', 't', '', '', 'a:0:{}', '6', 'Development tools.', 'right', '-10', 'modules/system/system.admin.inc'), ('user/%/edit', 'a:1:{i:1;s:9:"user_load";}', '', 'user_edit_access', 'a:1:{i:0;i:1;}', 'drupal_get_form', 'a:2:{i:0;s:17:"user_profile_form";i:1;i:1;}', '', '5', '3', '1', 'user/%', 'user/%', 'Edit', 't', '', '', 'a:0:{}', '132', '', '', '0', 'modules/user/user.pages.inc'), ('admin/config/media', '', '', 'user_access', 'a:1:{i:0;s:27:"access administration pages";}', 'system_admin_menu_block_page', 'a:0:{}', '', '7', '3', '0', '', 'admin/config/media', 'Media', 't', '', '', 'a:0:{}', '6', 'Media tools.', 'left', '-10', 'modules/system/system.admin.inc'), ('admin/people/permissions', '', '', 'user_access', 'a:1:{i:0;s:22:"administer permissions";}', 'drupal_get_form', 'a:1:{i:0;s:22:"user_admin_permissions";}', '', '7', '3', '1', 'admin/people', 'admin/people', 'Permissions', 't', '', '', 'a:0:{}', '132', 'Determine access to features by selecting permissions for roles.', '', '0', 'modules/user/user.admin.inc'), ('admin/config/regional', '', '', 'user_access', 'a:1:{i:0;s:27:"access administration pages";}', 'system_admin_menu_block_page', 'a:0:{}', '', '7', '3', '0', '', 'admin/config/regional', 'Regional and language', 't', '', '', 'a:0:{}', '6', 'Regional settings, localization and translation.', 'left', '-5', 'modules/system/system.admin.inc'), ('node/%/revisions', 'a:1:{i:1;s:9:"node_load";}', '', '_node_revision_access', 'a:1:{i:0;i:1;}', 'node_revision_overview', 'a:1:{i:0;i:1;}', '', '5', '3', '1', 'node/%', 'node/%', 'Revisions', 't', '', '', 'a:0:{}', '132', '', '', '2', 'modules/node/node.pages.inc'), ('admin/config/search', '', '', 'user_access', 'a:1:{i:0;s:27:"access administration pages";}', 'system_admin_menu_block_page', 'a:0:{}', '', '7', '3', '0', '', 'admin/config/search', 'Search and metadata', 't', '', '', 'a:0:{}', '6', 'Local site search, metadata and SEO.', 'left', '-10', 'modules/system/system.admin.inc'), ('admin/appearance/settings', '', '', 'user_access', 'a:1:{i:0;s:17:"administer themes";}', 'drupal_get_form', 'a:1:{i:0;s:21:"system_theme_settings";}', '', '7', '3', '1', 'admin/appearance', 'admin/appearance', 'Settings', 't', '', '', 'a:0:{}', '132', 'Configure default and theme specific settings.', '', '20', 'modules/system/system.admin.inc'), ('admin/config/system', '', '', 'user_access', 'a:1:{i:0;s:27:"access administration pages";}', 'system_admin_menu_block_page', 'a:0:{}', '', '7', '3', '0', '', 'admin/config/system', 'System', 't', '', '', 'a:0:{}', '6', 'General system related configuration.', 'right', '-20', 'modules/system/system.admin.inc'), ('admin/reports/access-denied', '', '', 'user_access', 'a:1:{i:0;s:19:"access site reports";}', 'dblog_top', 'a:1:{i:0;s:13:"access denied";}', '', '7', '3', '0', '', 'admin/reports/access-denied', 'Top ''access denied'' errors', 't', '', '', 'a:0:{}', '6', 'View ''access denied'' errors (403s).', '', '0', 'modules/dblog/dblog.admin.inc'), ('admin/reports/page-not-found', '', '', 'user_access', 'a:1:{i:0;s:19:"access site reports";}', 'dblog_top', 'a:1:{i:0;s:14:"page not found";}', '', '7', '3', '0', '', 'admin/reports/page-not-found', 'Top ''page not found'' errors', 't', '', '', 'a:0:{}', '6', 'View ''page not found'' errors (404s).', '', '0', 'modules/dblog/dblog.admin.inc'), ('admin/config/user-interface', '', '', 'user_access', 'a:1:{i:0;s:27:"access administration pages";}', 'system_admin_menu_block_page', 'a:0:{}', '', '7', '3', '0', '', 'admin/config/user-interface', 'User interface', 't', '', '', 'a:0:{}', '6', 'Tools that enhance the user interface.', 'right', '-15', 'modules/system/system.admin.inc'), ('admin/config/services', '', '', 'user_access', 'a:1:{i:0;s:27:"access administration pages";}', 'system_admin_menu_block_page', 'a:0:{}', '', '7', '3', '0', '', 'admin/config/services', 'Web services', 't', '', '', 'a:0:{}', '6', 'Tools related to web services.', 'right', '0', 'modules/system/system.admin.inc'), ('admin/config/workflow', '', '', 'user_access', 'a:1:{i:0;s:27:"access administration pages";}', 'system_admin_menu_block_page', 'a:0:{}', '', '7', '3', '0', '', 'admin/config/workflow', 'Workflow', 't', '', '', 'a:0:{}', '6', 'Content workflow, editorial workflow tools.', 'right', '5', 'modules/system/system.admin.inc'), ('node/%/delete', 'a:1:{i:1;s:9:"node_load";}', '', 'node_access', 'a:2:{i:0;s:6:"delete";i:1;i:1;}', 'drupal_get_form', 'a:2:{i:0;s:19:"node_delete_confirm";i:1;i:1;}', '', '5', '3', '2', 'node/%', 'node/%', 'Delete', 't', '', '', 'a:0:{}', '132', '', '', '1', 'modules/node/node.pages.inc');
INSERT INTO d7_menu_router (path, load_functions, to_arg_functions, access_callback, access_arguments, page_callback, page_arguments, delivery_callback, fit, number_parts, context, tab_parent, tab_root, title, title_callback, title_arguments, theme_callback, theme_arguments, type, description, position, weight, include_file) VALUES ('node/%/edit', 'a:1:{i:1;s:9:"node_load";}', '', 'node_access', 'a:2:{i:0;s:6:"update";i:1;i:1;}', 'node_page_edit', 'a:1:{i:0;i:1;}', '', '5', '3', '3', 'node/%', 'node/%', 'Edit', 't', '', '', 'a:0:{}', '132', '', '', '0', 'modules/node/node.pages.inc'), ('admin/config/people', '', '', 'user_access', 'a:1:{i:0;s:27:"access administration pages";}', 'system_admin_menu_block_page', 'a:0:{}', '', '7', '3', '0', '', 'admin/config/people', 'People', 't', '', '', 'a:0:{}', '6', 'Configure user accounts.', 'left', '-20', 'modules/system/system.admin.inc'), ('admin/appearance/settings/global', '', '', 'user_access', 'a:1:{i:0;s:17:"administer themes";}', 'drupal_get_form', 'a:1:{i:0;s:21:"system_theme_settings";}', '', '15', '4', '1', 'admin/appearance/settings', 'admin/appearance', 'Global settings', 't', '', '', 'a:0:{}', '140', '', '', '-1', 'modules/system/system.admin.inc'), ('admin/structure/types/list', '', '', 'user_access', 'a:1:{i:0;s:24:"administer content types";}', 'node_overview_types', 'a:0:{}', '', '15', '4', '1', 'admin/structure/types', 'admin/structure/types', 'List', 't', '', '', 'a:0:{}', '140', '', '', '-10', 'modules/node/content_types.inc'), ('user/%/edit/account', 'a:1:{i:1;a:1:{s:18:"user_category_load";a:2:{i:0;s:4:"%map";i:1;s:6:"%index";}}}', '', 'user_edit_access', 'a:1:{i:0;i:1;}', 'drupal_get_form', 'a:2:{i:0;s:17:"user_profile_form";i:1;i:1;}', '', '11', '4', '1', 'user/%/edit', 'user/%', 'Account', 't', '', '', 'a:0:{}', '140', '', '', '0', 'modules/user/user.pages.inc'), ('admin/modules/list/confirm', '', '', 'user_access', 'a:1:{i:0;s:18:"administer modules";}', 'drupal_get_form', 'a:1:{i:0;s:14:"system_modules";}', '', '15', '4', '0', '', 'admin/modules/list/confirm', 'List', 't', '', '', 'a:0:{}', '4', '', '', '0', 'modules/system/system.admin.inc'), ('admin/people/permissions/list', '', '', 'user_access', 'a:1:{i:0;s:22:"administer permissions";}', 'drupal_get_form', 'a:1:{i:0;s:22:"user_admin_permissions";}', '', '15', '4', '1', 'admin/people/permissions', 'admin/people', 'Permissions', 't', '', '', 'a:0:{}', '140', 'Determine access to features by selecting permissions for roles.', '', '-8', 'modules/user/user.admin.inc'), ('admin/modules/uninstall/confirm', '', '', 'user_access', 'a:1:{i:0;s:18:"administer modules";}', 'drupal_get_form', 'a:1:{i:0;s:24:"system_modules_uninstall";}', '', '15', '4', '0', '', 'admin/modules/uninstall/confirm', 'Uninstall', 't', '', '', 'a:0:{}', '4', '', '', '0', 'modules/system/system.admin.inc'), ('admin/reports/status/php', '', '', 'user_access', 'a:1:{i:0;s:29:"administer site configuration";}', 'system_php', 'a:0:{}', '', '15', '4', '0', '', 'admin/reports/status/php', 'PHP', 't', '', '', 'a:0:{}', '0', '', '', '0', 'modules/system/system.admin.inc'), ('admin/reports/status/run-cron', '', '', 'user_access', 'a:1:{i:0;s:29:"administer site configuration";}', 'system_run_cron', 'a:0:{}', '', '15', '4', '0', '', 'admin/reports/status/run-cron', 'Run cron', 't', '', '', 'a:0:{}', '0', '', '', '0', 'modules/system/system.admin.inc'), ('admin/config/system/actions', '', '', 'user_access', 'a:1:{i:0;s:18:"administer actions";}', 'system_actions_manage', 'a:0:{}', '', '15', '4', '0', '', 'admin/config/system/actions', 'Actions', 't', '', '', 'a:0:{}', '6', 'Manage the actions defined for your site.', '', '0', 'modules/system/system.admin.inc'), ('admin/structure/block/add', '', '', 'user_access', 'a:1:{i:0;s:17:"administer blocks";}', 'drupal_get_form', 'a:1:{i:0;s:20:"block_add_block_form";}', '', '15', '4', '1', 'admin/structure/block', 'admin/structure/block', 'Add block', 't', '', '', 'a:0:{}', '388', '', '', '0', 'modules/block/block.admin.inc'), ('admin/structure/types/add', '', '', 'user_access', 'a:1:{i:0;s:24:"administer content types";}', 'drupal_get_form', 'a:1:{i:0;s:14:"node_type_form";}', '', '15', '4', '1', 'admin/structure/types', 'admin/structure/types', 'Add content type', 't', '', '', 'a:0:{}', '388', '', '', '0', 'modules/node/content_types.inc'), ('admin/appearance/settings/bartik', '', '', '_system_themes_access', 'a:1:{i:0;O:8:"stdClass":10:{s:3:"uri";s:25:"themes/bartik/bartik.info";s:8:"filename";s:25:"themes/bartik/bartik.info";s:4:"name";s:6:"bartik";s:4:"info";a:16:{s:4:"name";s:6:"Bartik";s:11:"description";s:48:"A flexible, recolorable theme with many regions.";s:7:"package";s:4:"Core";s:7:"version";s:3:"7.4";s:4:"core";s:3:"7.x";s:11:"stylesheets";a:2:{s:3:"all";a:3:{s:14:"css/layout.css";s:28:"themes/bartik/css/layout.css";s:13:"css/style.css";s:27:"themes/bartik/css/style.css";s:14:"css/colors.css";s:28:"themes/bartik/css/colors.css";}s:5:"print";a:1:{s:13:"css/print.css";s:27:"themes/bartik/css/print.css";}}s:7:"regions";a:17:{s:6:"header";s:6:"Header";s:4:"help";s:4:"Help";s:8:"page_top";s:8:"Page top";s:11:"page_bottom";s:11:"Page bottom";s:11:"highlighted";s:11:"Highlighted";s:8:"featured";s:8:"Featured";s:7:"content";s:7:"Content";s:13:"sidebar_first";s:13:"Sidebar first";s:14:"sidebar_second";s:14:"Sidebar second";s:14:"triptych_first";s:14:"Triptych first";s:15:"triptych_middle";s:15:"Triptych middle";s:13:"triptych_last";s:13:"Triptych last";s:18:"footer_firstcolumn";s:19:"Footer first column";s:19:"footer_secondcolumn";s:20:"Footer second column";s:18:"footer_thirdcolumn";s:19:"Footer third column";s:19:"footer_fourthcolumn";s:20:"Footer fourth column";s:6:"footer";s:6:"Footer";}s:8:"settings";a:1:{s:20:"shortcut_module_link";s:1:"0";}s:7:"project";s:6:"drupal";s:9:"datestamp";s:10:"1309397516";s:6:"engine";s:11:"phptemplate";s:8:"features";a:9:{i:0;s:4:"logo";i:1;s:7:"favicon";i:2;s:4:"name";i:3;s:6:"slogan";i:4;s:17:"node_user_picture";i:5;s:20:"comment_user_picture";i:6;s:25:"comment_user_verification";i:7;s:9:"main_menu";i:8;s:14:"secondary_menu";}s:10:"screenshot";s:28:"themes/bartik/screenshot.png";s:3:"php";s:5:"5.2.4";s:7:"scripts";a:0:{}s:14:"regions_hidden";a:2:{i:0;s:8:"page_top";i:1;s:11:"page_bottom";}}s:5:"owner";s:45:"themes/engines/phptemplate/phptemplate.engine";s:6:"prefix";s:11:"phptemplate";s:8:"template";b:1;s:11:"stylesheets";a:2:{s:3:"all";a:3:{s:14:"css/layout.css";s:28:"themes/bartik/css/layout.css";s:13:"css/style.css";s:27:"themes/bartik/css/style.css";s:14:"css/colors.css";s:28:"themes/bartik/css/colors.css";}s:5:"print";a:1:{s:13:"css/print.css";s:27:"themes/bartik/css/print.css";}}s:6:"engine";s:11:"phptemplate";s:6:"status";i:0;}}', 'drupal_get_form', 'a:2:{i:0;s:21:"system_theme_settings";i:1;s:6:"bartik";}', '', '15', '4', '1', 'admin/appearance/settings', 'admin/appearance', 'Bartik', 't', '', '', 'a:0:{}', '132', '', '', '0', 'modules/system/system.admin.inc'), ('admin/reports/event/%', 'a:1:{i:3;N;}', '', 'user_access', 'a:1:{i:0;s:19:"access site reports";}', 'dblog_event', 'a:1:{i:0;i:3;}', '', '14', '4', '0', '', 'admin/reports/event/%', 'Details', 't', '', '', 'a:0:{}', '6', '', '', '0', 'modules/dblog/dblog.admin.inc'), ('admin/appearance/settings/garland', '', '', '_system_themes_access', 'a:1:{i:0;O:8:"stdClass":10:{s:3:"uri";s:27:"themes/garland/garland.info";s:8:"filename";s:27:"themes/garland/garland.info";s:4:"name";s:7:"garland";s:4:"info";a:16:{s:4:"name";s:7:"Garland";s:11:"description";s:111:"A multi-column theme which can be configured to modify colors and switch between fixed and fluid width layouts.";s:7:"package";s:4:"Core";s:7:"version";s:3:"7.4";s:4:"core";s:3:"7.x";s:11:"stylesheets";a:2:{s:3:"all";a:1:{s:9:"style.css";s:24:"themes/garland/style.css";}s:5:"print";a:1:{s:9:"print.css";s:24:"themes/garland/print.css";}}s:8:"settings";a:1:{s:13:"garland_width";s:5:"fluid";}s:7:"project";s:6:"drupal";s:9:"datestamp";s:10:"1309397516";s:6:"engine";s:11:"phptemplate";s:7:"regions";a:9:{s:13:"sidebar_first";s:12:"Left sidebar";s:14:"sidebar_second";s:13:"Right sidebar";s:7:"content";s:7:"Content";s:6:"header";s:6:"Header";s:6:"footer";s:6:"Footer";s:11:"highlighted";s:11:"Highlighted";s:4:"help";s:4:"Help";s:8:"page_top";s:8:"Page top";s:11:"page_bottom";s:11:"Page bottom";}s:8:"features";a:9:{i:0;s:4:"logo";i:1;s:7:"favicon";i:2;s:4:"name";i:3;s:6:"slogan";i:4;s:17:"node_user_picture";i:5;s:20:"comment_user_picture";i:6;s:25:"comment_user_verification";i:7;s:9:"main_menu";i:8;s:14:"secondary_menu";}s:10:"screenshot";s:29:"themes/garland/screenshot.png";s:3:"php";s:5:"5.2.4";s:7:"scripts";a:0:{}s:14:"regions_hidden";a:2:{i:0;s:8:"page_top";i:1;s:11:"page_bottom";}}s:5:"owner";s:45:"themes/engines/phptemplate/phptemplate.engine";s:6:"prefix";s:11:"phptemplate";s:8:"template";b:1;s:11:"stylesheets";a:2:{s:3:"all";a:1:{s:9:"style.css";s:24:"themes/garland/style.css";}s:5:"print";a:1:{s:9:"print.css";s:24:"themes/garland/print.css";}}s:6:"engine";s:11:"phptemplate";s:6:"status";i:0;}}', 'drupal_get_form', 'a:2:{i:0;s:21:"system_theme_settings";i:1;s:7:"garland";}', '', '15', '4', '1', 'admin/appearance/settings', 'admin/appearance', 'Garland', 't', '', '', 'a:0:{}', '132', '', '', '0', 'modules/system/system.admin.inc'), ('admin/config/people/ip-blocking', '', '', 'user_access', 'a:1:{i:0;s:18:"block IP addresses";}', 'system_ip_blocking', 'a:0:{}', '', '15', '4', '0', '', 'admin/config/people/ip-blocking', 'IP address blocking', 't', '', '', 'a:0:{}', '6', 'Manage blocked IP addresses.', '', '10', 'modules/system/system.admin.inc'), ('admin/reports/status/rebuild', '', '', 'user_access', 'a:1:{i:0;s:27:"access administration pages";}', 'drupal_get_form', 'a:1:{i:0;s:30:"node_configure_rebuild_confirm";}', '', '15', '4', '0', '', 'admin/reports/status/rebuild', 'Rebuild permissions', 't', '', '', 'a:0:{}', '0', '', '', '0', 'modules/node/node.admin.inc'), ('admin/appearance/settings/seven', '', '', '_system_themes_access', 'a:1:{i:0;O:8:"stdClass":10:{s:3:"uri";s:23:"themes/seven/seven.info";s:8:"filename";s:23:"themes/seven/seven.info";s:4:"name";s:5:"seven";s:4:"info";a:16:{s:4:"name";s:5:"Seven";s:11:"description";s:65:"A simple one-column, tableless, fluid width administration theme.";s:7:"package";s:4:"Core";s:7:"version";s:3:"7.4";s:4:"core";s:3:"7.x";s:11:"stylesheets";a:1:{s:6:"screen";a:2:{s:9:"reset.css";s:22:"themes/seven/reset.css";s:9:"style.css";s:22:"themes/seven/style.css";}}s:8:"settings";a:1:{s:20:"shortcut_module_link";s:1:"1";}s:7:"regions";a:5:{s:7:"content";s:7:"Content";s:4:"help";s:4:"Help";s:8:"page_top";s:8:"Page top";s:11:"page_bottom";s:11:"Page bottom";s:13:"sidebar_first";s:13:"First sidebar";}s:14:"regions_hidden";a:3:{i:0;s:13:"sidebar_first";i:1;s:8:"page_top";i:2;s:11:"page_bottom";}s:7:"project";s:6:"drupal";s:9:"datestamp";s:10:"1309397516";s:6:"engine";s:11:"phptemplate";s:8:"features";a:9:{i:0;s:4:"logo";i:1;s:7:"favicon";i:2;s:4:"name";i:3;s:6:"slogan";i:4;s:17:"node_user_picture";i:5;s:20:"comment_user_picture";i:6;s:25:"comment_user_verification";i:7;s:9:"main_menu";i:8;s:14:"secondary_menu";}s:10:"screenshot";s:27:"themes/seven/screenshot.png";s:3:"php";s:5:"5.2.4";s:7:"scripts";a:0:{}}s:5:"owner";s:45:"themes/engines/phptemplate/phptemplate.engine";s:6:"prefix";s:11:"phptemplate";s:8:"template";b:1;s:11:"stylesheets";a:1:{s:6:"screen";a:2:{s:9:"reset.css";s:22:"themes/seven/reset.css";s:9:"style.css";s:22:"themes/seven/style.css";}}s:6:"engine";s:11:"phptemplate";s:6:"status";i:0;}}', 'drupal_get_form', 'a:2:{i:0;s:21:"system_theme_settings";i:1;s:5:"seven";}', '', '15', '4', '1', 'admin/appearance/settings', 'admin/appearance', 'Seven', 't', '', '', 'a:0:{}', '132', '', '', '0', 'modules/system/system.admin.inc'), ('admin/appearance/settings/stark', '', '', '_system_themes_access', 'a:1:{i:0;O:8:"stdClass":10:{s:3:"uri";s:23:"themes/stark/stark.info";s:8:"filename";s:23:"themes/stark/stark.info";s:4:"name";s:5:"stark";s:4:"info";a:15:{s:4:"name";s:5:"Stark";s:11:"description";s:208:"This theme demonstrates Drupal''s default HTML markup and CSS styles. To learn how to build your own theme and override Drupal''s default code, see the <a href="http://drupal.org/theme-guide">Theming Guide</a>.";s:7:"package";s:4:"Core";s:7:"version";s:3:"7.4";s:4:"core";s:3:"7.x";s:11:"stylesheets";a:1:{s:3:"all";a:1:{s:10:"layout.css";s:23:"themes/stark/layout.css";}}s:7:"project";s:6:"drupal";s:9:"datestamp";s:10:"1309397516";s:6:"engine";s:11:"phptemplate";s:7:"regions";a:9:{s:13:"sidebar_first";s:12:"Left sidebar";s:14:"sidebar_second";s:13:"Right sidebar";s:7:"content";s:7:"Content";s:6:"header";s:6:"Header";s:6:"footer";s:6:"Footer";s:11:"highlighted";s:11:"Highlighted";s:4:"help";s:4:"Help";s:8:"page_top";s:8:"Page top";s:11:"page_bottom";s:11:"Page bottom";}s:8:"features";a:9:{i:0;s:4:"logo";i:1;s:7:"favicon";i:2;s:4:"name";i:3;s:6:"slogan";i:4;s:17:"node_user_picture";i:5;s:20:"comment_user_picture";i:6;s:25:"comment_user_verification";i:7;s:9:"main_menu";i:8;s:14:"secondary_menu";}s:10:"screenshot";s:27:"themes/stark/screenshot.png";s:3:"php";s:5:"5.2.4";s:7:"scripts";a:0:{}s:14:"regions_hidden";a:2:{i:0;s:8:"page_top";i:1;s:11:"page_bottom";}}s:5:"owner";s:45:"themes/engines/phptemplate/phptemplate.engine";s:6:"prefix";s:11:"phptemplate";s:8:"template";b:1;s:11:"stylesheets";a:1:{s:3:"all";a:1:{s:10:"layout.css";s:23:"themes/stark/layout.css";}}s:6:"engine";s:11:"phptemplate";s:6:"status";i:0;}}', 'drupal_get_form', 'a:2:{i:0;s:21:"system_theme_settings";i:1;s:5:"stark";}', '', '15', '4', '1', 'admin/appearance/settings', 'admin/appearance', 'Stark', 't', '', '', 'a:0:{}', '132', '', '', '0', 'modules/system/system.admin.inc');
INSERT INTO d7_menu_router (path, load_functions, to_arg_functions, access_callback, access_arguments, page_callback, page_arguments, delivery_callback, fit, number_parts, context, tab_parent, tab_root, title, title_callback, title_arguments, theme_callback, theme_arguments, type, description, position, weight, include_file) VALUES ('admin/appearance/settings/test_theme', '', '', '_system_themes_access', 'a:1:{i:0;O:8:"stdClass":10:{s:3:"uri";s:39:"themes/tests/test_theme/test_theme.info";s:8:"filename";s:39:"themes/tests/test_theme/test_theme.info";s:4:"name";s:10:"test_theme";s:4:"info";a:15:{s:4:"name";s:10:"Test theme";s:11:"description";s:34:"Theme for testing the theme system";s:4:"core";s:3:"7.x";s:6:"hidden";b:1;s:11:"stylesheets";a:1:{s:3:"all";a:1:{s:15:"system.base.css";s:39:"themes/tests/test_theme/system.base.css";}}s:7:"version";s:3:"7.4";s:7:"project";s:6:"drupal";s:9:"datestamp";s:10:"1309397516";s:6:"engine";s:11:"phptemplate";s:7:"regions";a:9:{s:13:"sidebar_first";s:12:"Left sidebar";s:14:"sidebar_second";s:13:"Right sidebar";s:7:"content";s:7:"Content";s:6:"header";s:6:"Header";s:6:"footer";s:6:"Footer";s:11:"highlighted";s:11:"Highlighted";s:4:"help";s:4:"Help";s:8:"page_top";s:8:"Page top";s:11:"page_bottom";s:11:"Page bottom";}s:8:"features";a:9:{i:0;s:4:"logo";i:1;s:7:"favicon";i:2;s:4:"name";i:3;s:6:"slogan";i:4;s:17:"node_user_picture";i:5;s:20:"comment_user_picture";i:6;s:25:"comment_user_verification";i:7;s:9:"main_menu";i:8;s:14:"secondary_menu";}s:10:"screenshot";s:38:"themes/tests/test_theme/screenshot.png";s:3:"php";s:5:"5.2.4";s:7:"scripts";a:0:{}s:14:"regions_hidden";a:2:{i:0;s:8:"page_top";i:1;s:11:"page_bottom";}}s:5:"owner";s:45:"themes/engines/phptemplate/phptemplate.engine";s:6:"prefix";s:11:"phptemplate";s:8:"template";b:1;s:11:"stylesheets";a:1:{s:3:"all";a:1:{s:15:"system.base.css";s:39:"themes/tests/test_theme/system.base.css";}}s:6:"engine";s:11:"phptemplate";s:6:"status";i:0;}}', 'drupal_get_form', 'a:2:{i:0;s:21:"system_theme_settings";i:1;s:10:"test_theme";}', '', '15', '4', '1', 'admin/appearance/settings', 'admin/appearance', 'Test theme', 't', '', '', 'a:0:{}', '132', '', '', '0', 'modules/system/system.admin.inc'), ('admin/appearance/settings/update_test_basetheme', '', '', '_system_themes_access', 'a:1:{i:0;O:8:"stdClass":10:{s:3:"uri";s:61:"themes/tests/update_test_basetheme/update_test_basetheme.info";s:8:"filename";s:61:"themes/tests/update_test_basetheme/update_test_basetheme.info";s:4:"name";s:21:"update_test_basetheme";s:4:"info";a:15:{s:4:"name";s:22:"Update test base theme";s:11:"description";s:63:"Test theme which acts as a base theme for other test subthemes.";s:4:"core";s:3:"7.x";s:6:"hidden";b:1;s:7:"version";s:3:"7.4";s:7:"project";s:6:"drupal";s:9:"datestamp";s:10:"1309397516";s:6:"engine";s:11:"phptemplate";s:7:"regions";a:9:{s:13:"sidebar_first";s:12:"Left sidebar";s:14:"sidebar_second";s:13:"Right sidebar";s:7:"content";s:7:"Content";s:6:"header";s:6:"Header";s:6:"footer";s:6:"Footer";s:11:"highlighted";s:11:"Highlighted";s:4:"help";s:4:"Help";s:8:"page_top";s:8:"Page top";s:11:"page_bottom";s:11:"Page bottom";}s:8:"features";a:9:{i:0;s:4:"logo";i:1;s:7:"favicon";i:2;s:4:"name";i:3;s:6:"slogan";i:4;s:17:"node_user_picture";i:5;s:20:"comment_user_picture";i:6;s:25:"comment_user_verification";i:7;s:9:"main_menu";i:8;s:14:"secondary_menu";}s:10:"screenshot";s:49:"themes/tests/update_test_basetheme/screenshot.png";s:3:"php";s:5:"5.2.4";s:11:"stylesheets";a:0:{}s:7:"scripts";a:0:{}s:14:"regions_hidden";a:2:{i:0;s:8:"page_top";i:1;s:11:"page_bottom";}}s:5:"owner";s:45:"themes/engines/phptemplate/phptemplate.engine";s:6:"prefix";s:11:"phptemplate";s:8:"template";b:1;s:10:"sub_themes";a:1:{s:20:"update_test_subtheme";s:20:"Update test subtheme";}s:6:"engine";s:11:"phptemplate";s:6:"status";i:0;}}', 'drupal_get_form', 'a:2:{i:0;s:21:"system_theme_settings";i:1;s:21:"update_test_basetheme";}', '', '15', '4', '1', 'admin/appearance/settings', 'admin/appearance', 'Update test base theme', 't', '', '', 'a:0:{}', '132', '', '', '0', 'modules/system/system.admin.inc'), ('admin/appearance/settings/update_test_subtheme', '', '', '_system_themes_access', 'a:1:{i:0;O:8:"stdClass":11:{s:3:"uri";s:59:"themes/tests/update_test_subtheme/update_test_subtheme.info";s:8:"filename";s:59:"themes/tests/update_test_subtheme/update_test_subtheme.info";s:4:"name";s:20:"update_test_subtheme";s:4:"info";a:16:{s:4:"name";s:20:"Update test subtheme";s:11:"description";s:62:"Test theme which uses update_test_basetheme as the base theme.";s:4:"core";s:3:"7.x";s:10:"base theme";s:21:"update_test_basetheme";s:6:"hidden";b:1;s:7:"version";s:3:"7.4";s:7:"project";s:6:"drupal";s:9:"datestamp";s:10:"1309397516";s:6:"engine";s:11:"phptemplate";s:7:"regions";a:9:{s:13:"sidebar_first";s:12:"Left sidebar";s:14:"sidebar_second";s:13:"Right sidebar";s:7:"content";s:7:"Content";s:6:"header";s:6:"Header";s:6:"footer";s:6:"Footer";s:11:"highlighted";s:11:"Highlighted";s:4:"help";s:4:"Help";s:8:"page_top";s:8:"Page top";s:11:"page_bottom";s:11:"Page bottom";}s:8:"features";a:9:{i:0;s:4:"logo";i:1;s:7:"favicon";i:2;s:4:"name";i:3;s:6:"slogan";i:4;s:17:"node_user_picture";i:5;s:20:"comment_user_picture";i:6;s:25:"comment_user_verification";i:7;s:9:"main_menu";i:8;s:14:"secondary_menu";}s:10:"screenshot";s:48:"themes/tests/update_test_subtheme/screenshot.png";s:3:"php";s:5:"5.2.4";s:11:"stylesheets";a:0:{}s:7:"scripts";a:0:{}s:14:"regions_hidden";a:2:{i:0;s:8:"page_top";i:1;s:11:"page_bottom";}}s:5:"owner";s:45:"themes/engines/phptemplate/phptemplate.engine";s:6:"prefix";s:11:"phptemplate";s:8:"template";b:1;s:11:"base_themes";a:1:{s:21:"update_test_basetheme";s:22:"Update test base theme";}s:6:"engine";s:11:"phptemplate";s:10:"base_theme";s:21:"update_test_basetheme";s:6:"status";i:0;}}', 'drupal_get_form', 'a:2:{i:0;s:21:"system_theme_settings";i:1;s:20:"update_test_subtheme";}', '', '15', '4', '1', 'admin/appearance/settings', 'admin/appearance', 'Update test subtheme', 't', '', '', 'a:0:{}', '132', '', '', '0', 'modules/system/system.admin.inc'), ('admin/config/people/accounts', '', '', 'user_access', 'a:1:{i:0;s:16:"administer users";}', 'drupal_get_form', 'a:1:{i:0;s:19:"user_admin_settings";}', '', '15', '4', '0', '', 'admin/config/people/accounts', 'Account settings', 't', '', '', 'a:0:{}', '6', 'Configure default behavior of users, including registration requirements, e-mails, fields, and user pictures.', '', '-10', 'modules/user/user.admin.inc'), ('admin/config/search/clean-urls', '', '', 'user_access', 'a:1:{i:0;s:29:"administer site configuration";}', 'drupal_get_form', 'a:1:{i:0;s:25:"system_clean_url_settings";}', '', '15', '4', '0', '', 'admin/config/search/clean-urls', 'Clean URLs', 't', '', '', 'a:0:{}', '6', 'Enable or disable clean URLs for your site.', '', '5', 'modules/system/system.admin.inc'), ('admin/config/system/cron', '', '', 'user_access', 'a:1:{i:0;s:29:"administer site configuration";}', 'drupal_get_form', 'a:1:{i:0;s:20:"system_cron_settings";}', '', '15', '4', '0', '', 'admin/config/system/cron', 'Cron', 't', '', '', 'a:0:{}', '6', 'Manage automatic site maintenance tasks.', '', '20', 'modules/system/system.admin.inc'), ('admin/config/regional/date-time', '', '', 'user_access', 'a:1:{i:0;s:29:"administer site configuration";}', 'drupal_get_form', 'a:1:{i:0;s:25:"system_date_time_settings";}', '', '15', '4', '0', '', 'admin/config/regional/date-time', 'Date and time', 't', '', '', 'a:0:{}', '6', 'Configure display formats for date and time.', '', '-15', 'modules/system/system.admin.inc'), ('admin/config/media/file-system', '', '', 'user_access', 'a:1:{i:0;s:29:"administer site configuration";}', 'drupal_get_form', 'a:1:{i:0;s:27:"system_file_system_settings";}', '', '15', '4', '0', '', 'admin/config/media/file-system', 'File system', 't', '', '', 'a:0:{}', '6', 'Tell Drupal where to store uploaded files and how they are accessed.', '', '-10', 'modules/system/system.admin.inc'), ('admin/config/media/image-toolkit', '', '', 'user_access', 'a:1:{i:0;s:29:"administer site configuration";}', 'drupal_get_form', 'a:1:{i:0;s:29:"system_image_toolkit_settings";}', '', '15', '4', '0', '', 'admin/config/media/image-toolkit', 'Image toolkit', 't', '', '', 'a:0:{}', '6', 'Choose which image toolkit to use if you have installed optional toolkits.', '', '20', 'modules/system/system.admin.inc'), ('admin/config/development/logging', '', '', 'user_access', 'a:1:{i:0;s:29:"administer site configuration";}', 'drupal_get_form', 'a:1:{i:0;s:23:"system_logging_settings";}', '', '15', '4', '0', '', 'admin/config/development/logging', 'Logging and errors', 't', '', '', 'a:0:{}', '6', 'Settings for logging and alerts modules. Various modules can route Drupal''s system events to different destinations, such as syslog, database, email, etc.', '', '-15', 'modules/system/system.admin.inc'), ('admin/config/development/maintenance', '', '', 'user_access', 'a:1:{i:0;s:29:"administer site configuration";}', 'drupal_get_form', 'a:1:{i:0;s:28:"system_site_maintenance_mode";}', '', '15', '4', '0', '', 'admin/config/development/maintenance', 'Maintenance mode', 't', '', '', 'a:0:{}', '6', 'Take the site offline for maintenance or bring it back online.', '', '-10', 'modules/system/system.admin.inc'), ('admin/config/development/performance', '', '', 'user_access', 'a:1:{i:0;s:29:"administer site configuration";}', 'drupal_get_form', 'a:1:{i:0;s:27:"system_performance_settings";}', '', '15', '4', '0', '', 'admin/config/development/performance', 'Performance', 't', '', '', 'a:0:{}', '6', 'Enable or disable page caching for anonymous users and set CSS and JS bandwidth optimization options.', '', '-20', 'modules/system/system.admin.inc'), ('admin/config/services/rss-publishing', '', '', 'user_access', 'a:1:{i:0;s:29:"administer site configuration";}', 'drupal_get_form', 'a:1:{i:0;s:25:"system_rss_feeds_settings";}', '', '15', '4', '0', '', 'admin/config/services/rss-publishing', 'RSS publishing', 't', '', '', 'a:0:{}', '6', 'Configure the site description, the number of items per feed and whether feeds should be titles/teasers/full-text.', '', '0', 'modules/system/system.admin.inc'), ('admin/config/regional/settings', '', '', 'user_access', 'a:1:{i:0;s:29:"administer site configuration";}', 'drupal_get_form', 'a:1:{i:0;s:24:"system_regional_settings";}', '', '15', '4', '0', '', 'admin/config/regional/settings', 'Regional settings', 't', '', '', 'a:0:{}', '6', 'Settings for the site''s default time zone and country.', '', '-20', 'modules/system/system.admin.inc'), ('admin/people/permissions/roles', '', '', 'user_access', 'a:1:{i:0;s:22:"administer permissions";}', 'drupal_get_form', 'a:1:{i:0;s:16:"user_admin_roles";}', '', '15', '4', '1', 'admin/people/permissions', 'admin/people', 'Roles', 't', '', '', 'a:0:{}', '132', 'List, edit, or add user roles.', '', '-5', 'modules/user/user.admin.inc'), ('admin/config/system/site-information', '', '', 'user_access', 'a:1:{i:0;s:29:"administer site configuration";}', 'drupal_get_form', 'a:1:{i:0;s:32:"system_site_information_settings";}', '', '15', '4', '0', '', 'admin/config/system/site-information', 'Site information', 't', '', '', 'a:0:{}', '6', 'Change site name, e-mail address, slogan, default front page, and number of posts per page, error pages.', '', '-20', 'modules/system/system.admin.inc'), ('admin/config/content/formats', '', '', 'user_access', 'a:1:{i:0;s:18:"administer filters";}', 'drupal_get_form', 'a:1:{i:0;s:21:"filter_admin_overview";}', '', '15', '4', '0', '', 'admin/config/content/formats', 'Text formats', 't', '', '', 'a:0:{}', '6', 'Configure how content input by users is filtered, including allowed HTML tags. Also allows enabling of module-provided filters.', '', '0', 'modules/filter/filter.admin.inc'), ('admin/config/content/formats/list', '', '', 'user_access', 'a:1:{i:0;s:18:"administer filters";}', 'drupal_get_form', 'a:1:{i:0;s:21:"filter_admin_overview";}', '', '31', '5', '1', 'admin/config/content/formats', 'admin/config/content/formats', 'List', 't', '', '', 'a:0:{}', '140', '', '', '0', 'modules/filter/filter.admin.inc'), ('admin/config/people/accounts/settings', '', '', 'user_access', 'a:1:{i:0;s:16:"administer users";}', 'drupal_get_form', 'a:1:{i:0;s:19:"user_admin_settings";}', '', '31', '5', '1', 'admin/config/people/accounts', 'admin/config/people/accounts', 'Settings', 't', '', '', 'a:0:{}', '140', '', '', '-10', 'modules/user/user.admin.inc'), ('admin/config/content/formats/add', '', '', 'user_access', 'a:1:{i:0;s:18:"administer filters";}', 'filter_admin_format_page', 'a:0:{}', '', '31', '5', '1', 'admin/config/content/formats', 'admin/config/content/formats', 'Add text format', 't', '', '', 'a:0:{}', '388', '', '', '1', 'modules/filter/filter.admin.inc');
INSERT INTO d7_menu_router (path, load_functions, to_arg_functions, access_callback, access_arguments, page_callback, page_arguments, delivery_callback, fit, number_parts, context, tab_parent, tab_root, title, title_callback, title_arguments, theme_callback, theme_arguments, type, description, position, weight, include_file) VALUES ('admin/config/system/actions/manage', '', '', 'user_access', 'a:1:{i:0;s:18:"administer actions";}', 'system_actions_manage', 'a:0:{}', '', '31', '5', '1', 'admin/config/system/actions', 'admin/config/system/actions', 'Manage actions', 't', '', '', 'a:0:{}', '140', 'Manage the actions defined for your site.', '', '-2', 'modules/system/system.admin.inc'), ('admin/config/system/actions/orphan', '', '', 'user_access', 'a:1:{i:0;s:18:"administer actions";}', 'system_actions_remove_orphans', 'a:0:{}', '', '31', '5', '0', '', 'admin/config/system/actions/orphan', 'Remove orphans', 't', '', '', 'a:0:{}', '0', '', '', '0', 'modules/system/system.admin.inc'), ('admin/structure/block/list/bartik', '', '', '_block_themes_access', 'a:1:{i:0;O:8:"stdClass":10:{s:3:"uri";s:25:"themes/bartik/bartik.info";s:8:"filename";s:25:"themes/bartik/bartik.info";s:4:"name";s:6:"bartik";s:4:"info";a:16:{s:4:"name";s:6:"Bartik";s:11:"description";s:48:"A flexible, recolorable theme with many regions.";s:7:"package";s:4:"Core";s:7:"version";s:3:"7.4";s:4:"core";s:3:"7.x";s:11:"stylesheets";a:2:{s:3:"all";a:3:{s:14:"css/layout.css";s:28:"themes/bartik/css/layout.css";s:13:"css/style.css";s:27:"themes/bartik/css/style.css";s:14:"css/colors.css";s:28:"themes/bartik/css/colors.css";}s:5:"print";a:1:{s:13:"css/print.css";s:27:"themes/bartik/css/print.css";}}s:7:"regions";a:17:{s:6:"header";s:6:"Header";s:4:"help";s:4:"Help";s:8:"page_top";s:8:"Page top";s:11:"page_bottom";s:11:"Page bottom";s:11:"highlighted";s:11:"Highlighted";s:8:"featured";s:8:"Featured";s:7:"content";s:7:"Content";s:13:"sidebar_first";s:13:"Sidebar first";s:14:"sidebar_second";s:14:"Sidebar second";s:14:"triptych_first";s:14:"Triptych first";s:15:"triptych_middle";s:15:"Triptych middle";s:13:"triptych_last";s:13:"Triptych last";s:18:"footer_firstcolumn";s:19:"Footer first column";s:19:"footer_secondcolumn";s:20:"Footer second column";s:18:"footer_thirdcolumn";s:19:"Footer third column";s:19:"footer_fourthcolumn";s:20:"Footer fourth column";s:6:"footer";s:6:"Footer";}s:8:"settings";a:1:{s:20:"shortcut_module_link";s:1:"0";}s:7:"project";s:6:"drupal";s:9:"datestamp";s:10:"1309397516";s:6:"engine";s:11:"phptemplate";s:8:"features";a:9:{i:0;s:4:"logo";i:1;s:7:"favicon";i:2;s:4:"name";i:3;s:6:"slogan";i:4;s:17:"node_user_picture";i:5;s:20:"comment_user_picture";i:6;s:25:"comment_user_verification";i:7;s:9:"main_menu";i:8;s:14:"secondary_menu";}s:10:"screenshot";s:28:"themes/bartik/screenshot.png";s:3:"php";s:5:"5.2.4";s:7:"scripts";a:0:{}s:14:"regions_hidden";a:2:{i:0;s:8:"page_top";i:1;s:11:"page_bottom";}}s:5:"owner";s:45:"themes/engines/phptemplate/phptemplate.engine";s:6:"prefix";s:11:"phptemplate";s:8:"template";b:1;s:11:"stylesheets";a:2:{s:3:"all";a:3:{s:14:"css/layout.css";s:28:"themes/bartik/css/layout.css";s:13:"css/style.css";s:27:"themes/bartik/css/style.css";s:14:"css/colors.css";s:28:"themes/bartik/css/colors.css";}s:5:"print";a:1:{s:13:"css/print.css";s:27:"themes/bartik/css/print.css";}}s:6:"engine";s:11:"phptemplate";s:6:"status";i:0;}}', 'block_admin_display', 'a:1:{i:0;s:6:"bartik";}', '', '31', '5', '1', 'admin/structure/block', 'admin/structure/block', 'Bartik', 't', '', '', 'a:0:{}', '140', '', '', '-10', 'modules/block/block.admin.inc'), ('admin/config/search/clean-urls/check', '', '', '1', 'a:0:{}', 'drupal_json_output', 'a:1:{i:0;a:1:{s:6:"status";b:1;}}', '', '31', '5', '0', '', 'admin/config/search/clean-urls/check', 'Clean URL check', 't', '', '', 'a:0:{}', '0', '', '', '0', 'modules/system/system.admin.inc'), ('admin/config/system/actions/configure', '', '', 'user_access', 'a:1:{i:0;s:18:"administer actions";}', 'drupal_get_form', 'a:1:{i:0;s:24:"system_actions_configure";}', '', '31', '5', '0', '', 'admin/config/system/actions/configure', 'Configure an advanced action', 't', '', '', 'a:0:{}', '4', '', '', '0', 'modules/system/system.admin.inc'), ('admin/config/regional/date-time/formats', '', '', 'user_access', 'a:1:{i:0;s:29:"administer site configuration";}', 'system_date_time_formats', 'a:0:{}', '', '31', '5', '1', 'admin/config/regional/date-time', 'admin/config/regional/date-time', 'Formats', 't', '', '', 'a:0:{}', '132', 'Configure display format strings for date and time.', '', '-9', 'modules/system/system.admin.inc'), ('admin/structure/block/list/garland', '', '', '_block_themes_access', 'a:1:{i:0;O:8:"stdClass":10:{s:3:"uri";s:27:"themes/garland/garland.info";s:8:"filename";s:27:"themes/garland/garland.info";s:4:"name";s:7:"garland";s:4:"info";a:16:{s:4:"name";s:7:"Garland";s:11:"description";s:111:"A multi-column theme which can be configured to modify colors and switch between fixed and fluid width layouts.";s:7:"package";s:4:"Core";s:7:"version";s:3:"7.4";s:4:"core";s:3:"7.x";s:11:"stylesheets";a:2:{s:3:"all";a:1:{s:9:"style.css";s:24:"themes/garland/style.css";}s:5:"print";a:1:{s:9:"print.css";s:24:"themes/garland/print.css";}}s:8:"settings";a:1:{s:13:"garland_width";s:5:"fluid";}s:7:"project";s:6:"drupal";s:9:"datestamp";s:10:"1309397516";s:6:"engine";s:11:"phptemplate";s:7:"regions";a:9:{s:13:"sidebar_first";s:12:"Left sidebar";s:14:"sidebar_second";s:13:"Right sidebar";s:7:"content";s:7:"Content";s:6:"header";s:6:"Header";s:6:"footer";s:6:"Footer";s:11:"highlighted";s:11:"Highlighted";s:4:"help";s:4:"Help";s:8:"page_top";s:8:"Page top";s:11:"page_bottom";s:11:"Page bottom";}s:8:"features";a:9:{i:0;s:4:"logo";i:1;s:7:"favicon";i:2;s:4:"name";i:3;s:6:"slogan";i:4;s:17:"node_user_picture";i:5;s:20:"comment_user_picture";i:6;s:25:"comment_user_verification";i:7;s:9:"main_menu";i:8;s:14:"secondary_menu";}s:10:"screenshot";s:29:"themes/garland/screenshot.png";s:3:"php";s:5:"5.2.4";s:7:"scripts";a:0:{}s:14:"regions_hidden";a:2:{i:0;s:8:"page_top";i:1;s:11:"page_bottom";}}s:5:"owner";s:45:"themes/engines/phptemplate/phptemplate.engine";s:6:"prefix";s:11:"phptemplate";s:8:"template";b:1;s:11:"stylesheets";a:2:{s:3:"all";a:1:{s:9:"style.css";s:24:"themes/garland/style.css";}s:5:"print";a:1:{s:9:"print.css";s:24:"themes/garland/print.css";}}s:6:"engine";s:11:"phptemplate";s:6:"status";i:0;}}', 'block_admin_display', 'a:1:{i:0;s:7:"garland";}', '', '31', '5', '1', 'admin/structure/block', 'admin/structure/block', 'Garland', 't', '', '', 'a:0:{}', '132', '', '', '0', 'modules/block/block.admin.inc'), ('user/reset/%/%/%', 'a:3:{i:2;N;i:3;N;i:4;N;}', '', '1', 'a:0:{}', 'drupal_get_form', 'a:4:{i:0;s:15:"user_pass_reset";i:1;i:2;i:2;i:3;i:3;i:4;}', '', '24', '5', '0', '', 'user/reset/%/%/%', 'Reset password', 't', '', '', 'a:0:{}', '0', '', '', '0', 'modules/user/user.pages.inc'), ('admin/structure/block/list/seven', '', '', '_block_themes_access', 'a:1:{i:0;O:8:"stdClass":10:{s:3:"uri";s:23:"themes/seven/seven.info";s:8:"filename";s:23:"themes/seven/seven.info";s:4:"name";s:5:"seven";s:4:"info";a:16:{s:4:"name";s:5:"Seven";s:11:"description";s:65:"A simple one-column, tableless, fluid width administration theme.";s:7:"package";s:4:"Core";s:7:"version";s:3:"7.4";s:4:"core";s:3:"7.x";s:11:"stylesheets";a:1:{s:6:"screen";a:2:{s:9:"reset.css";s:22:"themes/seven/reset.css";s:9:"style.css";s:22:"themes/seven/style.css";}}s:8:"settings";a:1:{s:20:"shortcut_module_link";s:1:"1";}s:7:"regions";a:5:{s:7:"content";s:7:"Content";s:4:"help";s:4:"Help";s:8:"page_top";s:8:"Page top";s:11:"page_bottom";s:11:"Page bottom";s:13:"sidebar_first";s:13:"First sidebar";}s:14:"regions_hidden";a:3:{i:0;s:13:"sidebar_first";i:1;s:8:"page_top";i:2;s:11:"page_bottom";}s:7:"project";s:6:"drupal";s:9:"datestamp";s:10:"1309397516";s:6:"engine";s:11:"phptemplate";s:8:"features";a:9:{i:0;s:4:"logo";i:1;s:7:"favicon";i:2;s:4:"name";i:3;s:6:"slogan";i:4;s:17:"node_user_picture";i:5;s:20:"comment_user_picture";i:6;s:25:"comment_user_verification";i:7;s:9:"main_menu";i:8;s:14:"secondary_menu";}s:10:"screenshot";s:27:"themes/seven/screenshot.png";s:3:"php";s:5:"5.2.4";s:7:"scripts";a:0:{}}s:5:"owner";s:45:"themes/engines/phptemplate/phptemplate.engine";s:6:"prefix";s:11:"phptemplate";s:8:"template";b:1;s:11:"stylesheets";a:1:{s:6:"screen";a:2:{s:9:"reset.css";s:22:"themes/seven/reset.css";s:9:"style.css";s:22:"themes/seven/style.css";}}s:6:"engine";s:11:"phptemplate";s:6:"status";i:0;}}', 'block_admin_display', 'a:1:{i:0;s:5:"seven";}', '', '31', '5', '1', 'admin/structure/block', 'admin/structure/block', 'Seven', 't', '', '', 'a:0:{}', '132', '', '', '0', 'modules/block/block.admin.inc'), ('admin/structure/block/list/stark', '', '', '_block_themes_access', 'a:1:{i:0;O:8:"stdClass":10:{s:3:"uri";s:23:"themes/stark/stark.info";s:8:"filename";s:23:"themes/stark/stark.info";s:4:"name";s:5:"stark";s:4:"info";a:15:{s:4:"name";s:5:"Stark";s:11:"description";s:208:"This theme demonstrates Drupal''s default HTML markup and CSS styles. To learn how to build your own theme and override Drupal''s default code, see the <a href="http://drupal.org/theme-guide">Theming Guide</a>.";s:7:"package";s:4:"Core";s:7:"version";s:3:"7.4";s:4:"core";s:3:"7.x";s:11:"stylesheets";a:1:{s:3:"all";a:1:{s:10:"layout.css";s:23:"themes/stark/layout.css";}}s:7:"project";s:6:"drupal";s:9:"datestamp";s:10:"1309397516";s:6:"engine";s:11:"phptemplate";s:7:"regions";a:9:{s:13:"sidebar_first";s:12:"Left sidebar";s:14:"sidebar_second";s:13:"Right sidebar";s:7:"content";s:7:"Content";s:6:"header";s:6:"Header";s:6:"footer";s:6:"Footer";s:11:"highlighted";s:11:"Highlighted";s:4:"help";s:4:"Help";s:8:"page_top";s:8:"Page top";s:11:"page_bottom";s:11:"Page bottom";}s:8:"features";a:9:{i:0;s:4:"logo";i:1;s:7:"favicon";i:2;s:4:"name";i:3;s:6:"slogan";i:4;s:17:"node_user_picture";i:5;s:20:"comment_user_picture";i:6;s:25:"comment_user_verification";i:7;s:9:"main_menu";i:8;s:14:"secondary_menu";}s:10:"screenshot";s:27:"themes/stark/screenshot.png";s:3:"php";s:5:"5.2.4";s:7:"scripts";a:0:{}s:14:"regions_hidden";a:2:{i:0;s:8:"page_top";i:1;s:11:"page_bottom";}}s:5:"owner";s:45:"themes/engines/phptemplate/phptemplate.engine";s:6:"prefix";s:11:"phptemplate";s:8:"template";b:1;s:11:"stylesheets";a:1:{s:3:"all";a:1:{s:10:"layout.css";s:23:"themes/stark/layout.css";}}s:6:"engine";s:11:"phptemplate";s:6:"status";i:0;}}', 'block_admin_display', 'a:1:{i:0;s:5:"stark";}', '', '31', '5', '1', 'admin/structure/block', 'admin/structure/block', 'Stark', 't', '', '', 'a:0:{}', '132', '', '', '0', 'modules/block/block.admin.inc'), ('admin/structure/block/list/test_theme', '', '', '_block_themes_access', 'a:1:{i:0;O:8:"stdClass":10:{s:3:"uri";s:39:"themes/tests/test_theme/test_theme.info";s:8:"filename";s:39:"themes/tests/test_theme/test_theme.info";s:4:"name";s:10:"test_theme";s:4:"info";a:15:{s:4:"name";s:10:"Test theme";s:11:"description";s:34:"Theme for testing the theme system";s:4:"core";s:3:"7.x";s:6:"hidden";b:1;s:11:"stylesheets";a:1:{s:3:"all";a:1:{s:15:"system.base.css";s:39:"themes/tests/test_theme/system.base.css";}}s:7:"version";s:3:"7.4";s:7:"project";s:6:"drupal";s:9:"datestamp";s:10:"1309397516";s:6:"engine";s:11:"phptemplate";s:7:"regions";a:9:{s:13:"sidebar_first";s:12:"Left sidebar";s:14:"sidebar_second";s:13:"Right sidebar";s:7:"content";s:7:"Content";s:6:"header";s:6:"Header";s:6:"footer";s:6:"Footer";s:11:"highlighted";s:11:"Highlighted";s:4:"help";s:4:"Help";s:8:"page_top";s:8:"Page top";s:11:"page_bottom";s:11:"Page bottom";}s:8:"features";a:9:{i:0;s:4:"logo";i:1;s:7:"favicon";i:2;s:4:"name";i:3;s:6:"slogan";i:4;s:17:"node_user_picture";i:5;s:20:"comment_user_picture";i:6;s:25:"comment_user_verification";i:7;s:9:"main_menu";i:8;s:14:"secondary_menu";}s:10:"screenshot";s:38:"themes/tests/test_theme/screenshot.png";s:3:"php";s:5:"5.2.4";s:7:"scripts";a:0:{}s:14:"regions_hidden";a:2:{i:0;s:8:"page_top";i:1;s:11:"page_bottom";}}s:5:"owner";s:45:"themes/engines/phptemplate/phptemplate.engine";s:6:"prefix";s:11:"phptemplate";s:8:"template";b:1;s:11:"stylesheets";a:1:{s:3:"all";a:1:{s:15:"system.base.css";s:39:"themes/tests/test_theme/system.base.css";}}s:6:"engine";s:11:"phptemplate";s:6:"status";i:0;}}', 'block_admin_display', 'a:1:{i:0;s:10:"test_theme";}', '', '31', '5', '1', 'admin/structure/block', 'admin/structure/block', 'Test theme', 't', '', '', 'a:0:{}', '132', '', '', '0', 'modules/block/block.admin.inc'), ('admin/structure/block/list/update_test_basetheme', '', '', '_block_themes_access', 'a:1:{i:0;O:8:"stdClass":10:{s:3:"uri";s:61:"themes/tests/update_test_basetheme/update_test_basetheme.info";s:8:"filename";s:61:"themes/tests/update_test_basetheme/update_test_basetheme.info";s:4:"name";s:21:"update_test_basetheme";s:4:"info";a:15:{s:4:"name";s:22:"Update test base theme";s:11:"description";s:63:"Test theme which acts as a base theme for other test subthemes.";s:4:"core";s:3:"7.x";s:6:"hidden";b:1;s:7:"version";s:3:"7.4";s:7:"project";s:6:"drupal";s:9:"datestamp";s:10:"1309397516";s:6:"engine";s:11:"phptemplate";s:7:"regions";a:9:{s:13:"sidebar_first";s:12:"Left sidebar";s:14:"sidebar_second";s:13:"Right sidebar";s:7:"content";s:7:"Content";s:6:"header";s:6:"Header";s:6:"footer";s:6:"Footer";s:11:"highlighted";s:11:"Highlighted";s:4:"help";s:4:"Help";s:8:"page_top";s:8:"Page top";s:11:"page_bottom";s:11:"Page bottom";}s:8:"features";a:9:{i:0;s:4:"logo";i:1;s:7:"favicon";i:2;s:4:"name";i:3;s:6:"slogan";i:4;s:17:"node_user_picture";i:5;s:20:"comment_user_picture";i:6;s:25:"comment_user_verification";i:7;s:9:"main_menu";i:8;s:14:"secondary_menu";}s:10:"screenshot";s:49:"themes/tests/update_test_basetheme/screenshot.png";s:3:"php";s:5:"5.2.4";s:11:"stylesheets";a:0:{}s:7:"scripts";a:0:{}s:14:"regions_hidden";a:2:{i:0;s:8:"page_top";i:1;s:11:"page_bottom";}}s:5:"owner";s:45:"themes/engines/phptemplate/phptemplate.engine";s:6:"prefix";s:11:"phptemplate";s:8:"template";b:1;s:10:"sub_themes";a:1:{s:20:"update_test_subtheme";s:20:"Update test subtheme";}s:6:"engine";s:11:"phptemplate";s:6:"status";i:0;}}', 'block_admin_display', 'a:1:{i:0;s:21:"update_test_basetheme";}', '', '31', '5', '1', 'admin/structure/block', 'admin/structure/block', 'Update test base theme', 't', '', '', 'a:0:{}', '132', '', '', '0', 'modules/block/block.admin.inc'), ('admin/structure/block/list/update_test_subtheme', '', '', '_block_themes_access', 'a:1:{i:0;O:8:"stdClass":11:{s:3:"uri";s:59:"themes/tests/update_test_subtheme/update_test_subtheme.info";s:8:"filename";s:59:"themes/tests/update_test_subtheme/update_test_subtheme.info";s:4:"name";s:20:"update_test_subtheme";s:4:"info";a:16:{s:4:"name";s:20:"Update test subtheme";s:11:"description";s:62:"Test theme which uses update_test_basetheme as the base theme.";s:4:"core";s:3:"7.x";s:10:"base theme";s:21:"update_test_basetheme";s:6:"hidden";b:1;s:7:"version";s:3:"7.4";s:7:"project";s:6:"drupal";s:9:"datestamp";s:10:"1309397516";s:6:"engine";s:11:"phptemplate";s:7:"regions";a:9:{s:13:"sidebar_first";s:12:"Left sidebar";s:14:"sidebar_second";s:13:"Right sidebar";s:7:"content";s:7:"Content";s:6:"header";s:6:"Header";s:6:"footer";s:6:"Footer";s:11:"highlighted";s:11:"Highlighted";s:4:"help";s:4:"Help";s:8:"page_top";s:8:"Page top";s:11:"page_bottom";s:11:"Page bottom";}s:8:"features";a:9:{i:0;s:4:"logo";i:1;s:7:"favicon";i:2;s:4:"name";i:3;s:6:"slogan";i:4;s:17:"node_user_picture";i:5;s:20:"comment_user_picture";i:6;s:25:"comment_user_verification";i:7;s:9:"main_menu";i:8;s:14:"secondary_menu";}s:10:"screenshot";s:48:"themes/tests/update_test_subtheme/screenshot.png";s:3:"php";s:5:"5.2.4";s:11:"stylesheets";a:0:{}s:7:"scripts";a:0:{}s:14:"regions_hidden";a:2:{i:0;s:8:"page_top";i:1;s:11:"page_bottom";}}s:5:"owner";s:45:"themes/engines/phptemplate/phptemplate.engine";s:6:"prefix";s:11:"phptemplate";s:8:"template";b:1;s:11:"base_themes";a:1:{s:21:"update_test_basetheme";s:22:"Update test base theme";}s:6:"engine";s:11:"phptemplate";s:10:"base_theme";s:21:"update_test_basetheme";s:6:"status";i:0;}}', 'block_admin_display', 'a:1:{i:0;s:20:"update_test_subtheme";}', '', '31', '5', '1', 'admin/structure/block', 'admin/structure/block', 'Update test subtheme', 't', '', '', 'a:0:{}', '132', '', '', '0', 'modules/block/block.admin.inc'), ('node/%/revisions/%/view', 'a:2:{i:1;a:1:{s:9:"node_load";a:1:{i:0;i:3;}}i:3;N;}', '', '_node_revision_access', 'a:1:{i:0;i:1;}', 'node_show', 'a:2:{i:0;i:1;i:1;b:1;}', '', '21', '5', '0', '', 'node/%/revisions/%/view', 'Revisions', 't', '', '', 'a:0:{}', '6', '', '', '0', ''), ('admin/config/regional/date-time/types', '', '', 'user_access', 'a:1:{i:0;s:29:"administer site configuration";}', 'drupal_get_form', 'a:1:{i:0;s:25:"system_date_time_settings";}', '', '31', '5', '1', 'admin/config/regional/date-time', 'admin/config/regional/date-time', 'Types', 't', '', '', 'a:0:{}', '140', 'Configure display formats for date and time.', '', '-10', 'modules/system/system.admin.inc'), ('node/%/revisions/%/delete', 'a:2:{i:1;a:1:{s:9:"node_load";a:1:{i:0;i:3;}}i:3;N;}', '', '_node_revision_access', 'a:2:{i:0;i:1;i:1;s:6:"delete";}', 'drupal_get_form', 'a:2:{i:0;s:28:"node_revision_delete_confirm";i:1;i:1;}', '', '21', '5', '0', '', 'node/%/revisions/%/delete', 'Delete earlier revision', 't', '', '', 'a:0:{}', '6', '', '', '0', 'modules/node/node.pages.inc'), ('admin/structure/types/manage/%', 'a:1:{i:4;s:14:"node_type_load";}', '', 'user_access', 'a:1:{i:0;s:24:"administer content types";}', 'drupal_get_form', 'a:2:{i:0;s:14:"node_type_form";i:1;i:4;}', '', '30', '5', '0', '', 'admin/structure/types/manage/%', 'Edit content type', 'node_type_page_title', 'a:1:{i:0;i:4;}', '', 'a:0:{}', '6', '', '', '0', 'modules/node/content_types.inc'), ('node/%/revisions/%/revert', 'a:2:{i:1;a:1:{s:9:"node_load";a:1:{i:0;i:3;}}i:3;N;}', '', '_node_revision_access', 'a:2:{i:0;i:1;i:1;s:6:"update";}', 'drupal_get_form', 'a:2:{i:0;s:28:"node_revision_revert_confirm";i:1;i:1;}', '', '21', '5', '0', '', 'node/%/revisions/%/revert', 'Revert to earlier revision', 't', '', '', 'a:0:{}', '6', '', '', '0', 'modules/node/node.pages.inc'), ('admin/config/content/formats/%', 'a:1:{i:4;s:18:"filter_format_load";}', '', 'user_access', 'a:1:{i:0;s:18:"administer filters";}', 'filter_admin_format_page', 'a:1:{i:0;i:4;}', '', '30', '5', '0', '', 'admin/config/content/formats/%', '', 'filter_admin_format_title', 'a:1:{i:0;i:4;}', '', 'a:0:{}', '6', '', '', '0', 'modules/filter/filter.admin.inc'), ('admin/structure/block/demo/bartik', '', '', '_block_themes_access', 'a:1:{i:0;O:8:"stdClass":10:{s:3:"uri";s:25:"themes/bartik/bartik.info";s:8:"filename";s:25:"themes/bartik/bartik.info";s:4:"name";s:6:"bartik";s:4:"info";a:16:{s:4:"name";s:6:"Bartik";s:11:"description";s:48:"A flexible, recolorable theme with many regions.";s:7:"package";s:4:"Core";s:7:"version";s:3:"7.4";s:4:"core";s:3:"7.x";s:11:"stylesheets";a:2:{s:3:"all";a:3:{s:14:"css/layout.css";s:28:"themes/bartik/css/layout.css";s:13:"css/style.css";s:27:"themes/bartik/css/style.css";s:14:"css/colors.css";s:28:"themes/bartik/css/colors.css";}s:5:"print";a:1:{s:13:"css/print.css";s:27:"themes/bartik/css/print.css";}}s:7:"regions";a:17:{s:6:"header";s:6:"Header";s:4:"help";s:4:"Help";s:8:"page_top";s:8:"Page top";s:11:"page_bottom";s:11:"Page bottom";s:11:"highlighted";s:11:"Highlighted";s:8:"featured";s:8:"Featured";s:7:"content";s:7:"Content";s:13:"sidebar_first";s:13:"Sidebar first";s:14:"sidebar_second";s:14:"Sidebar second";s:14:"triptych_first";s:14:"Triptych first";s:15:"triptych_middle";s:15:"Triptych middle";s:13:"triptych_last";s:13:"Triptych last";s:18:"footer_firstcolumn";s:19:"Footer first column";s:19:"footer_secondcolumn";s:20:"Footer second column";s:18:"footer_thirdcolumn";s:19:"Footer third column";s:19:"footer_fourthcolumn";s:20:"Footer fourth column";s:6:"footer";s:6:"Footer";}s:8:"settings";a:1:{s:20:"shortcut_module_link";s:1:"0";}s:7:"project";s:6:"drupal";s:9:"datestamp";s:10:"1309397516";s:6:"engine";s:11:"phptemplate";s:8:"features";a:9:{i:0;s:4:"logo";i:1;s:7:"favicon";i:2;s:4:"name";i:3;s:6:"slogan";i:4;s:17:"node_user_picture";i:5;s:20:"comment_user_picture";i:6;s:25:"comment_user_verification";i:7;s:9:"main_menu";i:8;s:14:"secondary_menu";}s:10:"screenshot";s:28:"themes/bartik/screenshot.png";s:3:"php";s:5:"5.2.4";s:7:"scripts";a:0:{}s:14:"regions_hidden";a:2:{i:0;s:8:"page_top";i:1;s:11:"page_bottom";}}s:5:"owner";s:45:"themes/engines/phptemplate/phptemplate.engine";s:6:"prefix";s:11:"phptemplate";s:8:"template";b:1;s:11:"stylesheets";a:2:{s:3:"all";a:3:{s:14:"css/layout.css";s:28:"themes/bartik/css/layout.css";s:13:"css/style.css";s:27:"themes/bartik/css/style.css";s:14:"css/colors.css";s:28:"themes/bartik/css/colors.css";}s:5:"print";a:1:{s:13:"css/print.css";s:27:"themes/bartik/css/print.css";}}s:6:"engine";s:11:"phptemplate";s:6:"status";i:0;}}', 'block_admin_demo', 'a:1:{i:0;s:6:"bartik";}', '', '31', '5', '0', '', 'admin/structure/block/demo/bartik', 'Bartik', 't', '', '_block_custom_theme', 'a:1:{i:0;s:6:"bartik";}', '0', '', '', '0', 'modules/block/block.admin.inc');
INSERT INTO d7_menu_router (path, load_functions, to_arg_functions, access_callback, access_arguments, page_callback, page_arguments, delivery_callback, fit, number_parts, context, tab_parent, tab_root, title, title_callback, title_arguments, theme_callback, theme_arguments, type, description, position, weight, include_file) VALUES ('admin/structure/block/demo/garland', '', '', '_block_themes_access', 'a:1:{i:0;O:8:"stdClass":10:{s:3:"uri";s:27:"themes/garland/garland.info";s:8:"filename";s:27:"themes/garland/garland.info";s:4:"name";s:7:"garland";s:4:"info";a:16:{s:4:"name";s:7:"Garland";s:11:"description";s:111:"A multi-column theme which can be configured to modify colors and switch between fixed and fluid width layouts.";s:7:"package";s:4:"Core";s:7:"version";s:3:"7.4";s:4:"core";s:3:"7.x";s:11:"stylesheets";a:2:{s:3:"all";a:1:{s:9:"style.css";s:24:"themes/garland/style.css";}s:5:"print";a:1:{s:9:"print.css";s:24:"themes/garland/print.css";}}s:8:"settings";a:1:{s:13:"garland_width";s:5:"fluid";}s:7:"project";s:6:"drupal";s:9:"datestamp";s:10:"1309397516";s:6:"engine";s:11:"phptemplate";s:7:"regions";a:9:{s:13:"sidebar_first";s:12:"Left sidebar";s:14:"sidebar_second";s:13:"Right sidebar";s:7:"content";s:7:"Content";s:6:"header";s:6:"Header";s:6:"footer";s:6:"Footer";s:11:"highlighted";s:11:"Highlighted";s:4:"help";s:4:"Help";s:8:"page_top";s:8:"Page top";s:11:"page_bottom";s:11:"Page bottom";}s:8:"features";a:9:{i:0;s:4:"logo";i:1;s:7:"favicon";i:2;s:4:"name";i:3;s:6:"slogan";i:4;s:17:"node_user_picture";i:5;s:20:"comment_user_picture";i:6;s:25:"comment_user_verification";i:7;s:9:"main_menu";i:8;s:14:"secondary_menu";}s:10:"screenshot";s:29:"themes/garland/screenshot.png";s:3:"php";s:5:"5.2.4";s:7:"scripts";a:0:{}s:14:"regions_hidden";a:2:{i:0;s:8:"page_top";i:1;s:11:"page_bottom";}}s:5:"owner";s:45:"themes/engines/phptemplate/phptemplate.engine";s:6:"prefix";s:11:"phptemplate";s:8:"template";b:1;s:11:"stylesheets";a:2:{s:3:"all";a:1:{s:9:"style.css";s:24:"themes/garland/style.css";}s:5:"print";a:1:{s:9:"print.css";s:24:"themes/garland/print.css";}}s:6:"engine";s:11:"phptemplate";s:6:"status";i:0;}}', 'block_admin_demo', 'a:1:{i:0;s:7:"garland";}', '', '31', '5', '0', '', 'admin/structure/block/demo/garland', 'Garland', 't', '', '_block_custom_theme', 'a:1:{i:0;s:7:"garland";}', '0', '', '', '0', 'modules/block/block.admin.inc'), ('admin/structure/block/demo/seven', '', '', '_block_themes_access', 'a:1:{i:0;O:8:"stdClass":10:{s:3:"uri";s:23:"themes/seven/seven.info";s:8:"filename";s:23:"themes/seven/seven.info";s:4:"name";s:5:"seven";s:4:"info";a:16:{s:4:"name";s:5:"Seven";s:11:"description";s:65:"A simple one-column, tableless, fluid width administration theme.";s:7:"package";s:4:"Core";s:7:"version";s:3:"7.4";s:4:"core";s:3:"7.x";s:11:"stylesheets";a:1:{s:6:"screen";a:2:{s:9:"reset.css";s:22:"themes/seven/reset.css";s:9:"style.css";s:22:"themes/seven/style.css";}}s:8:"settings";a:1:{s:20:"shortcut_module_link";s:1:"1";}s:7:"regions";a:5:{s:7:"content";s:7:"Content";s:4:"help";s:4:"Help";s:8:"page_top";s:8:"Page top";s:11:"page_bottom";s:11:"Page bottom";s:13:"sidebar_first";s:13:"First sidebar";}s:14:"regions_hidden";a:3:{i:0;s:13:"sidebar_first";i:1;s:8:"page_top";i:2;s:11:"page_bottom";}s:7:"project";s:6:"drupal";s:9:"datestamp";s:10:"1309397516";s:6:"engine";s:11:"phptemplate";s:8:"features";a:9:{i:0;s:4:"logo";i:1;s:7:"favicon";i:2;s:4:"name";i:3;s:6:"slogan";i:4;s:17:"node_user_picture";i:5;s:20:"comment_user_picture";i:6;s:25:"comment_user_verification";i:7;s:9:"main_menu";i:8;s:14:"secondary_menu";}s:10:"screenshot";s:27:"themes/seven/screenshot.png";s:3:"php";s:5:"5.2.4";s:7:"scripts";a:0:{}}s:5:"owner";s:45:"themes/engines/phptemplate/phptemplate.engine";s:6:"prefix";s:11:"phptemplate";s:8:"template";b:1;s:11:"stylesheets";a:1:{s:6:"screen";a:2:{s:9:"reset.css";s:22:"themes/seven/reset.css";s:9:"style.css";s:22:"themes/seven/style.css";}}s:6:"engine";s:11:"phptemplate";s:6:"status";i:0;}}', 'block_admin_demo', 'a:1:{i:0;s:5:"seven";}', '', '31', '5', '0', '', 'admin/structure/block/demo/seven', 'Seven', 't', '', '_block_custom_theme', 'a:1:{i:0;s:5:"seven";}', '0', '', '', '0', 'modules/block/block.admin.inc'), ('admin/structure/block/demo/stark', '', '', '_block_themes_access', 'a:1:{i:0;O:8:"stdClass":10:{s:3:"uri";s:23:"themes/stark/stark.info";s:8:"filename";s:23:"themes/stark/stark.info";s:4:"name";s:5:"stark";s:4:"info";a:15:{s:4:"name";s:5:"Stark";s:11:"description";s:208:"This theme demonstrates Drupal''s default HTML markup and CSS styles. To learn how to build your own theme and override Drupal''s default code, see the <a href="http://drupal.org/theme-guide">Theming Guide</a>.";s:7:"package";s:4:"Core";s:7:"version";s:3:"7.4";s:4:"core";s:3:"7.x";s:11:"stylesheets";a:1:{s:3:"all";a:1:{s:10:"layout.css";s:23:"themes/stark/layout.css";}}s:7:"project";s:6:"drupal";s:9:"datestamp";s:10:"1309397516";s:6:"engine";s:11:"phptemplate";s:7:"regions";a:9:{s:13:"sidebar_first";s:12:"Left sidebar";s:14:"sidebar_second";s:13:"Right sidebar";s:7:"content";s:7:"Content";s:6:"header";s:6:"Header";s:6:"footer";s:6:"Footer";s:11:"highlighted";s:11:"Highlighted";s:4:"help";s:4:"Help";s:8:"page_top";s:8:"Page top";s:11:"page_bottom";s:11:"Page bottom";}s:8:"features";a:9:{i:0;s:4:"logo";i:1;s:7:"favicon";i:2;s:4:"name";i:3;s:6:"slogan";i:4;s:17:"node_user_picture";i:5;s:20:"comment_user_picture";i:6;s:25:"comment_user_verification";i:7;s:9:"main_menu";i:8;s:14:"secondary_menu";}s:10:"screenshot";s:27:"themes/stark/screenshot.png";s:3:"php";s:5:"5.2.4";s:7:"scripts";a:0:{}s:14:"regions_hidden";a:2:{i:0;s:8:"page_top";i:1;s:11:"page_bottom";}}s:5:"owner";s:45:"themes/engines/phptemplate/phptemplate.engine";s:6:"prefix";s:11:"phptemplate";s:8:"template";b:1;s:11:"stylesheets";a:1:{s:3:"all";a:1:{s:10:"layout.css";s:23:"themes/stark/layout.css";}}s:6:"engine";s:11:"phptemplate";s:6:"status";i:0;}}', 'block_admin_demo', 'a:1:{i:0;s:5:"stark";}', '', '31', '5', '0', '', 'admin/structure/block/demo/stark', 'Stark', 't', '', '_block_custom_theme', 'a:1:{i:0;s:5:"stark";}', '0', '', '', '0', 'modules/block/block.admin.inc'), ('admin/structure/block/demo/test_theme', '', '', '_block_themes_access', 'a:1:{i:0;O:8:"stdClass":10:{s:3:"uri";s:39:"themes/tests/test_theme/test_theme.info";s:8:"filename";s:39:"themes/tests/test_theme/test_theme.info";s:4:"name";s:10:"test_theme";s:4:"info";a:15:{s:4:"name";s:10:"Test theme";s:11:"description";s:34:"Theme for testing the theme system";s:4:"core";s:3:"7.x";s:6:"hidden";b:1;s:11:"stylesheets";a:1:{s:3:"all";a:1:{s:15:"system.base.css";s:39:"themes/tests/test_theme/system.base.css";}}s:7:"version";s:3:"7.4";s:7:"project";s:6:"drupal";s:9:"datestamp";s:10:"1309397516";s:6:"engine";s:11:"phptemplate";s:7:"regions";a:9:{s:13:"sidebar_first";s:12:"Left sidebar";s:14:"sidebar_second";s:13:"Right sidebar";s:7:"content";s:7:"Content";s:6:"header";s:6:"Header";s:6:"footer";s:6:"Footer";s:11:"highlighted";s:11:"Highlighted";s:4:"help";s:4:"Help";s:8:"page_top";s:8:"Page top";s:11:"page_bottom";s:11:"Page bottom";}s:8:"features";a:9:{i:0;s:4:"logo";i:1;s:7:"favicon";i:2;s:4:"name";i:3;s:6:"slogan";i:4;s:17:"node_user_picture";i:5;s:20:"comment_user_picture";i:6;s:25:"comment_user_verification";i:7;s:9:"main_menu";i:8;s:14:"secondary_menu";}s:10:"screenshot";s:38:"themes/tests/test_theme/screenshot.png";s:3:"php";s:5:"5.2.4";s:7:"scripts";a:0:{}s:14:"regions_hidden";a:2:{i:0;s:8:"page_top";i:1;s:11:"page_bottom";}}s:5:"owner";s:45:"themes/engines/phptemplate/phptemplate.engine";s:6:"prefix";s:11:"phptemplate";s:8:"template";b:1;s:11:"stylesheets";a:1:{s:3:"all";a:1:{s:15:"system.base.css";s:39:"themes/tests/test_theme/system.base.css";}}s:6:"engine";s:11:"phptemplate";s:6:"status";i:0;}}', 'block_admin_demo', 'a:1:{i:0;s:10:"test_theme";}', '', '31', '5', '0', '', 'admin/structure/block/demo/test_theme', 'Test theme', 't', '', '_block_custom_theme', 'a:1:{i:0;s:10:"test_theme";}', '0', '', '', '0', 'modules/block/block.admin.inc'), ('admin/structure/block/demo/update_test_basetheme', '', '', '_block_themes_access', 'a:1:{i:0;O:8:"stdClass":10:{s:3:"uri";s:61:"themes/tests/update_test_basetheme/update_test_basetheme.info";s:8:"filename";s:61:"themes/tests/update_test_basetheme/update_test_basetheme.info";s:4:"name";s:21:"update_test_basetheme";s:4:"info";a:15:{s:4:"name";s:22:"Update test base theme";s:11:"description";s:63:"Test theme which acts as a base theme for other test subthemes.";s:4:"core";s:3:"7.x";s:6:"hidden";b:1;s:7:"version";s:3:"7.4";s:7:"project";s:6:"drupal";s:9:"datestamp";s:10:"1309397516";s:6:"engine";s:11:"phptemplate";s:7:"regions";a:9:{s:13:"sidebar_first";s:12:"Left sidebar";s:14:"sidebar_second";s:13:"Right sidebar";s:7:"content";s:7:"Content";s:6:"header";s:6:"Header";s:6:"footer";s:6:"Footer";s:11:"highlighted";s:11:"Highlighted";s:4:"help";s:4:"Help";s:8:"page_top";s:8:"Page top";s:11:"page_bottom";s:11:"Page bottom";}s:8:"features";a:9:{i:0;s:4:"logo";i:1;s:7:"favicon";i:2;s:4:"name";i:3;s:6:"slogan";i:4;s:17:"node_user_picture";i:5;s:20:"comment_user_picture";i:6;s:25:"comment_user_verification";i:7;s:9:"main_menu";i:8;s:14:"secondary_menu";}s:10:"screenshot";s:49:"themes/tests/update_test_basetheme/screenshot.png";s:3:"php";s:5:"5.2.4";s:11:"stylesheets";a:0:{}s:7:"scripts";a:0:{}s:14:"regions_hidden";a:2:{i:0;s:8:"page_top";i:1;s:11:"page_bottom";}}s:5:"owner";s:45:"themes/engines/phptemplate/phptemplate.engine";s:6:"prefix";s:11:"phptemplate";s:8:"template";b:1;s:10:"sub_themes";a:1:{s:20:"update_test_subtheme";s:20:"Update test subtheme";}s:6:"engine";s:11:"phptemplate";s:6:"status";i:0;}}', 'block_admin_demo', 'a:1:{i:0;s:21:"update_test_basetheme";}', '', '31', '5', '0', '', 'admin/structure/block/demo/update_test_basetheme', 'Update test base theme', 't', '', '_block_custom_theme', 'a:1:{i:0;s:21:"update_test_basetheme";}', '0', '', '', '0', 'modules/block/block.admin.inc'), ('admin/structure/block/demo/update_test_subtheme', '', '', '_block_themes_access', 'a:1:{i:0;O:8:"stdClass":11:{s:3:"uri";s:59:"themes/tests/update_test_subtheme/update_test_subtheme.info";s:8:"filename";s:59:"themes/tests/update_test_subtheme/update_test_subtheme.info";s:4:"name";s:20:"update_test_subtheme";s:4:"info";a:16:{s:4:"name";s:20:"Update test subtheme";s:11:"description";s:62:"Test theme which uses update_test_basetheme as the base theme.";s:4:"core";s:3:"7.x";s:10:"base theme";s:21:"update_test_basetheme";s:6:"hidden";b:1;s:7:"version";s:3:"7.4";s:7:"project";s:6:"drupal";s:9:"datestamp";s:10:"1309397516";s:6:"engine";s:11:"phptemplate";s:7:"regions";a:9:{s:13:"sidebar_first";s:12:"Left sidebar";s:14:"sidebar_second";s:13:"Right sidebar";s:7:"content";s:7:"Content";s:6:"header";s:6:"Header";s:6:"footer";s:6:"Footer";s:11:"highlighted";s:11:"Highlighted";s:4:"help";s:4:"Help";s:8:"page_top";s:8:"Page top";s:11:"page_bottom";s:11:"Page bottom";}s:8:"features";a:9:{i:0;s:4:"logo";i:1;s:7:"favicon";i:2;s:4:"name";i:3;s:6:"slogan";i:4;s:17:"node_user_picture";i:5;s:20:"comment_user_picture";i:6;s:25:"comment_user_verification";i:7;s:9:"main_menu";i:8;s:14:"secondary_menu";}s:10:"screenshot";s:48:"themes/tests/update_test_subtheme/screenshot.png";s:3:"php";s:5:"5.2.4";s:11:"stylesheets";a:0:{}s:7:"scripts";a:0:{}s:14:"regions_hidden";a:2:{i:0;s:8:"page_top";i:1;s:11:"page_bottom";}}s:5:"owner";s:45:"themes/engines/phptemplate/phptemplate.engine";s:6:"prefix";s:11:"phptemplate";s:8:"template";b:1;s:11:"base_themes";a:1:{s:21:"update_test_basetheme";s:22:"Update test base theme";}s:6:"engine";s:11:"phptemplate";s:10:"base_theme";s:21:"update_test_basetheme";s:6:"status";i:0;}}', 'block_admin_demo', 'a:1:{i:0;s:20:"update_test_subtheme";}', '', '31', '5', '0', '', 'admin/structure/block/demo/update_test_subtheme', 'Update test subtheme', 't', '', '_block_custom_theme', 'a:1:{i:0;s:20:"update_test_subtheme";}', '0', '', '', '0', 'modules/block/block.admin.inc'), ('admin/structure/types/manage/%/edit', 'a:1:{i:4;s:14:"node_type_load";}', '', 'user_access', 'a:1:{i:0;s:24:"administer content types";}', 'drupal_get_form', 'a:2:{i:0;s:14:"node_type_form";i:1;i:4;}', '', '61', '6', '1', 'admin/structure/types/manage/%', 'admin/structure/types/manage/%', 'Edit', 't', '', '', 'a:0:{}', '140', '', '', '0', 'modules/node/content_types.inc'), ('admin/config/regional/date-time/formats/lookup', '', '', 'user_access', 'a:1:{i:0;s:29:"administer site configuration";}', 'system_date_time_lookup', 'a:0:{}', '', '63', '6', '0', '', 'admin/config/regional/date-time/formats/lookup', 'Date and time lookup', 't', '', '', 'a:0:{}', '0', '', '', '0', 'modules/system/system.admin.inc'), ('admin/structure/types/manage/%/delete', 'a:1:{i:4;s:14:"node_type_load";}', '', 'user_access', 'a:1:{i:0;s:24:"administer content types";}', 'drupal_get_form', 'a:2:{i:0;s:24:"node_type_delete_confirm";i:1;i:4;}', '', '61', '6', '0', '', 'admin/structure/types/manage/%/delete', 'Delete', 't', '', '', 'a:0:{}', '6', '', '', '0', 'modules/node/content_types.inc'), ('admin/people/permissions/roles/edit/%', 'a:1:{i:5;s:14:"user_role_load";}', '', 'user_role_edit_access', 'a:1:{i:0;i:5;}', 'drupal_get_form', 'a:2:{i:0;s:15:"user_admin_role";i:1;i:5;}', '', '62', '6', '0', '', 'admin/people/permissions/roles/edit/%', 'Edit role', 't', '', '', 'a:0:{}', '6', '', '', '0', 'modules/user/user.admin.inc'), ('admin/structure/block/list/garland/add', '', '', 'user_access', 'a:1:{i:0;s:17:"administer blocks";}', 'drupal_get_form', 'a:1:{i:0;s:20:"block_add_block_form";}', '', '63', '6', '1', 'admin/structure/block/list/garland', 'admin/structure/block', 'Add block', 't', '', '', 'a:0:{}', '388', '', '', '0', 'modules/block/block.admin.inc'), ('admin/structure/block/list/seven/add', '', '', 'user_access', 'a:1:{i:0;s:17:"administer blocks";}', 'drupal_get_form', 'a:1:{i:0;s:20:"block_add_block_form";}', '', '63', '6', '1', 'admin/structure/block/list/seven', 'admin/structure/block', 'Add block', 't', '', '', 'a:0:{}', '388', '', '', '0', 'modules/block/block.admin.inc'), ('admin/structure/block/list/stark/add', '', '', 'user_access', 'a:1:{i:0;s:17:"administer blocks";}', 'drupal_get_form', 'a:1:{i:0;s:20:"block_add_block_form";}', '', '63', '6', '1', 'admin/structure/block/list/stark', 'admin/structure/block', 'Add block', 't', '', '', 'a:0:{}', '388', '', '', '0', 'modules/block/block.admin.inc'), ('admin/structure/block/list/test_theme/add', '', '', 'user_access', 'a:1:{i:0;s:17:"administer blocks";}', 'drupal_get_form', 'a:1:{i:0;s:20:"block_add_block_form";}', '', '63', '6', '1', 'admin/structure/block/list/test_theme', 'admin/structure/block', 'Add block', 't', '', '', 'a:0:{}', '388', '', '', '0', 'modules/block/block.admin.inc'), ('admin/structure/block/list/update_test_basetheme/add', '', '', 'user_access', 'a:1:{i:0;s:17:"administer blocks";}', 'drupal_get_form', 'a:1:{i:0;s:20:"block_add_block_form";}', '', '63', '6', '1', 'admin/structure/block/list/update_test_basetheme', 'admin/structure/block', 'Add block', 't', '', '', 'a:0:{}', '388', '', '', '0', 'modules/block/block.admin.inc'), ('admin/structure/block/list/update_test_subtheme/add', '', '', 'user_access', 'a:1:{i:0;s:17:"administer blocks";}', 'drupal_get_form', 'a:1:{i:0;s:20:"block_add_block_form";}', '', '63', '6', '1', 'admin/structure/block/list/update_test_subtheme', 'admin/structure/block', 'Add block', 't', '', '', 'a:0:{}', '388', '', '', '0', 'modules/block/block.admin.inc'), ('admin/structure/block/manage/%/%', 'a:2:{i:4;N;i:5;N;}', '', 'user_access', 'a:1:{i:0;s:17:"administer blocks";}', 'drupal_get_form', 'a:3:{i:0;s:21:"block_admin_configure";i:1;i:4;i:2;i:5;}', '', '60', '6', '0', '', 'admin/structure/block/manage/%/%', 'Configure block', 't', '', '', 'a:0:{}', '6', '', '', '0', 'modules/block/block.admin.inc'), ('admin/config/people/ip-blocking/delete/%', 'a:1:{i:5;s:15:"blocked_ip_load";}', '', 'user_access', 'a:1:{i:0;s:18:"block IP addresses";}', 'drupal_get_form', 'a:2:{i:0;s:25:"system_ip_blocking_delete";i:1;i:5;}', '', '62', '6', '0', '', 'admin/config/people/ip-blocking/delete/%', 'Delete IP address', 't', '', '', 'a:0:{}', '6', '', '', '0', 'modules/system/system.admin.inc'), ('admin/config/regional/date-time/types/add', '', '', 'user_access', 'a:1:{i:0;s:29:"administer site configuration";}', 'drupal_get_form', 'a:1:{i:0;s:32:"system_add_date_format_type_form";}', '', '63', '6', '1', 'admin/config/regional/date-time/types', 'admin/config/regional/date-time', 'Add date type', 't', '', '', 'a:0:{}', '388', 'Add new date type.', '', '-10', 'modules/system/system.admin.inc'), ('admin/config/regional/date-time/formats/add', '', '', 'user_access', 'a:1:{i:0;s:29:"administer site configuration";}', 'drupal_get_form', 'a:1:{i:0;s:34:"system_configure_date_formats_form";}', '', '63', '6', '1', 'admin/config/regional/date-time/formats', 'admin/config/regional/date-time', 'Add format', 't', '', '', 'a:0:{}', '388', 'Allow users to add additional date formats.', '', '-10', 'modules/system/system.admin.inc');
INSERT INTO d7_menu_router (path, load_functions, to_arg_functions, access_callback, access_arguments, page_callback, page_arguments, delivery_callback, fit, number_parts, context, tab_parent, tab_root, title, title_callback, title_arguments, theme_callback, theme_arguments, type, description, position, weight, include_file) VALUES ('user/%/cancel/confirm/%/%', 'a:3:{i:1;s:9:"user_load";i:4;N;i:5;N;}', '', 'user_cancel_access', 'a:1:{i:0;i:1;}', 'user_cancel_confirm', 'a:3:{i:0;i:1;i:1;i:4;i:2;i:5;}', '', '44', '6', '0', '', 'user/%/cancel/confirm/%/%', 'Confirm account cancellation', 't', '', '', 'a:0:{}', '6', '', '', '0', 'modules/user/user.pages.inc'), ('admin/config/system/actions/delete/%', 'a:1:{i:5;s:12:"actions_load";}', '', 'user_access', 'a:1:{i:0;s:18:"administer actions";}', 'drupal_get_form', 'a:2:{i:0;s:26:"system_actions_delete_form";i:1;i:5;}', '', '62', '6', '0', '', 'admin/config/system/actions/delete/%', 'Delete action', 't', '', '', 'a:0:{}', '6', 'Delete an action.', '', '0', 'modules/system/system.admin.inc'), ('admin/people/permissions/roles/delete/%', 'a:1:{i:5;s:14:"user_role_load";}', '', 'user_role_edit_access', 'a:1:{i:0;i:5;}', 'drupal_get_form', 'a:2:{i:0;s:30:"user_admin_role_delete_confirm";i:1;i:5;}', '', '62', '6', '0', '', 'admin/people/permissions/roles/delete/%', 'Delete role', 't', '', '', 'a:0:{}', '6', '', '', '0', 'modules/user/user.admin.inc'), ('admin/config/content/formats/%/disable', 'a:1:{i:4;s:18:"filter_format_load";}', '', '_filter_disable_format_access', 'a:1:{i:0;i:4;}', 'drupal_get_form', 'a:2:{i:0;s:20:"filter_admin_disable";i:1;i:4;}', '', '61', '6', '0', '', 'admin/config/content/formats/%/disable', 'Disable text format', 't', '', '', 'a:0:{}', '6', '', '', '0', 'modules/filter/filter.admin.inc'), ('admin/structure/block/manage/%/%/configure', 'a:2:{i:4;N;i:5;N;}', '', 'user_access', 'a:1:{i:0;s:17:"administer blocks";}', 'drupal_get_form', 'a:3:{i:0;s:21:"block_admin_configure";i:1;i:4;i:2;i:5;}', '', '121', '7', '2', 'admin/structure/block/manage/%/%', 'admin/structure/block/manage/%/%', 'Configure block', 't', '', '', 'a:0:{}', '140', '', '', '0', 'modules/block/block.admin.inc'), ('admin/structure/block/manage/%/%/delete', 'a:2:{i:4;N;i:5;N;}', '', 'user_access', 'a:1:{i:0;s:17:"administer blocks";}', 'drupal_get_form', 'a:3:{i:0;s:25:"block_custom_block_delete";i:1;i:4;i:2;i:5;}', '', '121', '7', '0', 'admin/structure/block/manage/%/%', 'admin/structure/block/manage/%/%', 'Delete block', 't', '', '', 'a:0:{}', '132', '', '', '0', 'modules/block/block.admin.inc'), ('admin/config/regional/date-time/formats/%/delete', 'a:1:{i:5;N;}', '', 'user_access', 'a:1:{i:0;s:29:"administer site configuration";}', 'drupal_get_form', 'a:2:{i:0;s:30:"system_date_delete_format_form";i:1;i:5;}', '', '125', '7', '0', '', 'admin/config/regional/date-time/formats/%/delete', 'Delete date format', 't', '', '', 'a:0:{}', '6', 'Allow users to delete a configured date format.', '', '0', 'modules/system/system.admin.inc'), ('admin/config/regional/date-time/types/%/delete', 'a:1:{i:5;N;}', '', 'user_access', 'a:1:{i:0;s:29:"administer site configuration";}', 'drupal_get_form', 'a:2:{i:0;s:35:"system_delete_date_format_type_form";i:1;i:5;}', '', '125', '7', '0', '', 'admin/config/regional/date-time/types/%/delete', 'Delete date type', 't', '', '', 'a:0:{}', '6', 'Allow users to delete a configured date type.', '', '0', 'modules/system/system.admin.inc'), ('admin/config/regional/date-time/formats/%/edit', 'a:1:{i:5;N;}', '', 'user_access', 'a:1:{i:0;s:29:"administer site configuration";}', 'drupal_get_form', 'a:2:{i:0;s:34:"system_configure_date_formats_form";i:1;i:5;}', '', '125', '7', '0', '', 'admin/config/regional/date-time/formats/%/edit', 'Edit date format', 't', '', '', 'a:0:{}', '6', 'Allow users to edit a configured date format.', '', '0', 'modules/system/system.admin.inc');
INSERT INTO d7_variable (name, value) VALUES ('menu_masks', 'a:19:{i:0;i:125;i:1;i:121;i:2;i:63;i:3;i:62;i:4;i:61;i:5;i:60;i:6;i:44;i:7;i:31;i:8;i:30;i:9;i:24;i:10;i:21;i:11;i:15;i:12;i:14;i:13;i:11;i:14;i:7;i:15;i:5;i:16;i:3;i:17;i:2;i:18;i:1;}');
INSERT INTO d7_menu_links (menu_name, plid, link_path, hidden, external, has_children, expanded, weight, module, link_title, options, customized, updated) VALUES ('management', '0', 'admin', '0', '0', '0', '0', '9', 'system', 'Administration', 'a:0:{}', '0', '0');
INSERT INTO d7_variable (name, value) VALUES ('menu_expanded', 'a:0:{}');
INSERT INTO d7_menu_links (menu_name, plid, link_path, hidden, external, has_children, expanded, weight, module, link_title, options, customized, updated) VALUES ('user-menu', '0', 'user', '0', '0', '0', '0', '-10', 'system', 'User account', 'a:1:{s:5:"alter";b:1;}', '0', '0');
INSERT INTO d7_menu_links (menu_name, plid, link_path, hidden, external, has_children, expanded, weight, module, link_title, options, customized, updated) VALUES ('navigation', '0', 'filter/tips', '1', '0', '0', '0', '0', 'system', 'Compose tips', 'a:0:{}', '0', '0');
INSERT INTO d7_menu_links (menu_name, plid, link_path, hidden, external, has_children, expanded, weight, module, link_title, options, customized, updated) VALUES ('navigation', '0', 'node/%', '0', '0', '0', '0', '0', 'system', '', 'a:0:{}', '0', '0');
INSERT INTO d7_menu_links (menu_name, plid, link_path, hidden, external, has_children, expanded, weight, module, link_title, options, customized, updated) VALUES ('navigation', '0', 'node/add', '0', '0', '0', '0', '0', 'system', 'Add content', 'a:0:{}', '0', '0');
INSERT INTO d7_menu_links (menu_name, plid, link_path, hidden, external, has_children, expanded, weight, module, link_title, options, customized, updated) VALUES ('management', '0', 'admin/appearance', '0', '0', '0', '0', '-6', 'system', 'Appearance', 'a:1:{s:10:"attributes";a:1:{s:5:"title";s:33:"Select and configure your themes.";}}', '0', '0');
INSERT INTO d7_menu_links (menu_name, plid, link_path, hidden, external, has_children, expanded, weight, module, link_title, options, customized, updated) VALUES ('management', '0', 'admin/config', '0', '0', '0', '0', '0', 'system', 'Configuration', 'a:1:{s:10:"attributes";a:1:{s:5:"title";s:20:"Administer settings.";}}', '0', '0');
INSERT INTO d7_menu_links (menu_name, plid, link_path, hidden, external, has_children, expanded, weight, module, link_title, options, customized, updated) VALUES ('management', '0', 'admin/content', '0', '0', '0', '0', '-10', 'system', 'Content', 'a:1:{s:10:"attributes";a:1:{s:5:"title";s:24:"Find and manage content.";}}', '0', '0');
INSERT INTO d7_menu_links (menu_name, plid, link_path, hidden, external, has_children, expanded, weight, module, link_title, options, customized, updated) VALUES ('user-menu', '2', 'user/register', '-1', '0', '0', '0', '0', 'system', 'Create new account', 'a:0:{}', '0', '0');
INSERT INTO d7_menu_links (menu_name, plid, link_path, hidden, external, has_children, expanded, weight, module, link_title, options, customized, updated) VALUES ('management', '0', 'admin/index', '-1', '0', '0', '0', '-18', 'system', 'Index', 'a:0:{}', '0', '0');
INSERT INTO d7_menu_links (menu_name, plid, link_path, hidden, external, has_children, expanded, weight, module, link_title, options, customized, updated) VALUES ('user-menu', '2', 'user/login', '-1', '0', '0', '0', '0', 'system', 'Log in', 'a:0:{}', '0', '0');
INSERT INTO d7_menu_links (menu_name, plid, link_path, hidden, external, has_children, expanded, weight, module, link_title, options, customized, updated) VALUES ('user-menu', '0', 'user/logout', '0', '0', '0', '0', '10', 'system', 'Log out', 'a:0:{}', '0', '0');
INSERT INTO d7_menu_links (menu_name, plid, link_path, hidden, external, has_children, expanded, weight, module, link_title, options, customized, updated) VALUES ('management', '0', 'admin/modules', '0', '0', '0', '0', '-2', 'system', 'Modules', 'a:1:{s:10:"attributes";a:1:{s:5:"title";s:26:"Enable or disable modules.";}}', '0', '0');
INSERT INTO d7_menu_links (menu_name, plid, link_path, hidden, external, has_children, expanded, weight, module, link_title, options, customized, updated) VALUES ('navigation', '0', 'user/%', '0', '0', '0', '0', '0', 'system', 'My account', 'a:0:{}', '0', '0');
INSERT INTO d7_menu_links (menu_name, plid, link_path, hidden, external, has_children, expanded, weight, module, link_title, options, customized, updated) VALUES ('management', '0', 'admin/people', '0', '0', '0', '0', '-4', 'system', 'People', 'a:1:{s:10:"attributes";a:1:{s:5:"title";s:45:"Manage user accounts, roles, and permissions.";}}', '0', '0');
INSERT INTO d7_menu_links (menu_name, plid, link_path, hidden, external, has_children, expanded, weight, module, link_title, options, customized, updated) VALUES ('management', '0', 'admin/reports', '0', '0', '0', '0', '5', 'system', 'Reports', 'a:1:{s:10:"attributes";a:1:{s:5:"title";s:34:"View reports, updates, and errors.";}}', '0', '0');
INSERT INTO d7_menu_links (menu_name, plid, link_path, hidden, external, has_children, expanded, weight, module, link_title, options, customized, updated) VALUES ('user-menu', '2', 'user/password', '-1', '0', '0', '0', '0', 'system', 'Request new password', 'a:0:{}', '0', '0');
INSERT INTO d7_menu_links (menu_name, plid, link_path, hidden, external, has_children, expanded, weight, module, link_title, options, customized, updated) VALUES ('management', '0', 'admin/structure', '0', '0', '0', '0', '-8', 'system', 'Structure', 'a:1:{s:10:"attributes";a:1:{s:5:"title";s:45:"Administer blocks, content types, menus, etc.";}}', '0', '0');
INSERT INTO d7_menu_links (menu_name, plid, link_path, hidden, external, has_children, expanded, weight, module, link_title, options, customized, updated) VALUES ('management', '0', 'admin/tasks', '-1', '0', '0', '0', '-20', 'system', 'Tasks', 'a:0:{}', '0', '0');
INSERT INTO d7_menu_links (menu_name, plid, link_path, hidden, external, has_children, expanded, weight, module, link_title, options, customized, updated) VALUES ('management', '15', 'admin/people/create', '-1', '0', '0', '0', '0', 'system', 'Add user', 'a:0:{}', '0', '0');
INSERT INTO d7_menu_links (menu_name, plid, link_path, hidden, external, has_children, expanded, weight, module, link_title, options, customized, updated) VALUES ('management', '18', 'admin/structure/block', '0', '0', '0', '0', '0', 'system', 'Blocks', 'a:1:{s:10:"attributes";a:1:{s:5:"title";s:79:"Configure what block content appears in your site''s sidebars and other regions.";}}', '0', '0');
INSERT INTO d7_menu_links (menu_name, plid, link_path, hidden, external, has_children, expanded, weight, module, link_title, options, customized, updated) VALUES ('navigation', '14', 'user/%/cancel', '0', '0', '0', '0', '0', 'system', 'Cancel account', 'a:0:{}', '0', '0');
INSERT INTO d7_menu_links (menu_name, plid, link_path, hidden, external, has_children, expanded, weight, module, link_title, options, customized, updated) VALUES ('management', '8', 'admin/content/node', '-1', '0', '0', '0', '-10', 'system', 'Content', 'a:0:{}', '0', '0');
INSERT INTO d7_menu_links (menu_name, plid, link_path, hidden, external, has_children, expanded, weight, module, link_title, options, customized, updated) VALUES ('management', '7', 'admin/config/content', '0', '0', '0', '0', '-15', 'system', 'Content authoring', 'a:1:{s:10:"attributes";a:1:{s:5:"title";s:53:"Settings related to formatting and authoring content.";}}', '0', '0');
INSERT INTO d7_menu_links (menu_name, plid, link_path, hidden, external, has_children, expanded, weight, module, link_title, options, customized, updated) VALUES ('management', '18', 'admin/structure/types', '0', '0', '0', '0', '0', 'system', 'Content types', 'a:1:{s:10:"attributes";a:1:{s:5:"title";s:92:"Manage content types, including default status, front page promotion, comment settings, etc.";}}', '0', '0');
INSERT INTO d7_menu_links (menu_name, plid, link_path, hidden, external, has_children, expanded, weight, module, link_title, options, customized, updated) VALUES ('navigation', '4', 'node/%/delete', '-1', '0', '0', '0', '1', 'system', 'Delete', 'a:0:{}', '0', '0');
INSERT INTO d7_menu_links (menu_name, plid, link_path, hidden, external, has_children, expanded, weight, module, link_title, options, customized, updated) VALUES ('management', '7', 'admin/config/development', '0', '0', '0', '0', '-10', 'system', 'Development', 'a:1:{s:10:"attributes";a:1:{s:5:"title";s:18:"Development tools.";}}', '0', '0');
INSERT INTO d7_menu_links (menu_name, plid, link_path, hidden, external, has_children, expanded, weight, module, link_title, options, customized, updated) VALUES ('navigation', '14', 'user/%/edit', '-1', '0', '0', '0', '0', 'system', 'Edit', 'a:0:{}', '0', '0');
INSERT INTO d7_menu_links (menu_name, plid, link_path, hidden, external, has_children, expanded, weight, module, link_title, options, customized, updated) VALUES ('navigation', '4', 'node/%/edit', '-1', '0', '0', '0', '0', 'system', 'Edit', 'a:0:{}', '0', '0');
INSERT INTO d7_menu_links (menu_name, plid, link_path, hidden, external, has_children, expanded, weight, module, link_title, options, customized, updated) VALUES ('management', '6', 'admin/appearance/list', '-1', '0', '0', '0', '-1', 'system', 'List', 'a:1:{s:10:"attributes";a:1:{s:5:"title";s:31:"Select and configure your theme";}}', '0', '0');
INSERT INTO d7_menu_links (menu_name, plid, link_path, hidden, external, has_children, expanded, weight, module, link_title, options, customized, updated) VALUES ('management', '13', 'admin/modules/list', '-1', '0', '0', '0', '0', 'system', 'List', 'a:0:{}', '0', '0');
INSERT INTO d7_menu_links (menu_name, plid, link_path, hidden, external, has_children, expanded, weight, module, link_title, options, customized, updated) VALUES ('management', '15', 'admin/people/people', '-1', '0', '0', '0', '-10', 'system', 'List', 'a:1:{s:10:"attributes";a:1:{s:5:"title";s:50:"Find and manage people interacting with your site.";}}', '0', '0');
INSERT INTO d7_menu_links (menu_name, plid, link_path, hidden, external, has_children, expanded, weight, module, link_title, options, customized, updated) VALUES ('management', '7', 'admin/config/media', '0', '0', '0', '0', '-10', 'system', 'Media', 'a:1:{s:10:"attributes";a:1:{s:5:"title";s:12:"Media tools.";}}', '0', '0');
INSERT INTO d7_menu_links (menu_name, plid, link_path, hidden, external, has_children, expanded, weight, module, link_title, options, customized, updated) VALUES ('management', '7', 'admin/config/people', '0', '0', '0', '0', '-20', 'system', 'People', 'a:1:{s:10:"attributes";a:1:{s:5:"title";s:24:"Configure user accounts.";}}', '0', '0');
INSERT INTO d7_menu_links (menu_name, plid, link_path, hidden, external, has_children, expanded, weight, module, link_title, options, customized, updated) VALUES ('management', '15', 'admin/people/permissions', '-1', '0', '0', '0', '0', 'system', 'Permissions', 'a:1:{s:10:"attributes";a:1:{s:5:"title";s:64:"Determine access to features by selecting permissions for roles.";}}', '0', '0');
INSERT INTO d7_menu_links (menu_name, plid, link_path, hidden, external, has_children, expanded, weight, module, link_title, options, customized, updated) VALUES ('management', '16', 'admin/reports/dblog', '0', '0', '0', '0', '-1', 'system', 'Recent log messages', 'a:1:{s:10:"attributes";a:1:{s:5:"title";s:43:"View events that have recently been logged.";}}', '0', '0');
INSERT INTO d7_menu_links (menu_name, plid, link_path, hidden, external, has_children, expanded, weight, module, link_title, options, customized, updated) VALUES ('management', '7', 'admin/config/regional', '0', '0', '0', '0', '-5', 'system', 'Regional and language', 'a:1:{s:10:"attributes";a:1:{s:5:"title";s:48:"Regional settings, localization and translation.";}}', '0', '0');
INSERT INTO d7_menu_links (menu_name, plid, link_path, hidden, external, has_children, expanded, weight, module, link_title, options, customized, updated) VALUES ('navigation', '4', 'node/%/revisions', '-1', '0', '0', '0', '2', 'system', 'Revisions', 'a:0:{}', '0', '0');
INSERT INTO d7_menu_links (menu_name, plid, link_path, hidden, external, has_children, expanded, weight, module, link_title, options, customized, updated) VALUES ('management', '7', 'admin/config/search', '0', '0', '0', '0', '-10', 'system', 'Search and metadata', 'a:1:{s:10:"attributes";a:1:{s:5:"title";s:36:"Local site search, metadata and SEO.";}}', '0', '0');
INSERT INTO d7_menu_links (menu_name, plid, link_path, hidden, external, has_children, expanded, weight, module, link_title, options, customized, updated) VALUES ('management', '6', 'admin/appearance/settings', '-1', '0', '0', '0', '20', 'system', 'Settings', 'a:1:{s:10:"attributes";a:1:{s:5:"title";s:46:"Configure default and theme specific settings.";}}', '0', '0');
INSERT INTO d7_menu_links (menu_name, plid, link_path, hidden, external, has_children, expanded, weight, module, link_title, options, customized, updated) VALUES ('management', '16', 'admin/reports/status', '0', '0', '0', '0', '-60', 'system', 'Status report', 'a:1:{s:10:"attributes";a:1:{s:5:"title";s:74:"Get a status report about your site''s operation and any detected problems.";}}', '0', '0');
INSERT INTO d7_menu_links (menu_name, plid, link_path, hidden, external, has_children, expanded, weight, module, link_title, options, customized, updated) VALUES ('management', '7', 'admin/config/system', '0', '0', '0', '0', '-20', 'system', 'System', 'a:1:{s:10:"attributes";a:1:{s:5:"title";s:37:"General system related configuration.";}}', '0', '0');
INSERT INTO d7_menu_links (menu_name, plid, link_path, hidden, external, has_children, expanded, weight, module, link_title, options, customized, updated) VALUES ('management', '16', 'admin/reports/access-denied', '0', '0', '0', '0', '0', 'system', 'Top ''access denied'' errors', 'a:1:{s:10:"attributes";a:1:{s:5:"title";s:35:"View ''access denied'' errors (403s).";}}', '0', '0');
INSERT INTO d7_menu_links (menu_name, plid, link_path, hidden, external, has_children, expanded, weight, module, link_title, options, customized, updated) VALUES ('management', '16', 'admin/reports/page-not-found', '0', '0', '0', '0', '0', 'system', 'Top ''page not found'' errors', 'a:1:{s:10:"attributes";a:1:{s:5:"title";s:36:"View ''page not found'' errors (404s).";}}', '0', '0');
INSERT INTO d7_menu_links (menu_name, plid, link_path, hidden, external, has_children, expanded, weight, module, link_title, options, customized, updated) VALUES ('management', '13', 'admin/modules/uninstall', '-1', '0', '0', '0', '20', 'system', 'Uninstall', 'a:0:{}', '0', '0');
INSERT INTO d7_menu_links (menu_name, plid, link_path, hidden, external, has_children, expanded, weight, module, link_title, options, customized, updated) VALUES ('management', '7', 'admin/config/user-interface', '0', '0', '0', '0', '-15', 'system', 'User interface', 'a:1:{s:10:"attributes";a:1:{s:5:"title";s:38:"Tools that enhance the user interface.";}}', '0', '0');
INSERT INTO d7_menu_links (menu_name, plid, link_path, hidden, external, has_children, expanded, weight, module, link_title, options, customized, updated) VALUES ('navigation', '4', 'node/%/view', '-1', '0', '0', '0', '-10', 'system', 'View', 'a:0:{}', '0', '0');
INSERT INTO d7_menu_links (menu_name, plid, link_path, hidden, external, has_children, expanded, weight, module, link_title, options, customized, updated) VALUES ('navigation', '14', 'user/%/view', '-1', '0', '0', '0', '-10', 'system', 'View', 'a:0:{}', '0', '0');
INSERT INTO d7_menu_links (menu_name, plid, link_path, hidden, external, has_children, expanded, weight, module, link_title, options, customized, updated) VALUES ('management', '7', 'admin/config/services', '0', '0', '0', '0', '0', 'system', 'Web services', 'a:1:{s:10:"attributes";a:1:{s:5:"title";s:30:"Tools related to web services.";}}', '0', '0');
INSERT INTO d7_menu_links (menu_name, plid, link_path, hidden, external, has_children, expanded, weight, module, link_title, options, customized, updated) VALUES ('management', '7', 'admin/config/workflow', '0', '0', '0', '0', '5', 'system', 'Workflow', 'a:1:{s:10:"attributes";a:1:{s:5:"title";s:43:"Content workflow, editorial workflow tools.";}}', '0', '0');
INSERT INTO d7_menu_links (menu_name, plid, link_path, hidden, external, has_children, expanded, weight, module, link_title, options, customized, updated) VALUES ('management', '34', 'admin/config/people/accounts', '0', '0', '0', '0', '-10', 'system', 'Account settings', 'a:1:{s:10:"attributes";a:1:{s:5:"title";s:109:"Configure default behavior of users, including registration requirements, e-mails, fields, and user pictures.";}}', '0', '0');
INSERT INTO d7_menu_links (menu_name, plid, link_path, hidden, external, has_children, expanded, weight, module, link_title, options, customized, updated) VALUES ('management', '42', 'admin/config/system/actions', '0', '0', '0', '0', '0', 'system', 'Actions', 'a:1:{s:10:"attributes";a:1:{s:5:"title";s:41:"Manage the actions defined for your site.";}}', '0', '0');
INSERT INTO d7_menu_links (menu_name, plid, link_path, hidden, external, has_children, expanded, weight, module, link_title, options, customized, updated) VALUES ('management', '21', 'admin/structure/block/add', '-1', '0', '0', '0', '0', 'system', 'Add block', 'a:0:{}', '0', '0');
INSERT INTO d7_menu_links (menu_name, plid, link_path, hidden, external, has_children, expanded, weight, module, link_title, options, customized, updated) VALUES ('management', '25', 'admin/structure/types/add', '-1', '0', '0', '0', '0', 'system', 'Add content type', 'a:0:{}', '0', '0');
INSERT INTO d7_menu_links (menu_name, plid, link_path, hidden, external, has_children, expanded, weight, module, link_title, options, customized, updated) VALUES ('management', '40', 'admin/appearance/settings/bartik', '-1', '0', '0', '0', '0', 'system', 'Bartik', 'a:0:{}', '0', '0');
INSERT INTO d7_menu_links (menu_name, plid, link_path, hidden, external, has_children, expanded, weight, module, link_title, options, customized, updated) VALUES ('management', '39', 'admin/config/search/clean-urls', '0', '0', '0', '0', '5', 'system', 'Clean URLs', 'a:1:{s:10:"attributes";a:1:{s:5:"title";s:43:"Enable or disable clean URLs for your site.";}}', '0', '0');
INSERT INTO d7_menu_links (menu_name, plid, link_path, hidden, external, has_children, expanded, weight, module, link_title, options, customized, updated) VALUES ('management', '42', 'admin/config/system/cron', '0', '0', '0', '0', '20', 'system', 'Cron', 'a:1:{s:10:"attributes";a:1:{s:5:"title";s:40:"Manage automatic site maintenance tasks.";}}', '0', '0');
INSERT INTO d7_menu_links (menu_name, plid, link_path, hidden, external, has_children, expanded, weight, module, link_title, options, customized, updated) VALUES ('management', '37', 'admin/config/regional/date-time', '0', '0', '0', '0', '-15', 'system', 'Date and time', 'a:1:{s:10:"attributes";a:1:{s:5:"title";s:44:"Configure display formats for date and time.";}}', '0', '0');
INSERT INTO d7_menu_links (menu_name, plid, link_path, hidden, external, has_children, expanded, weight, module, link_title, options, customized, updated) VALUES ('management', '16', 'admin/reports/event/%', '0', '0', '0', '0', '0', 'system', 'Details', 'a:0:{}', '0', '0');
INSERT INTO d7_menu_links (menu_name, plid, link_path, hidden, external, has_children, expanded, weight, module, link_title, options, customized, updated) VALUES ('management', '33', 'admin/config/media/file-system', '0', '0', '0', '0', '-10', 'system', 'File system', 'a:1:{s:10:"attributes";a:1:{s:5:"title";s:68:"Tell Drupal where to store uploaded files and how they are accessed.";}}', '0', '0');
INSERT INTO d7_menu_links (menu_name, plid, link_path, hidden, external, has_children, expanded, weight, module, link_title, options, customized, updated) VALUES ('management', '40', 'admin/appearance/settings/garland', '-1', '0', '0', '0', '0', 'system', 'Garland', 'a:0:{}', '0', '0');
INSERT INTO d7_menu_links (menu_name, plid, link_path, hidden, external, has_children, expanded, weight, module, link_title, options, customized, updated) VALUES ('management', '40', 'admin/appearance/settings/global', '-1', '0', '0', '0', '-1', 'system', 'Global settings', 'a:0:{}', '0', '0');
INSERT INTO d7_menu_links (menu_name, plid, link_path, hidden, external, has_children, expanded, weight, module, link_title, options, customized, updated) VALUES ('management', '34', 'admin/config/people/ip-blocking', '0', '0', '0', '0', '10', 'system', 'IP address blocking', 'a:1:{s:10:"attributes";a:1:{s:5:"title";s:28:"Manage blocked IP addresses.";}}', '0', '0');
INSERT INTO d7_menu_links (menu_name, plid, link_path, hidden, external, has_children, expanded, weight, module, link_title, options, customized, updated) VALUES ('management', '33', 'admin/config/media/image-toolkit', '0', '0', '0', '0', '20', 'system', 'Image toolkit', 'a:1:{s:10:"attributes";a:1:{s:5:"title";s:74:"Choose which image toolkit to use if you have installed optional toolkits.";}}', '0', '0');
INSERT INTO d7_menu_links (menu_name, plid, link_path, hidden, external, has_children, expanded, weight, module, link_title, options, customized, updated) VALUES ('management', '31', 'admin/modules/list/confirm', '-1', '0', '0', '0', '0', 'system', 'List', 'a:0:{}', '0', '0');
INSERT INTO d7_menu_links (menu_name, plid, link_path, hidden, external, has_children, expanded, weight, module, link_title, options, customized, updated) VALUES ('management', '25', 'admin/structure/types/list', '-1', '0', '0', '0', '-10', 'system', 'List', 'a:0:{}', '0', '0');
INSERT INTO d7_menu_links (menu_name, plid, link_path, hidden, external, has_children, expanded, weight, module, link_title, options, customized, updated) VALUES ('management', '27', 'admin/config/development/logging', '0', '0', '0', '0', '-15', 'system', 'Logging and errors', 'a:1:{s:10:"attributes";a:1:{s:5:"title";s:154:"Settings for logging and alerts modules. Various modules can route Drupal''s system events to different destinations, such as syslog, database, email, etc.";}}', '0', '0');
INSERT INTO d7_menu_links (menu_name, plid, link_path, hidden, external, has_children, expanded, weight, module, link_title, options, customized, updated) VALUES ('management', '27', 'admin/config/development/maintenance', '0', '0', '0', '0', '-10', 'system', 'Maintenance mode', 'a:1:{s:10:"attributes";a:1:{s:5:"title";s:62:"Take the site offline for maintenance or bring it back online.";}}', '0', '0');
INSERT INTO d7_menu_links (menu_name, plid, link_path, hidden, external, has_children, expanded, weight, module, link_title, options, customized, updated) VALUES ('management', '27', 'admin/config/development/performance', '0', '0', '0', '0', '-20', 'system', 'Performance', 'a:1:{s:10:"attributes";a:1:{s:5:"title";s:101:"Enable or disable page caching for anonymous users and set CSS and JS bandwidth optimization options.";}}', '0', '0');
INSERT INTO d7_menu_links (menu_name, plid, link_path, hidden, external, has_children, expanded, weight, module, link_title, options, customized, updated) VALUES ('management', '35', 'admin/people/permissions/list', '-1', '0', '0', '0', '-8', 'system', 'Permissions', 'a:1:{s:10:"attributes";a:1:{s:5:"title";s:64:"Determine access to features by selecting permissions for roles.";}}', '0', '0');
INSERT INTO d7_menu_links (menu_name, plid, link_path, hidden, external, has_children, expanded, weight, module, link_title, options, customized, updated) VALUES ('management', '49', 'admin/config/services/rss-publishing', '0', '0', '0', '0', '0', 'system', 'RSS publishing', 'a:1:{s:10:"attributes";a:1:{s:5:"title";s:114:"Configure the site description, the number of items per feed and whether feeds should be titles/teasers/full-text.";}}', '0', '0');
INSERT INTO d7_menu_links (menu_name, plid, link_path, hidden, external, has_children, expanded, weight, module, link_title, options, customized, updated) VALUES ('management', '37', 'admin/config/regional/settings', '0', '0', '0', '0', '-20', 'system', 'Regional settings', 'a:1:{s:10:"attributes";a:1:{s:5:"title";s:54:"Settings for the site''s default time zone and country.";}}', '0', '0');
INSERT INTO d7_menu_links (menu_name, plid, link_path, hidden, external, has_children, expanded, weight, module, link_title, options, customized, updated) VALUES ('management', '35', 'admin/people/permissions/roles', '-1', '0', '0', '0', '-5', 'system', 'Roles', 'a:1:{s:10:"attributes";a:1:{s:5:"title";s:30:"List, edit, or add user roles.";}}', '0', '0');
INSERT INTO d7_menu_links (menu_name, plid, link_path, hidden, external, has_children, expanded, weight, module, link_title, options, customized, updated) VALUES ('management', '40', 'admin/appearance/settings/seven', '-1', '0', '0', '0', '0', 'system', 'Seven', 'a:0:{}', '0', '0');
INSERT INTO d7_menu_links (menu_name, plid, link_path, hidden, external, has_children, expanded, weight, module, link_title, options, customized, updated) VALUES ('management', '42', 'admin/config/system/site-information', '0', '0', '0', '0', '-20', 'system', 'Site information', 'a:1:{s:10:"attributes";a:1:{s:5:"title";s:104:"Change site name, e-mail address, slogan, default front page, and number of posts per page, error pages.";}}', '0', '0');
INSERT INTO d7_menu_links (menu_name, plid, link_path, hidden, external, has_children, expanded, weight, module, link_title, options, customized, updated) VALUES ('management', '40', 'admin/appearance/settings/stark', '-1', '0', '0', '0', '0', 'system', 'Stark', 'a:0:{}', '0', '0');
INSERT INTO d7_menu_links (menu_name, plid, link_path, hidden, external, has_children, expanded, weight, module, link_title, options, customized, updated) VALUES ('management', '40', 'admin/appearance/settings/test_theme', '-1', '0', '0', '0', '0', 'system', 'Test theme', 'a:0:{}', '0', '0');
INSERT INTO d7_menu_links (menu_name, plid, link_path, hidden, external, has_children, expanded, weight, module, link_title, options, customized, updated) VALUES ('management', '24', 'admin/config/content/formats', '0', '0', '0', '0', '0', 'system', 'Text formats', 'a:1:{s:10:"attributes";a:1:{s:5:"title";s:127:"Configure how content input by users is filtered, including allowed HTML tags. Also allows enabling of module-provided filters.";}}', '0', '0');
INSERT INTO d7_menu_links (menu_name, plid, link_path, hidden, external, has_children, expanded, weight, module, link_title, options, customized, updated) VALUES ('management', '45', 'admin/modules/uninstall/confirm', '-1', '0', '0', '0', '0', 'system', 'Uninstall', 'a:0:{}', '0', '0');
INSERT INTO d7_menu_links (menu_name, plid, link_path, hidden, external, has_children, expanded, weight, module, link_title, options, customized, updated) VALUES ('management', '40', 'admin/appearance/settings/update_test_basetheme', '-1', '0', '0', '0', '0', 'system', 'Update test base theme', 'a:0:{}', '0', '0');
INSERT INTO d7_menu_links (menu_name, plid, link_path, hidden, external, has_children, expanded, weight, module, link_title, options, customized, updated) VALUES ('management', '40', 'admin/appearance/settings/update_test_subtheme', '-1', '0', '0', '0', '0', 'system', 'Update test subtheme', 'a:0:{}', '0', '0');
INSERT INTO d7_menu_links (menu_name, plid, link_path, hidden, external, has_children, expanded, weight, module, link_title, options, customized, updated) VALUES ('navigation', '28', 'user/%/edit/account', '-1', '0', '0', '0', '0', 'system', 'Account', 'a:0:{}', '0', '0');
INSERT INTO d7_menu_links (menu_name, plid, link_path, hidden, external, has_children, expanded, weight, module, link_title, options, customized, updated) VALUES ('management', '78', 'admin/config/content/formats/%', '0', '0', '0', '0', '0', 'system', '', 'a:0:{}', '0', '0');
INSERT INTO d7_menu_links (menu_name, plid, link_path, hidden, external, has_children, expanded, weight, module, link_title, options, customized, updated) VALUES ('management', '78', 'admin/config/content/formats/add', '-1', '0', '0', '0', '1', 'system', 'Add text format', 'a:0:{}', '0', '0');
INSERT INTO d7_menu_links (menu_name, plid, link_path, hidden, external, has_children, expanded, weight, module, link_title, options, customized, updated) VALUES ('management', '21', 'admin/structure/block/list/bartik', '-1', '0', '0', '0', '-10', 'system', 'Bartik', 'a:0:{}', '0', '0');
INSERT INTO d7_menu_links (menu_name, plid, link_path, hidden, external, has_children, expanded, weight, module, link_title, options, customized, updated) VALUES ('management', '52', 'admin/config/system/actions/configure', '-1', '0', '0', '0', '0', 'system', 'Configure an advanced action', 'a:0:{}', '0', '0');
INSERT INTO d7_menu_links (menu_name, plid, link_path, hidden, external, has_children, expanded, weight, module, link_title, options, customized, updated) VALUES ('management', '25', 'admin/structure/types/manage/%', '0', '0', '0', '0', '0', 'system', 'Edit content type', 'a:0:{}', '0', '0');
INSERT INTO d7_menu_links (menu_name, plid, link_path, hidden, external, has_children, expanded, weight, module, link_title, options, customized, updated) VALUES ('management', '58', 'admin/config/regional/date-time/formats', '-1', '0', '0', '0', '-9', 'system', 'Formats', 'a:1:{s:10:"attributes";a:1:{s:5:"title";s:51:"Configure display format strings for date and time.";}}', '0', '0');
INSERT INTO d7_menu_links (menu_name, plid, link_path, hidden, external, has_children, expanded, weight, module, link_title, options, customized, updated) VALUES ('management', '21', 'admin/structure/block/list/garland', '-1', '0', '0', '0', '0', 'system', 'Garland', 'a:0:{}', '0', '0');
INSERT INTO d7_menu_links (menu_name, plid, link_path, hidden, external, has_children, expanded, weight, module, link_title, options, customized, updated) VALUES ('management', '78', 'admin/config/content/formats/list', '-1', '0', '0', '0', '0', 'system', 'List', 'a:0:{}', '0', '0');
INSERT INTO d7_menu_links (menu_name, plid, link_path, hidden, external, has_children, expanded, weight, module, link_title, options, customized, updated) VALUES ('management', '52', 'admin/config/system/actions/manage', '-1', '0', '0', '0', '-2', 'system', 'Manage actions', 'a:1:{s:10:"attributes";a:1:{s:5:"title";s:41:"Manage the actions defined for your site.";}}', '0', '0');
INSERT INTO d7_menu_links (menu_name, plid, link_path, hidden, external, has_children, expanded, weight, module, link_title, options, customized, updated) VALUES ('management', '51', 'admin/config/people/accounts/settings', '-1', '0', '0', '0', '-10', 'system', 'Settings', 'a:0:{}', '0', '0');
INSERT INTO d7_menu_links (menu_name, plid, link_path, hidden, external, has_children, expanded, weight, module, link_title, options, customized, updated) VALUES ('management', '21', 'admin/structure/block/list/seven', '-1', '0', '0', '0', '0', 'system', 'Seven', 'a:0:{}', '0', '0');
INSERT INTO d7_menu_links (menu_name, plid, link_path, hidden, external, has_children, expanded, weight, module, link_title, options, customized, updated) VALUES ('management', '21', 'admin/structure/block/list/stark', '-1', '0', '0', '0', '0', 'system', 'Stark', 'a:0:{}', '0', '0');
INSERT INTO d7_menu_links (menu_name, plid, link_path, hidden, external, has_children, expanded, weight, module, link_title, options, customized, updated) VALUES ('management', '21', 'admin/structure/block/list/test_theme', '-1', '0', '0', '0', '0', 'system', 'Test theme', 'a:0:{}', '0', '0');
INSERT INTO d7_menu_links (menu_name, plid, link_path, hidden, external, has_children, expanded, weight, module, link_title, options, customized, updated) VALUES ('management', '58', 'admin/config/regional/date-time/types', '-1', '0', '0', '0', '-10', 'system', 'Types', 'a:1:{s:10:"attributes";a:1:{s:5:"title";s:44:"Configure display formats for date and time.";}}', '0', '0');
INSERT INTO d7_menu_links (menu_name, plid, link_path, hidden, external, has_children, expanded, weight, module, link_title, options, customized, updated) VALUES ('management', '21', 'admin/structure/block/list/update_test_basetheme', '-1', '0', '0', '0', '0', 'system', 'Update test base theme', 'a:0:{}', '0', '0');
INSERT INTO d7_menu_links (menu_name, plid, link_path, hidden, external, has_children, expanded, weight, module, link_title, options, customized, updated) VALUES ('management', '21', 'admin/structure/block/list/update_test_subtheme', '-1', '0', '0', '0', '0', 'system', 'Update test subtheme', 'a:0:{}', '0', '0');
INSERT INTO d7_menu_links (menu_name, plid, link_path, hidden, external, has_children, expanded, weight, module, link_title, options, customized, updated) VALUES ('navigation', '38', 'node/%/revisions/%/delete', '0', '0', '0', '0', '0', 'system', 'Delete earlier revision', 'a:0:{}', '0', '0');
INSERT INTO d7_menu_links (menu_name, plid, link_path, hidden, external, has_children, expanded, weight, module, link_title, options, customized, updated) VALUES ('navigation', '38', 'node/%/revisions/%/revert', '0', '0', '0', '0', '0', 'system', 'Revert to earlier revision', 'a:0:{}', '0', '0');
INSERT INTO d7_menu_links (menu_name, plid, link_path, hidden, external, has_children, expanded, weight, module, link_title, options, customized, updated) VALUES ('navigation', '38', 'node/%/revisions/%/view', '0', '0', '0', '0', '0', 'system', 'Revisions', 'a:0:{}', '0', '0');
INSERT INTO d7_menu_links (menu_name, plid, link_path, hidden, external, has_children, expanded, weight, module, link_title, options, customized, updated) VALUES ('management', '89', 'admin/structure/block/list/garland/add', '-1', '0', '0', '0', '0', 'system', 'Add block', 'a:0:{}', '0', '0');
INSERT INTO d7_menu_links (menu_name, plid, link_path, hidden, external, has_children, expanded, weight, module, link_title, options, customized, updated) VALUES ('management', '93', 'admin/structure/block/list/seven/add', '-1', '0', '0', '0', '0', 'system', 'Add block', 'a:0:{}', '0', '0');
INSERT INTO d7_menu_links (menu_name, plid, link_path, hidden, external, has_children, expanded, weight, module, link_title, options, customized, updated) VALUES ('management', '94', 'admin/structure/block/list/stark/add', '-1', '0', '0', '0', '0', 'system', 'Add block', 'a:0:{}', '0', '0');
INSERT INTO d7_menu_links (menu_name, plid, link_path, hidden, external, has_children, expanded, weight, module, link_title, options, customized, updated) VALUES ('management', '95', 'admin/structure/block/list/test_theme/add', '-1', '0', '0', '0', '0', 'system', 'Add block', 'a:0:{}', '0', '0');
INSERT INTO d7_menu_links (menu_name, plid, link_path, hidden, external, has_children, expanded, weight, module, link_title, options, customized, updated) VALUES ('management', '97', 'admin/structure/block/list/update_test_basetheme/add', '-1', '0', '0', '0', '0', 'system', 'Add block', 'a:0:{}', '0', '0');
INSERT INTO d7_menu_links (menu_name, plid, link_path, hidden, external, has_children, expanded, weight, module, link_title, options, customized, updated) VALUES ('management', '98', 'admin/structure/block/list/update_test_subtheme/add', '-1', '0', '0', '0', '0', 'system', 'Add block', 'a:0:{}', '0', '0');
INSERT INTO d7_menu_links (menu_name, plid, link_path, hidden, external, has_children, expanded, weight, module, link_title, options, customized, updated) VALUES ('management', '96', 'admin/config/regional/date-time/types/add', '-1', '0', '0', '0', '-10', 'system', 'Add date type', 'a:1:{s:10:"attributes";a:1:{s:5:"title";s:18:"Add new date type.";}}', '0', '0');
INSERT INTO d7_menu_links (menu_name, plid, link_path, hidden, external, has_children, expanded, weight, module, link_title, options, customized, updated) VALUES ('management', '88', 'admin/config/regional/date-time/formats/add', '-1', '0', '0', '0', '-10', 'system', 'Add format', 'a:1:{s:10:"attributes";a:1:{s:5:"title";s:43:"Allow users to add additional date formats.";}}', '0', '0');
INSERT INTO d7_menu_links (menu_name, plid, link_path, hidden, external, has_children, expanded, weight, module, link_title, options, customized, updated) VALUES ('management', '21', 'admin/structure/block/manage/%/%', '0', '0', '0', '0', '0', 'system', 'Configure block', 'a:0:{}', '0', '0');
INSERT INTO d7_menu_links (menu_name, plid, link_path, hidden, external, has_children, expanded, weight, module, link_title, options, customized, updated) VALUES ('navigation', '22', 'user/%/cancel/confirm/%/%', '0', '0', '0', '0', '0', 'system', 'Confirm account cancellation', 'a:0:{}', '0', '0');
INSERT INTO d7_menu_links (menu_name, plid, link_path, hidden, external, has_children, expanded, weight, module, link_title, options, customized, updated) VALUES ('management', '87', 'admin/structure/types/manage/%/delete', '0', '0', '0', '0', '0', 'system', 'Delete', 'a:0:{}', '0', '0');
INSERT INTO d7_menu_links (menu_name, plid, link_path, hidden, external, has_children, expanded, weight, module, link_title, options, customized, updated) VALUES ('management', '63', 'admin/config/people/ip-blocking/delete/%', '0', '0', '0', '0', '0', 'system', 'Delete IP address', 'a:0:{}', '0', '0');
INSERT INTO d7_menu_links (menu_name, plid, link_path, hidden, external, has_children, expanded, weight, module, link_title, options, customized, updated) VALUES ('management', '52', 'admin/config/system/actions/delete/%', '0', '0', '0', '0', '0', 'system', 'Delete action', 'a:1:{s:10:"attributes";a:1:{s:5:"title";s:17:"Delete an action.";}}', '0', '0');
INSERT INTO d7_menu_links (menu_name, plid, link_path, hidden, external, has_children, expanded, weight, module, link_title, options, customized, updated) VALUES ('management', '73', 'admin/people/permissions/roles/delete/%', '0', '0', '0', '0', '0', 'system', 'Delete role', 'a:0:{}', '0', '0');
INSERT INTO d7_menu_links (menu_name, plid, link_path, hidden, external, has_children, expanded, weight, module, link_title, options, customized, updated) VALUES ('management', '83', 'admin/config/content/formats/%/disable', '0', '0', '0', '0', '0', 'system', 'Disable text format', 'a:0:{}', '0', '0');
INSERT INTO d7_menu_links (menu_name, plid, link_path, hidden, external, has_children, expanded, weight, module, link_title, options, customized, updated) VALUES ('management', '87', 'admin/structure/types/manage/%/edit', '-1', '0', '0', '0', '0', 'system', 'Edit', 'a:0:{}', '0', '0');
INSERT INTO d7_menu_links (menu_name, plid, link_path, hidden, external, has_children, expanded, weight, module, link_title, options, customized, updated) VALUES ('management', '73', 'admin/people/permissions/roles/edit/%', '0', '0', '0', '0', '0', 'system', 'Edit role', 'a:0:{}', '0', '0');
INSERT INTO d7_menu_links (menu_name, plid, link_path, hidden, external, has_children, expanded, weight, module, link_title, options, customized, updated) VALUES ('management', '110', 'admin/structure/block/manage/%/%/configure', '-1', '0', '0', '0', '0', 'system', 'Configure block', 'a:0:{}', '0', '0');
INSERT INTO d7_menu_links (menu_name, plid, link_path, hidden, external, has_children, expanded, weight, module, link_title, options, customized, updated) VALUES ('management', '110', 'admin/structure/block/manage/%/%/delete', '-1', '0', '0', '0', '0', 'system', 'Delete block', 'a:0:{}', '0', '0');
INSERT INTO d7_menu_links (menu_name, plid, link_path, hidden, external, has_children, expanded, weight, module, link_title, options, customized, updated) VALUES ('management', '88', 'admin/config/regional/date-time/formats/%/delete', '0', '0', '0', '0', '0', 'system', 'Delete date format', 'a:1:{s:10:"attributes";a:1:{s:5:"title";s:47:"Allow users to delete a configured date format.";}}', '0', '0');
INSERT INTO d7_menu_links (menu_name, plid, link_path, hidden, external, has_children, expanded, weight, module, link_title, options, customized, updated) VALUES ('management', '96', 'admin/config/regional/date-time/types/%/delete', '0', '0', '0', '0', '0', 'system', 'Delete date type', 'a:1:{s:10:"attributes";a:1:{s:5:"title";s:45:"Allow users to delete a configured date type.";}}', '0', '0');
INSERT INTO d7_menu_links (menu_name, plid, link_path, hidden, external, has_children, expanded, weight, module, link_title, options, customized, updated) VALUES ('management', '88', 'admin/config/regional/date-time/formats/%/edit', '0', '0', '0', '0', '0', 'system', 'Edit date format', 'a:1:{s:10:"attributes";a:1:{s:5:"title";s:45:"Allow users to edit a configured date format.";}}', '0', '0');
INSERT INTO d7_watchdog (uid, type, message, variables, severity, link, location, referer, hostname, timestamp) VALUES ('0', 'menu', '%type: !message in %function (line %line of %file).', 'a:6:{s:5:"%type";s:12:"PDOException";s:8:"!message";s:508:"SQLSTATE[42000]: Syntax error or access violation: 1 Error occured while executing query &#039;UPDATE d_variable set NAME=&#039;hi&#039; WHERE 0=1;&#039;: The table &#039;d_variable&#039; does not exist.
 ([1] at /home/doug/dev/parelastic/pdo_parelastic/parelastic_statement.c:93): SELECT ml.*, m.*, ml.weight AS link_weight
FROM 
{menu_links} ml
LEFT OUTER JOIN {menu_router} m ON m.path = ml.router_path
WHERE  (ml.mlid = :db_condition_placeholder_0) ; Array
(
    [:db_condition_placeholder_0] =&gt; 25
)
";s:9:"%function";s:16:"menu_link_load()";s:5:"%file";s:37:"/var/www/drupal-7.4/includes/menu.inc";s:5:"%line";i:2515;s:14:"severity_level";i:3;}', '3', '', 'http://localhost/drupal-7.4/install.php?profile=minimal&locale=en&id=1&op=finished', 'http://localhost/drupal-7.4/install.php?profile=minimal&locale=en&op=start&id=1', '127.0.0.1', '1311348919');
